ISO-10303-21;
HEADER;
FILE_DESCRIPTION (( 'STEP AP214' ),
    '1' );
FILE_NAME ('Датчик газа MQ6 (пропан, бутан).STEP',
    '2015-09-27T15:24:28',
    ( '' ),
    ( '' ),
    'SwSTEP 2.0',
    'SolidWorks 2015',
    '' );
FILE_SCHEMA (( 'AUTOMOTIVE_DESIGN' ));
ENDSEC;

DATA;
#1 = VECTOR ( 'NONE', #4251, 1000.000000000000000 ) ;
#2 = CARTESIAN_POINT ( 'NONE',  ( 12.00000000000005300, -2.500000000000000000, -1.499999999999998200 ) ) ;
#3 = FACE_OUTER_BOUND ( 'NONE', #3825, .T. ) ;
#4 = ORIENTED_EDGE ( 'NONE', *, *, #1072, .T. ) ;
#5 = PLANE ( 'NONE',  #142 ) ;
#6 = COLOUR_RGB ( '',0.8980392156862745400, 0.8980392156862745400, 0.8980392156862745400 ) ;
#7 = CARTESIAN_POINT ( 'NONE',  ( 3.600000000000001000, -5.000000000000000000, 3.000000000000007100 ) ) ;
#8 = CARTESIAN_POINT ( 'NONE',  ( -13.49999999999999800, 1.500000000000000000, -7.499999999999994700 ) ) ;
#9 = PLANE ( 'NONE',  #1602 ) ;
#10 = PRESENTATION_LAYER_ASSIGNMENT (  '', '', ( #6643 ) ) ;
#11 = EDGE_CURVE ( 'NONE', #3878, #3791, #5781, .T. ) ;
#12 = CYLINDRICAL_SURFACE ( 'NONE', #1805, 1.499999999999996900 ) ;
#13 = COLOUR_RGB ( '',0.8980392156862745400, 0.8980392156862745400, 0.8980392156862745400 ) ;
#14 = ORIENTED_EDGE ( 'NONE', *, *, #5001, .F. ) ;
#15 = EDGE_LOOP ( 'NONE', ( #683, #1142, #6176, #4715 ) ) ;
#16 = DIRECTION ( 'NONE',  ( 1.000000000000000000, 0.0000000000000000000, 0.0000000000000000000 ) ) ;
#17 = DIRECTION ( 'NONE',  ( -0.0000000000000000000, 1.000000000000000000, -0.0000000000000000000 ) ) ;
#18 = CARTESIAN_POINT ( 'NONE',  ( -9.882335357453893500, 0.0000000000000000000, -3.783294761366649900 ) ) ;
#19 = CARTESIAN_POINT ( 'NONE',  ( 12.50000000000007800, 1.500000000000000000, -3.999999999999998200 ) ) ;
#20 = DIRECTION ( 'NONE',  ( 0.8498136422762455600, 0.0000000000000000000, -0.5270832698930799600 ) ) ;
#21 = ORIENTED_EDGE ( 'NONE', *, *, #5419, .F. ) ;
#22 = PRESENTATION_STYLE_ASSIGNMENT (( #3953 ) ) ;
#23 = ORIENTED_EDGE ( 'NONE', *, *, #5463, .F. ) ;
#24 = PLANE ( 'NONE',  #553 ) ;
#25 = LINE ( 'NONE', #3882, #6834 ) ;
#26 = CIRCLE ( 'NONE', #1490, 0.7499999999999486000 ) ;
#27 = PRESENTATION_LAYER_ASSIGNMENT (  '', '', ( #6652 ) ) ;
#28 = STYLED_ITEM ( 'NONE', ( #1123 ), #392 ) ;
#29 = LINE ( 'NONE', #2871, #4174 ) ;
#30 =( LENGTH_UNIT ( ) NAMED_UNIT ( * ) SI_UNIT ( .MILLI., .METRE. ) );
#31 = EDGE_CURVE ( 'NONE', #2123, #1926, #1670, .T. ) ;
#32 = ADVANCED_FACE ( 'NONE', ( #2931 ), #3790, .F. ) ;
#33 = EDGE_LOOP ( 'NONE', ( #1320, #1761, #2902, #6912 ) ) ;
#34 = DIRECTION ( 'NONE',  ( 0.0000000000000000000, 1.000000000000000000, 0.0000000000000000000 ) ) ;
#35 = ORIENTED_EDGE ( 'NONE', *, *, #2822, .F. ) ;
#36 = MECHANICAL_DESIGN_GEOMETRIC_PRESENTATION_REPRESENTATION (  '', ( #5921 ), #400 ) ;
#37 = SURFACE_SIDE_STYLE ('',( #5115 ) ) ;
#38 = DIRECTION ( 'NONE',  ( 1.000000000000000000, 0.0000000000000000000, 0.0000000000000000000 ) ) ;
#40 = CARTESIAN_POINT ( 'NONE',  ( 12.50000000000002700, -4.499999999999992900, 1.500000000000000900 ) ) ;
#39 = LINE ( 'NONE', #6073, #3667 ) ;
#41 = CARTESIAN_POINT ( 'NONE',  ( -3.580661583331458300, 0.05000000000000000300, 2.929732241150968100 ) ) ;
#42 = LINE ( 'NONE', #5400, #1327 ) ;
#43 =( LENGTH_UNIT ( ) NAMED_UNIT ( * ) SI_UNIT ( .MILLI., .METRE. ) );
#44 = FILL_AREA_STYLE_COLOUR ( '', #2009 ) ;
#45 = DIRECTION ( 'NONE',  ( 1.000000000000000000, 0.0000000000000000000, 0.0000000000000000000 ) ) ;
#46 = SURFACE_SIDE_STYLE ('',( #6193 ) ) ;
#47 = PLANE ( 'NONE',  #1289 ) ;
#48 = EDGE_LOOP ( 'NONE', ( #2371, #3309, #3429, #829 ) ) ;
#49 = LINE ( 'NONE', #5742, #1989 ) ;
#50 = LINE ( 'NONE', #1042, #1659 ) ;
#51 = ORIENTED_EDGE ( 'NONE', *, *, #1529, .F. ) ;
#52 = FILL_AREA_STYLE_COLOUR ( '', #4898 ) ;
#53 = UNCERTAINTY_MEASURE_WITH_UNIT (LENGTH_MEASURE( 1.000000000000000100E-005 ), #5658, 'distance_accuracy_value', 'NONE');
#54 = VECTOR ( 'NONE', #2257, 1000.000000000000100 ) ;
#55 = LINE ( 'NONE', #737, #2755 ) ;
#56 = PRESENTATION_LAYER_ASSIGNMENT (  '', '', ( #418 ) ) ;
#57 = AXIS2_PLACEMENT_3D ( 'NONE', #4567, #1368, #5111 ) ;
#58 = VECTOR ( 'NONE', #2635, 1000.000000000000000 ) ;
#59 =( LENGTH_UNIT ( ) NAMED_UNIT ( * ) SI_UNIT ( .MILLI., .METRE. ) );
#60 = DIRECTION ( 'NONE',  ( 0.8498136422762459000, -0.0000000000000000000, -0.5270832698930793000 ) ) ;
#61 = LINE ( 'NONE', #5812, #237 ) ;
#62 = DIRECTION ( 'NONE',  ( -0.0000000000000000000, -0.0000000000000000000, -1.000000000000000000 ) ) ;
#63 = EDGE_CURVE ( 'NONE', #1388, #1487, #991, .T. ) ;
#64 = COLOUR_RGB ( '',0.8980392156862745400, 0.8980392156862745400, 0.8980392156862745400 ) ;
#65 = FILL_AREA_STYLE ('',( #5420 ) ) ;
#66 = ORIENTED_EDGE ( 'NONE', *, *, #1272, .F. ) ;
#67 = DIRECTION ( 'NONE',  ( -1.000000000000000000, 0.0000000000000000000, 0.0000000000000000000 ) ) ;
#68 = ORIENTED_EDGE ( 'NONE', *, *, #3447, .F. ) ;
#69 = ORIENTED_EDGE ( 'NONE', *, *, #4501, .T. ) ;
#70 = ADVANCED_FACE ( 'NONE', ( #3691 ), #1762, .F. ) ;
#71 = UNCERTAINTY_MEASURE_WITH_UNIT (LENGTH_MEASURE( 1.000000000000000100E-005 ), #2248, 'distance_accuracy_value', 'NONE');
#72 = CARTESIAN_POINT ( 'NONE',  ( -9.882335357453893500, 0.05000000000000000300, 0.08134923437046887000 ) ) ;
#73 = DIRECTION ( 'NONE',  ( 0.0000000000000000000, 1.000000000000000000, 0.0000000000000000000 ) ) ;
#74 = AXIS2_PLACEMENT_3D ( 'NONE', #3673, #450, #4230 ) ;
#75 = DIRECTION ( 'NONE',  ( 0.0000000000000000000, 1.000000000000000000, 0.0000000000000000000 ) ) ;
#76 = ORIENTED_EDGE ( 'NONE', *, *, #1013, .F. ) ;
#77 = DIRECTION ( 'NONE',  ( -0.0000000000000000000, -1.000000000000000000, -0.0000000000000000000 ) ) ;
#78 = EDGE_LOOP ( 'NONE', ( #4531, #4100, #3100, #6922 ) ) ;
#79 = ORIENTED_EDGE ( 'NONE', *, *, #4005, .F. ) ;
#80 = CARTESIAN_POINT ( 'NONE',  ( -3.800000000000002900, 6.000000000000000000, -9.300000000000000700 ) ) ;
#81 = EDGE_CURVE ( 'NONE', #4534, #3767, #4605, .T. ) ;
#82 = LINE ( 'NONE', #5511, #1361 ) ;
#83 = COLOUR_RGB ( '',0.8980392156862745400, 0.8980392156862745400, 0.8980392156862745400 ) ;
#84 = EDGE_CURVE ( 'NONE', #4961, #2094, #1755, .T. ) ;
#85 = EDGE_CURVE ( 'NONE', #1842, #5655, #3174, .T. ) ;
#86 = AXIS2_PLACEMENT_3D ( 'NONE', #3542, #331, #4102 ) ;
#87 = PLANE ( 'NONE',  #5192 ) ;
#88 = FILL_AREA_STYLE_COLOUR ( '', #6377 ) ;
#89 = FILL_AREA_STYLE_COLOUR ( '', #6043 ) ;
#90 = CARTESIAN_POINT ( 'NONE',  ( -0.3410933151353004500, 0.05000000000000000300, 1.887777753867637000 ) ) ;
#91 = SURFACE_STYLE_USAGE ( .BOTH. , #2249 ) ;
#92 = EDGE_CURVE ( 'NONE', #1969, #654, #4973, .T. ) ;
#93 = DIRECTION ( 'NONE',  ( -0.0000000000000000000, -0.0000000000000000000, 1.000000000000000000 ) ) ;
#94 = AXIS2_PLACEMENT_3D ( 'NONE', #5103, #1877, #5642 ) ;
#95 = DIRECTION ( 'NONE',  ( 0.0000000000000000000, 0.0000000000000000000, -1.000000000000000000 ) ) ;
#96 = DIRECTION ( 'NONE',  ( 0.8494962282757259100, 0.0000000000000000000, -0.5275946911648331500 ) ) ;
#97 = CARTESIAN_POINT ( 'NONE',  ( 0.2089066848647014300, 0.05000000000000000300, 1.240335208870860100 ) ) ;
#98 = FILL_AREA_STYLE ('',( #644 ) ) ;
#99 = LINE ( 'NONE', #3341, #1374 ) ;
#100 = CARTESIAN_POINT ( 'NONE',  ( 12.50000000000000000, -4.499999999999992900, 4.000000000000000000 ) ) ;
#101 = VECTOR ( 'NONE', #6448, 1000.000000000000000 ) ;
#102 = AXIS2_PLACEMENT_3D ( 'NONE', #4760, #3867, #118 ) ;
#103 = MECHANICAL_DESIGN_GEOMETRIC_PRESENTATION_REPRESENTATION (  '', ( #5981 ), #469 ) ;
#104 = SURFACE_STYLE_FILL_AREA ( #1819 ) ;
#105 = ORIENTED_EDGE ( 'NONE', *, *, #3547, .F. ) ;
#106 = ORIENTED_EDGE ( 'NONE', *, *, #6925, .T. ) ;
#107 = ADVANCED_FACE ( 'NONE', ( #2101 ), #4303, .F. ) ;
#108 = LINE ( 'NONE', #6209, #1386 ) ;
#109 = PLANE ( 'NONE',  #373 ) ;
#110 = ORIENTED_EDGE ( 'NONE', *, *, #5353, .F. ) ;
#111 = VECTOR ( 'NONE', #2401, 1000.000000000000000 ) ;
#112 = VECTOR ( 'NONE', #1212, 1000.000000000000000 ) ;
#113 = SURFACE_STYLE_USAGE ( .BOTH. , #4331 ) ;
#114 = CARTESIAN_POINT ( 'NONE',  ( 13.50000000000000000, -2.500000000000000000, 4.999999999999999100 ) ) ;
#115 = EDGE_CURVE ( 'NONE', #559, #5769, #5722, .T. ) ;
#116 = ORIENTED_EDGE ( 'NONE', *, *, #5340, .T. ) ;
#117 = DIRECTION ( 'NONE',  ( 0.0000000000000000000, 0.0000000000000000000, -1.000000000000000000 ) ) ;
#118 = DIRECTION ( 'NONE',  ( 0.8494962282757259100, 0.0000000000000000000, -0.5275946911648332600 ) ) ;
#119 = COLOUR_RGB ( '',0.007843137254901960700, 0.2392156862745097900, 0.8235294117647058400 ) ;
#120 = DIRECTION ( 'NONE',  ( 0.8524342904835907600, 0.0000000000000000000, 0.5228343718690816600 ) ) ;
#121 = CARTESIAN_POINT ( 'NONE',  ( 12.50000000000007800, 1.500000000000000000, -3.499999999999997800 ) ) ;
#122 = ORIENTED_EDGE ( 'NONE', *, *, #714, .F. ) ;
#123 = DIRECTION ( 'NONE',  ( 0.0000000000000000000, 3.469446951953614200E-015, -1.000000000000000000 ) ) ;
#124 = ORIENTED_EDGE ( 'NONE', *, *, #2887, .T. ) ;
#125 = CARTESIAN_POINT ( 'NONE',  ( -3.105661583331458700, 0.05000000000000000300, -0.4766489202095020000 ) ) ;
#126 = CARTESIAN_POINT ( 'NONE',  ( 19.75000000000000400, -5.749999999999976000, 1.500000000000000900 ) ) ;
#127 = LINE ( 'NONE', #4528, #2986 ) ;
#128 = CARTESIAN_POINT ( 'NONE',  ( 19.75000000000017400, -17.75000000000000400, 0.0000000000000000000 ) ) ;
#129 = CARTESIAN_POINT ( 'NONE',  ( 0.0000000000000000000, 0.05000000000000000300, 0.0000000000000000000 ) ) ;
#130 = AXIS2_PLACEMENT_3D ( 'NONE', #3849, #75, #3290 ) ;
#131 = VERTEX_POINT ( 'NONE', #3883 ) ;
#132 = CARTESIAN_POINT ( 'NONE',  ( -9.882335357453893500, 0.05000000000000000300, -3.783294761366649900 ) ) ;
#133 = ORIENTED_EDGE ( 'NONE', *, *, #1620, .F. ) ;
#134 = EDGE_CURVE ( 'NONE', #2006, #526, #1445, .T. ) ;
#135 = VECTOR ( 'NONE', #4366, 1000.000000000000000 ) ;
#136 = CARTESIAN_POINT ( 'NONE',  ( 19.75000000000000400, -5.749999999999974200, 1.000000000000000900 ) ) ;
#137 = PLANE ( 'NONE',  #2692 ) ;
#138 = CARTESIAN_POINT ( 'NONE',  ( -3.655661583331457200, 0.05000000000000000300, -3.729561558723129400 ) ) ;
#139 = DIRECTION ( 'NONE',  ( -1.000000000000000000, 0.0000000000000000000, -0.0000000000000000000 ) ) ;
#140 = EDGE_CURVE ( 'NONE', #5954, #1781, #3027, .T. ) ;
#141 =( NAMED_UNIT ( * ) SI_UNIT ( $, .STERADIAN. ) SOLID_ANGLE_UNIT ( ) );
#142 = AXIS2_PLACEMENT_3D ( 'NONE', #1103, #4860, #1645 ) ;
#143 = VERTEX_POINT ( 'NONE', #6017 ) ;
#144 = AXIS2_PLACEMENT_3D ( 'NONE', #1609, #5356, #2133 ) ;
#145 = DIRECTION ( 'NONE',  ( -0.0000000000000000000, -1.000000000000000000, -0.0000000000000000000 ) ) ;
#146 = UNCERTAINTY_MEASURE_WITH_UNIT (LENGTH_MEASURE( 1.000000000000000100E-005 ), #6824, 'distance_accuracy_value', 'NONE');
#147 = FACE_OUTER_BOUND ( 'NONE', #3608, .T. ) ;
#148 = LINE ( 'NONE', #6294, #1591 ) ;
#149 = ORIENTED_EDGE ( 'NONE', *, *, #2141, .T. ) ;
#150 = ORIENTED_EDGE ( 'NONE', *, *, #312, .F. ) ;
#151 = DIRECTION ( 'NONE',  ( -1.000000000000000000, 0.0000000000000000000, 0.0000000000000000000 ) ) ;
#152 = ORIENTED_EDGE ( 'NONE', *, *, #5538, .T. ) ;
#153 = LINE ( 'NONE', #349, #1598 ) ;
#154 =( GEOMETRIC_REPRESENTATION_CONTEXT ( 3 ) GLOBAL_UNCERTAINTY_ASSIGNED_CONTEXT ( ( #6381 ) ) GLOBAL_UNIT_ASSIGNED_CONTEXT ( ( #1141, #4892, #1678 ) ) REPRESENTATION_CONTEXT ( 'NONE', 'WORKASPACE' ) );
#155 = MECHANICAL_DESIGN_GEOMETRIC_PRESENTATION_REPRESENTATION (  '', ( #6037 ), #512 ) ;
#156 = DIRECTION ( 'NONE',  ( 1.000000000000000000, 0.0000000000000000000, 0.0000000000000000000 ) ) ;
#157 = CARTESIAN_POINT ( 'NONE',  ( -6.420229851527615500, 0.05000000000000000300, 1.887777753867637000 ) ) ;
#158 = VERTEX_POINT ( 'NONE', #6567 ) ;
#159 = ORIENTED_EDGE ( 'NONE', *, *, #1314, .F. ) ;
#160 = ORIENTED_EDGE ( 'NONE', *, *, #2998, .T. ) ;
#161 = DIRECTION ( 'NONE',  ( 0.0000000000000000000, 0.0000000000000000000, 1.000000000000000000 ) ) ;
#162 = EDGE_CURVE ( 'NONE', #5983, #2052, #5545, .T. ) ;
#163 = PRESENTATION_STYLE_ASSIGNMENT (( #4727 ) ) ;
#164 = FILL_AREA_STYLE_COLOUR ( '', #3312 ) ;
#165 = DIRECTION ( 'NONE',  ( 0.8494962282757253500, -0.0000000000000000000, 0.5275946911648339300 ) ) ;
#166 = DIRECTION ( 'NONE',  ( 1.392757777031960500E-014, -1.000000000000000000, -0.0000000000000000000 ) ) ;
#167 = DIRECTION ( 'NONE',  ( -0.0000000000000000000, -0.0000000000000000000, -1.000000000000000000 ) ) ;
#168 = STYLED_ITEM ( 'NONE', ( #2385 ), #5360 ) ;
#169 = LINE ( 'NONE', #4007, #1278 ) ;
#170 = SURFACE_SIDE_STYLE ('',( #5597 ) ) ;
#171 = SURFACE_SIDE_STYLE ('',( #1991 ) ) ;
#172 = FILL_AREA_STYLE_COLOUR ( '', #1495 ) ;
#173 = SURFACE_SIDE_STYLE ('',( #4329 ) ) ;
#174 = EDGE_CURVE ( 'NONE', #3010, #3595, #169, .T. ) ;
#175 = EDGE_CURVE ( 'NONE', #1183, #3198, #2863, .T. ) ;
#176 =( NAMED_UNIT ( * ) PLANE_ANGLE_UNIT ( ) SI_UNIT ( $, .RADIAN. ) );
#177 = AXIS2_PLACEMENT_3D ( 'NONE', #4385, #1163, #4919 ) ;
#178 = DIRECTION ( 'NONE',  ( -1.000000000000000000, -0.0000000000000000000, -0.0000000000000000000 ) ) ;
#179 = EDGE_LOOP ( 'NONE', ( #4421, #3259, #6143, #309 ) ) ;
#180 = DIRECTION ( 'NONE',  ( 0.8498136422762462300, 0.0000000000000000000, 0.5270832698930789700 ) ) ;
#181 = DIRECTION ( 'NONE',  ( -0.0000000000000000000, 0.0000000000000000000, 1.000000000000000000 ) ) ;
#182 = ORIENTED_EDGE ( 'NONE', *, *, #4546, .T. ) ;
#183 = FACE_BOUND ( 'NONE', #4253, .T. ) ;
#184 = ORIENTED_EDGE ( 'NONE', *, *, #4802, .F. ) ;
#185 = FILL_AREA_STYLE_COLOUR ( '', #2148 ) ;
#186 = UNCERTAINTY_MEASURE_WITH_UNIT (LENGTH_MEASURE( 1.000000000000000100E-005 ), #2610, 'distance_accuracy_value', 'NONE');
#187 = PLANE ( 'NONE',  #3136 ) ;
#188 = FILL_AREA_STYLE ('',( #1787 ) ) ;
#189 = CARTESIAN_POINT ( 'NONE',  ( -3.655661583331457200, 0.0000000000000000000, -0.4766489202095020000 ) ) ;
#190 = FILL_AREA_STYLE ('',( #3950 ) ) ;
#191 = DIRECTION ( 'NONE',  ( -1.000000000000000000, -0.0000000000000000000, -0.0000000000000000000 ) ) ;
#192 = VECTOR ( 'NONE', #2472, 1000.000000000000000 ) ;
#193 = VERTEX_POINT ( 'NONE', #3938 ) ;
#194 =( NAMED_UNIT ( * ) SI_UNIT ( $, .STERADIAN. ) SOLID_ANGLE_UNIT ( ) );
#195 = PRESENTATION_STYLE_ASSIGNMENT (( #516 ) ) ;
#196 = FACE_OUTER_BOUND ( 'NONE', #6849, .T. ) ;
#197 = PRESENTATION_STYLE_ASSIGNMENT (( #6108 ) ) ;
#198 = CARTESIAN_POINT ( 'NONE',  ( -6.420229851527615500, 0.0000000000000000000, 4.519193818477629200 ) ) ;
#199 = CARTESIAN_POINT ( 'NONE',  ( -2.705661583331457500, 0.05000000000000000300, -3.481134468123456800 ) ) ;
#200 = PRESENTATION_LAYER_ASSIGNMENT (  '', '', ( #554 ) ) ;
#201 = AXIS2_PLACEMENT_3D ( 'NONE', #929, #4698, #1492 ) ;
#202 = VERTEX_POINT ( 'NONE', #655 ) ;
#203 = FACE_OUTER_BOUND ( 'NONE', #3274, .T. ) ;
#204 = VECTOR ( 'NONE', #4977, 1000.000000000000000 ) ;
#205 = COLOUR_RGB ( '',0.8980392156862745400, 0.8980392156862745400, 0.8980392156862745400 ) ;
#206 = CARTESIAN_POINT ( 'NONE',  ( -2.705661583331457500, 0.05000000000000000300, -3.481134468123456800 ) ) ;
#207 = SURFACE_STYLE_USAGE ( .BOTH. , #4508 ) ;
#208 = PLANE ( 'NONE',  #1201 ) ;
#209 = PRESENTATION_LAYER_ASSIGNMENT (  '', '', ( #6455 ) ) ;
#210 = ORIENTED_EDGE ( 'NONE', *, *, #531, .T. ) ;
#211 = ORIENTED_EDGE ( 'NONE', *, *, #1824, .T. ) ;
#212 = DIRECTION ( 'NONE',  ( -0.0000000000000000000, -1.000000000000000000, -0.0000000000000000000 ) ) ;
#213 = DIRECTION ( 'NONE',  ( 1.000000000000000000, 0.0000000000000000000, 0.0000000000000000000 ) ) ;
#214 = DIRECTION ( 'NONE',  ( -0.4592070539422885000, 0.0000000000000000000, 0.8883292641862274900 ) ) ;
#215 = PLANE ( 'NONE',  #4918 ) ;
#216 =( NAMED_UNIT ( * ) SI_UNIT ( $, .STERADIAN. ) SOLID_ANGLE_UNIT ( ) );
#217 = DIRECTION ( 'NONE',  ( 1.000000000000000000, 0.0000000000000000000, 0.0000000000000000000 ) ) ;
#218 = EDGE_CURVE ( 'NONE', #4308, #493, #3972, .T. ) ;
#219 = LINE ( 'NONE', #6436, #2910 ) ;
#220 = PRESENTATION_STYLE_ASSIGNMENT (( #2876 ) ) ;
#221 = CARTESIAN_POINT ( 'NONE',  ( 19.75000000000017400, -17.75000000000000400, 0.0000000000000000000 ) ) ;
#222 = CARTESIAN_POINT ( 'NONE',  ( 3.600000000000000100, -5.000000000000000000, 9.800000000000006000 ) ) ;
#223 = CARTESIAN_POINT ( 'NONE',  ( 19.75000000000000400, -5.750000000000000000, 3.500000000000000000 ) ) ;
#224 = EDGE_LOOP ( 'NONE', ( #133, #2183, #2882, #2515 ) ) ;
#225 = CYLINDRICAL_SURFACE ( 'NONE', #2126, 1.499999999999996900 ) ;
#226 = VERTEX_POINT ( 'NONE', #2325 ) ;
#227 = DIRECTION ( 'NONE',  ( -0.0000000000000000000, -1.000000000000000000, -0.0000000000000000000 ) ) ;
#228 = CARTESIAN_POINT ( 'NONE',  ( 10.40000000000000000, -5.000000000000000000, 9.800000000000004300 ) ) ;
#229 = ORIENTED_EDGE ( 'NONE', *, *, #4049, .F. ) ;
#230 = EDGE_CURVE ( 'NONE', #2748, #3909, #6805, .T. ) ;
#231 =( NAMED_UNIT ( * ) SI_UNIT ( $, .STERADIAN. ) SOLID_ANGLE_UNIT ( ) );
#232 = VECTOR ( 'NONE', #178, 1000.000000000000000 ) ;
#233 = VECTOR ( 'NONE', #6384, 1000.000000000000000 ) ;
#234 = ADVANCED_FACE ( 'NONE', ( #1097 ), #3403, .F. ) ;
#235 =( NAMED_UNIT ( * ) SI_UNIT ( $, .STERADIAN. ) SOLID_ANGLE_UNIT ( ) );
#236 = PLANE ( 'NONE',  #4726 ) ;
#237 = VECTOR ( 'NONE', #3135, 1000.000000000000000 ) ;
#238 = PRESENTATION_LAYER_ASSIGNMENT (  '', '', ( #6851 ) ) ;
#239 = STYLED_ITEM ( 'NONE', ( #6791 ), #604 ) ;
#240 = AXIS2_PLACEMENT_3D ( 'NONE', #2634, #6383, #3173 ) ;
#241 =( NAMED_UNIT ( * ) SI_UNIT ( $, .STERADIAN. ) SOLID_ANGLE_UNIT ( ) );
#242 = SURFACE_STYLE_FILL_AREA ( #557 ) ;
#243 = STYLED_ITEM ( 'NONE', ( #5303 ), #4419 ) ;
#244 =( NAMED_UNIT ( * ) SI_UNIT ( $, .STERADIAN. ) SOLID_ANGLE_UNIT ( ) );
#245 = CARTESIAN_POINT ( 'NONE',  ( 12.50000000000005300, -4.499999999999992900, -1.499999999999998200 ) ) ;
#246 = VERTEX_POINT ( 'NONE', #2865 ) ;
#247 = ORIENTED_EDGE ( 'NONE', *, *, #3736, .T. ) ;
#248 = SURFACE_SIDE_STYLE ('',( #1712 ) ) ;
#249 = VERTEX_POINT ( 'NONE', #3449 ) ;
#250 = DIRECTION ( 'NONE',  ( 0.5275946911648340400, 0.0000000000000000000, -0.8494962282757254600 ) ) ;
#251 = ORIENTED_EDGE ( 'NONE', *, *, #230, .T. ) ;
#252 = DIRECTION ( 'NONE',  ( -1.000000000000000000, 0.0000000000000000000, -5.421010862427522200E-017 ) ) ;
#253 = ORIENTED_EDGE ( 'NONE', *, *, #6785, .T. ) ;
#254 = EDGE_LOOP ( 'NONE', ( #1033, #4223, #5175, #5630, #6114, #6418, #6257, #6667, #2348, #456 ) ) ;
#255 = PRESENTATION_LAYER_ASSIGNMENT (  '', '', ( #6863 ) ) ;
#256 = EDGE_CURVE ( 'NONE', #4555, #4514, #4709, .T. ) ;
#257 = LINE ( 'NONE', #316, #1686 ) ;
#258 = DIRECTION ( 'NONE',  ( 1.000000000000000000, 0.0000000000000000000, 0.0000000000000000000 ) ) ;
#259 = SURFACE_SIDE_STYLE ('',( #588 ) ) ;
#260 = CARTESIAN_POINT ( 'NONE',  ( 16.00000000000000000, 1.500000000000000000, -9.999999999999998200 ) ) ;
#261 = FACE_OUTER_BOUND ( 'NONE', #6589, .T. ) ;
#262 = DIRECTION ( 'NONE',  ( -0.4592070539422887800, 0.0000000000000000000, -0.8883292641862272600 ) ) ;
#263 = STYLED_ITEM ( 'NONE', ( #6752 ), #5806 ) ;
#264 = SURFACE_STYLE_USAGE ( .BOTH. , #3478 ) ;
#265 = PLANE ( 'NONE',  #5857 ) ;
#266 =( GEOMETRIC_REPRESENTATION_CONTEXT ( 3 ) GLOBAL_UNCERTAINTY_ASSIGNED_CONTEXT ( ( #4539 ) ) GLOBAL_UNIT_ASSIGNED_CONTEXT ( ( #5535, #2323, #6058 ) ) REPRESENTATION_CONTEXT ( 'NONE', 'WORKASPACE' ) );
#267 = ADVANCED_FACE ( 'NONE', ( #2017 ), #764, .T. ) ;
#268 = AXIS2_PLACEMENT_3D ( 'NONE', #2996, #4095, #849 ) ;
#269 =( NAMED_UNIT ( * ) PLANE_ANGLE_UNIT ( ) SI_UNIT ( $, .RADIAN. ) );
#270 = VECTOR ( 'NONE', #2151, 1000.000000000000000 ) ;
#271 = SURFACE_STYLE_USAGE ( .BOTH. , #3491 ) ;
#272 = VECTOR ( 'NONE', #2880, 1000.000000000000000 ) ;
#273 = ORIENTED_EDGE ( 'NONE', *, *, #3843, .T. ) ;
#274 = FACE_OUTER_BOUND ( 'NONE', #6363, .T. ) ;
#275 = ORIENTED_EDGE ( 'NONE', *, *, #2959, .F. ) ;
#276 = VERTEX_POINT ( 'NONE', #6039 ) ;
#277 = UNCERTAINTY_MEASURE_WITH_UNIT (LENGTH_MEASURE( 1.000000000000000100E-005 ), #4803, 'distance_accuracy_value', 'NONE');
#278 = FILL_AREA_STYLE_COLOUR ( '', #3928 ) ;
#279 = EDGE_CURVE ( 'NONE', #3250, #4074, #82, .T. ) ;
#280 = PRESENTATION_LAYER_ASSIGNMENT (  '', '', ( #6531 ) ) ;
#281 = LINE ( 'NONE', #3417, #4414 ) ;
#282 =( GEOMETRIC_REPRESENTATION_CONTEXT ( 3 ) GLOBAL_UNCERTAINTY_ASSIGNED_CONTEXT ( ( #489 ) ) GLOBAL_UNIT_ASSIGNED_CONTEXT ( ( #6255, #3054, #6809 ) ) REPRESENTATION_CONTEXT ( 'NONE', 'WORKASPACE' ) );
#283 = EDGE_LOOP ( 'NONE', ( #3376, #152, #6833, #4926 ) ) ;
#284 = CARTESIAN_POINT ( 'NONE',  ( 12.00000000000000200, 3.500000000000000000, 3.500000000000000000 ) ) ;
#285 = LINE ( 'NONE', #1863, #111 ) ;
#286 = SURFACE_SIDE_STYLE ('',( #6681 ) ) ;
#287 = CARTESIAN_POINT ( 'NONE',  ( -3.800000000000002900, 1.500000000000000000, 0.0000000000000000000 ) ) ;
#288 =( NAMED_UNIT ( * ) SI_UNIT ( $, .STERADIAN. ) SOLID_ANGLE_UNIT ( ) );
#289 = ORIENTED_EDGE ( 'NONE', *, *, #5069, .F. ) ;
#290 = FACE_OUTER_BOUND ( 'NONE', #4593, .T. ) ;
#291 = LINE ( 'NONE', #2720, #5986 ) ;
#292 = DIRECTION ( 'NONE',  ( 0.0000000000000000000, 0.0000000000000000000, 1.000000000000000000 ) ) ;
#293 = UNCERTAINTY_MEASURE_WITH_UNIT (LENGTH_MEASURE( 1.000000000000000100E-005 ), #1941, 'distance_accuracy_value', 'NONE');
#294 =( GEOMETRIC_REPRESENTATION_CONTEXT ( 3 ) GLOBAL_UNCERTAINTY_ASSIGNED_CONTEXT ( ( #5141 ) ) GLOBAL_UNIT_ASSIGNED_CONTEXT ( ( #1478, #5218, #2000 ) ) REPRESENTATION_CONTEXT ( 'NONE', 'WORKASPACE' ) );
#295 = DIRECTION ( 'NONE',  ( -0.0000000000000000000, -0.0000000000000000000, 1.000000000000000000 ) ) ;
#296 = ORIENTED_EDGE ( 'NONE', *, *, #5126, .F. ) ;
#297 = EDGE_LOOP ( 'NONE', ( #4261, #2195, #4787, #1827 ) ) ;
#298 = PRESENTATION_LAYER_ASSIGNMENT (  '', '', ( #6903 ) ) ;
#299 = SURFACE_SIDE_STYLE ('',( #482 ) ) ;
#300 = CARTESIAN_POINT ( 'NONE',  ( 16.00000000000000000, 1.500000000000000000, -9.999999999999998200 ) ) ;
#301 = SURFACE_STYLE_FILL_AREA ( #3796 ) ;
#302 = EDGE_CURVE ( 'NONE', #1395, #3408, #2772, .T. ) ;
#303 = CARTESIAN_POINT ( 'NONE',  ( -6.420229851527615500, 0.05000000000000000300, 1.240335208870860100 ) ) ;
#304 = DIRECTION ( 'NONE',  ( -0.8498136422762462300, -0.0000000000000000000, -0.5270832698930789700 ) ) ;
#305 = FACE_OUTER_BOUND ( 'NONE', #412, .T. ) ;
#306 = DIRECTION ( 'NONE',  ( 1.000000000000000000, 0.0000000000000000000, 5.421010862427522200E-017 ) ) ;
#307 = AXIS2_PLACEMENT_3D ( 'NONE', #4296, #6429, #1630 ) ;
#308 =( NAMED_UNIT ( * ) PLANE_ANGLE_UNIT ( ) SI_UNIT ( $, .RADIAN. ) );
#309 = ORIENTED_EDGE ( 'NONE', *, *, #5213, .T. ) ;
#310 = SURFACE_SIDE_STYLE ('',( #3142 ) ) ;
#311 = ORIENTED_EDGE ( 'NONE', *, *, #6160, .F. ) ;
#312 = EDGE_CURVE ( 'NONE', #3876, #3319, #6891, .T. ) ;
#313 = EDGE_CURVE ( 'NONE', #3767, #131, #326, .T. ) ;
#314 =( NAMED_UNIT ( * ) SI_UNIT ( $, .STERADIAN. ) SOLID_ANGLE_UNIT ( ) );
#315 = AXIS2_PLACEMENT_3D ( 'NONE', #506, #5877, #2669 ) ;
#316 = CARTESIAN_POINT ( 'NONE',  ( -0.3410933151353004500, 0.0000000000000000000, 1.240335208870860100 ) ) ;
#317 = CARTESIAN_POINT ( 'NONE',  ( -3.800000000000002900, 6.896994759475080400, 0.0000000000000000000 ) ) ;
#318 = PRESENTATION_STYLE_ASSIGNMENT (( #4068 ) ) ;
#319 = FILL_AREA_STYLE_COLOUR ( '', #6820 ) ;
#320 = SURFACE_STYLE_FILL_AREA ( #5996 ) ;
#321 = ORIENTED_EDGE ( 'NONE', *, *, #3239, .T. ) ;
#322 = DIRECTION ( 'NONE',  ( -0.0000000000000000000, -1.000000000000000000, -0.0000000000000000000 ) ) ;
#323 = CARTESIAN_POINT ( 'NONE',  ( 12.50000000000002700, -4.499999999999992900, 1.500000000000000900 ) ) ;
#324 = VECTOR ( 'NONE', #1100, 1000.000000000000000 ) ;
#325 = CARTESIAN_POINT ( 'NONE',  ( 3.600000000000000100, -5.000000000000000000, 9.800000000000006000 ) ) ;
#326 = LINE ( 'NONE', #4545, #5457 ) ;
#327 = ORIENTED_EDGE ( 'NONE', *, *, #5386, .F. ) ;
#328 = AXIS2_PLACEMENT_3D ( 'NONE', #912, #4677, #1473 ) ;
#329 = VERTEX_POINT ( 'NONE', #1850 ) ;
#330 = SURFACE_SIDE_STYLE ('',( #543 ) ) ;
#331 = DIRECTION ( 'NONE',  ( 0.0000000000000000000, -1.000000000000000000, 0.0000000000000000000 ) ) ;
#332 = LINE ( 'NONE', #1967, #1435 ) ;
#333 = EDGE_LOOP ( 'NONE', ( #6309, #229, #2034, #5667 ) ) ;
#334 = VERTEX_POINT ( 'NONE', #3463 ) ;
#335 = EDGE_LOOP ( 'NONE', ( #6130, #518, #5706, #4001 ) ) ;
#336 = CIRCLE ( 'NONE', #1738, 0.5000000000000004400 ) ;
#337 = PRESENTATION_LAYER_ASSIGNMENT (  '', '', ( #6585 ) ) ;
#338 = SURFACE_STYLE_USAGE ( .BOTH. , #3548 ) ;
#339 = CARTESIAN_POINT ( 'NONE',  ( 19.75000000000000400, -5.750000000000000000, 3.500000000000000000 ) ) ;
#340 = AXIS2_PLACEMENT_3D ( 'NONE', #4579, #1376, #5123 ) ;
#341 = CARTESIAN_POINT ( 'NONE',  ( -6.020229851527614300, 0.05000000000000000300, 2.287777753867637800 ) ) ;
#342 = CARTESIAN_POINT ( 'NONE',  ( -3.180661583331457500, 0.05000000000000000300, 3.548872037816159800 ) ) ;
#343 = DIRECTION ( 'NONE',  ( 0.0000000000000000000, 0.0000000000000000000, -1.000000000000000000 ) ) ;
#344 = PLANE ( 'NONE',  #2422 ) ;
#345 = EDGE_CURVE ( 'NONE', #5044, #5605, #362, .T. ) ;
#346 = PLANE ( 'NONE',  #6147 ) ;
#347 = ORIENTED_EDGE ( 'NONE', *, *, #6041, .T. ) ;
#348 = PLANE ( 'NONE',  #1427 ) ;
#349 = CARTESIAN_POINT ( 'NONE',  ( 12.50000000000000000, 3.500000000000000000, 3.500000000000000000 ) ) ;
#350 = CARTESIAN_POINT ( 'NONE',  ( 12.50000000000002700, 3.500000000000000000, 1.000000000000000900 ) ) ;
#351 = EDGE_CURVE ( 'NONE', #835, #1081, #3218, .T. ) ;
#352 = LINE ( 'NONE', #6198, #4636 ) ;
#353 = EDGE_LOOP ( 'NONE', ( #251, #1232, #2715, #6251 ) ) ;
#354 = CARTESIAN_POINT ( 'NONE',  ( 2.571012190790981300, 0.05000000000000000300, -0.2247228132164734400 ) ) ;
#355 = DIRECTION ( 'NONE',  ( 0.0000000000000000000, 0.0000000000000000000, -1.000000000000000000 ) ) ;
#356 = ADVANCED_FACE ( 'NONE', ( #4488 ), #5609, .T. ) ;
#357 = CIRCLE ( 'NONE', #3821, 8.216422155899984100 ) ;
#358 = ORIENTED_EDGE ( 'NONE', *, *, #1939, .F. ) ;
#359 = MECHANICAL_DESIGN_GEOMETRIC_PRESENTATION_REPRESENTATION (  '', ( #6622 ), #720 ) ;
#360 = FACE_OUTER_BOUND ( 'NONE', #464, .T. ) ;
#361 = SURFACE_STYLE_FILL_AREA ( #748 ) ;
#362 = LINE ( 'NONE', #789, #5899 ) ;
#363 = FILL_AREA_STYLE ('',( #5759 ) ) ;
#364 = MANIFOLD_SOLID_BREP ( 'Бобышка-Вытянуть4[4]', #745 ) ;
#365 = EDGE_CURVE ( 'NONE', #3584, #3198, #2038, .T. ) ;
#366 = VERTEX_POINT ( 'NONE', #1298 ) ;
#367 = FACE_OUTER_BOUND ( 'NONE', #254, .T. ) ;
#368 =( NAMED_UNIT ( * ) PLANE_ANGLE_UNIT ( ) SI_UNIT ( $, .RADIAN. ) );
#369 = CARTESIAN_POINT ( 'NONE',  ( -2.705661583331457500, 0.0000000000000000000, -3.481134468123456800 ) ) ;
#370 = PRESENTATION_STYLE_ASSIGNMENT (( #6735 ) ) ;
#371 = PRESENTATION_LAYER_ASSIGNMENT (  '', '', ( #6990 ) ) ;
#372 = ORIENTED_EDGE ( 'NONE', *, *, #4153, .T. ) ;
#373 = AXIS2_PLACEMENT_3D ( 'NONE', #2273, #6014, #2818 ) ;
#374 =( GEOMETRIC_REPRESENTATION_CONTEXT ( 3 ) GLOBAL_UNCERTAINTY_ASSIGNED_CONTEXT ( ( #1418 ) ) GLOBAL_UNIT_ASSIGNED_CONTEXT ( ( #2059, #5821, #2607 ) ) REPRESENTATION_CONTEXT ( 'NONE', 'WORKASPACE' ) );
#375 = DIRECTION ( 'NONE',  ( -0.0000000000000000000, -1.000000000000000000, -0.0000000000000000000 ) ) ;
#376 = PRESENTATION_STYLE_ASSIGNMENT (( #5465 ) ) ;
#377 =( NAMED_UNIT ( * ) SI_UNIT ( $, .STERADIAN. ) SOLID_ANGLE_UNIT ( ) );
#378 = VERTEX_POINT ( 'NONE', #4619 ) ;
#379 = CARTESIAN_POINT ( 'NONE',  ( 12.00000000000008000, 3.500000000000000000, -3.999999999999998200 ) ) ;
#380 = VERTEX_POINT ( 'NONE', #2499 ) ;
#381 = CARTESIAN_POINT ( 'NONE',  ( 12.00000000000002700, 3.500000000000000000, 1.500000000000000900 ) ) ;
#382 = MECHANICAL_DESIGN_GEOMETRIC_PRESENTATION_REPRESENTATION (  '', ( #6643 ), #739 ) ;
#383 = EDGE_CURVE ( 'NONE', #3902, #5979, #3300, .T. ) ;
#384 = SURFACE_STYLE_FILL_AREA ( #2512 ) ;
#385 = DIRECTION ( 'NONE',  ( 1.000000000000000000, 0.0000000000000000000, -1.224646799147353200E-016 ) ) ;
#386 = DIRECTION ( 'NONE',  ( 1.000000000000000000, 0.0000000000000000000, 0.0000000000000000000 ) ) ;
#387 = FILL_AREA_STYLE_COLOUR ( '', #442 ) ;
#388 = SURFACE_STYLE_USAGE ( .BOTH. , #3616 ) ;
#389 =( NAMED_UNIT ( * ) SI_UNIT ( $, .STERADIAN. ) SOLID_ANGLE_UNIT ( ) );
#390 = MECHANICAL_DESIGN_GEOMETRIC_PRESENTATION_REPRESENTATION (  '', ( #6652 ), #752 ) ;
#391 = EDGE_LOOP ( 'NONE', ( #2737, #3181, #3697, #4244 ) ) ;
#392 = ADVANCED_FACE ( 'NONE', ( #4738 ), #6917, .F. ) ;
#393 = VERTEX_POINT ( 'NONE', #4052 ) ;
#394 =( NAMED_UNIT ( * ) SI_UNIT ( $, .STERADIAN. ) SOLID_ANGLE_UNIT ( ) );
#395 = PRESENTATION_LAYER_ASSIGNMENT (  '', '', ( #28 ) ) ;
#396 = LINE ( 'NONE', #2320, #4517 ) ;
#397 = DIRECTION ( 'NONE',  ( 1.000000000000000000, 0.0000000000000000000, -3.154042683594203900E-015 ) ) ;
#398 = CARTESIAN_POINT ( 'NONE',  ( 0.2089066848647014300, 0.05000000000000000300, 2.287777753867636000 ) ) ;
#399 = PLANE ( 'NONE',  #2433 ) ;
#400 =( GEOMETRIC_REPRESENTATION_CONTEXT ( 3 ) GLOBAL_UNCERTAINTY_ASSIGNED_CONTEXT ( ( #6612 ) ) GLOBAL_UNIT_ASSIGNED_CONTEXT ( ( #4495, #1283, #5039 ) ) REPRESENTATION_CONTEXT ( 'NONE', 'WORKASPACE' ) );
#401 = CARTESIAN_POINT ( 'NONE',  ( 12.00000000000002700, 3.500000000000000000, 1.500000000000000900 ) ) ;
#402 = DIRECTION ( 'NONE',  ( -0.8498136422762461200, -0.0000000000000000000, 0.5270832698930789700 ) ) ;
#403 = ORIENTED_EDGE ( 'NONE', *, *, #4420, .F. ) ;
#404 = CARTESIAN_POINT ( 'NONE',  ( 12.50000000000002700, -2.500000000000000000, 1.500000000000000900 ) ) ;
#405 =( LENGTH_UNIT ( ) NAMED_UNIT ( * ) SI_UNIT ( .MILLI., .METRE. ) );
#406 = VERTEX_POINT ( 'NONE', #815 ) ;
#407 = VERTEX_POINT ( 'NONE', #4073 ) ;
#408 = EDGE_LOOP ( 'NONE', ( #3122, #2595, #3524, #1646 ) ) ;
#409 = ORIENTED_EDGE ( 'NONE', *, *, #5621, .T. ) ;
#410 = LINE ( 'NONE', #3798, #5942 ) ;
#411 = STYLED_ITEM ( 'NONE', ( #2793 ), #2717 ) ;
#412 = EDGE_LOOP ( 'NONE', ( #6162, #1432, #2601, #4639 ) ) ;
#413 = FILL_AREA_STYLE_COLOUR ( '', #119 ) ;
#414 = SURFACE_SIDE_STYLE ('',( #2164 ) ) ;
#415 = ORIENTED_EDGE ( 'NONE', *, *, #590, .T. ) ;
#416 = ORIENTED_EDGE ( 'NONE', *, *, #5919, .T. ) ;
#417 = CARTESIAN_POINT ( 'NONE',  ( 13.25000000000000700, -5.250000000000000900, 4.000000000000000000 ) ) ;
#418 = STYLED_ITEM ( 'NONE', ( #4880 ), #1466 ) ;
#419 =( NAMED_UNIT ( * ) SI_UNIT ( $, .STERADIAN. ) SOLID_ANGLE_UNIT ( ) );
#420 =( NAMED_UNIT ( * ) SI_UNIT ( $, .STERADIAN. ) SOLID_ANGLE_UNIT ( ) );
#421 = PRESENTATION_LAYER_ASSIGNMENT (  '', '', ( #6688 ) ) ;
#422 = PRESENTATION_STYLE_ASSIGNMENT (( #2912 ) ) ;
#423 = DIRECTION ( 'NONE',  ( 0.0000000000000000000, 0.0000000000000000000, -1.000000000000000000 ) ) ;
#424 = CARTESIAN_POINT ( 'NONE',  ( -3.380661583331452800, 0.05000000000000000300, -3.900355183510405800 ) ) ;
#425 = CARTESIAN_POINT ( 'NONE',  ( 16.00000000000000000, 1.500000000000000000, 10.00000000000000200 ) ) ;
#426 = CARTESIAN_POINT ( 'NONE',  ( 0.2089066848647014300, 0.05000000000000000300, 0.8403352088708592200 ) ) ;
#427 = ADVANCED_FACE ( 'NONE', ( #4249 ), #3514, .F. ) ;
#428 = EDGE_CURVE ( 'NONE', #5769, #3270, #6398, .T. ) ;
#429 = CARTESIAN_POINT ( 'NONE',  ( -3.380661583331455900, 0.05000000000000000300, 0.0000000000000000000 ) ) ;
#430 = PLANE ( 'NONE',  #2817 ) ;
#431 = DIRECTION ( 'NONE',  ( 0.0000000000000000000, -1.000000000000000000, 0.0000000000000000000 ) ) ;
#432 = PRESENTATION_STYLE_ASSIGNMENT (( #5881 ) ) ;
#433 = AXIS2_PLACEMENT_3D ( 'NONE', #5737, #6256, #2534 ) ;
#434 = EDGE_CURVE ( 'NONE', #3876, #2105, #3728, .T. ) ;
#435 = EDGE_CURVE ( 'NONE', #1146, #6371, #858, .T. ) ;
#436 = ADVANCED_FACE ( 'NONE', ( #4989, #2117, #6222, #4814, #3380 ), #346, .F. ) ;
#437 = ORIENTED_EDGE ( 'NONE', *, *, #3420, .T. ) ;
#438 = SURFACE_STYLE_FILL_AREA ( #986 ) ;
#439 = ORIENTED_EDGE ( 'NONE', *, *, #6975, .F. ) ;
#440 = VERTEX_POINT ( 'NONE', #1760 ) ;
#441 = CARTESIAN_POINT ( 'NONE',  ( -3.800000000000002000, 6.500000000000000900, 8.705697048393359300 ) ) ;
#442 = COLOUR_RGB ( '',0.8980392156862745400, 0.8980392156862745400, 0.8980392156862745400 ) ;
#443 = EDGE_CURVE ( 'NONE', #6766, #6196, #2883, .T. ) ;
#444 = AXIS2_PLACEMENT_3D ( 'NONE', #5727, #2504, #6246 ) ;
#445 = DIRECTION ( 'NONE',  ( 1.000000000000000000, 0.0000000000000000000, 0.0000000000000000000 ) ) ;
#446 = CARTESIAN_POINT ( 'NONE',  ( -3.800000000000002900, 6.500000000000000900, 0.0000000000000000000 ) ) ;
#447 = CARTESIAN_POINT ( 'NONE',  ( 19.74999999999999600, -5.249999999999949400, -0.9999999999999983300 ) ) ;
#448 = FACE_OUTER_BOUND ( 'NONE', #2286, .T. ) ;
#449 = ORIENTED_EDGE ( 'NONE', *, *, #6911, .T. ) ;
#450 = DIRECTION ( 'NONE',  ( 0.0000000000000000000, 1.000000000000000000, 0.0000000000000000000 ) ) ;
#451 = UNCERTAINTY_MEASURE_WITH_UNIT (LENGTH_MEASURE( 1.000000000000000100E-005 ), #4299, 'distance_accuracy_value', 'NONE');
#452 = PLANE ( 'NONE',  #5565 ) ;
#453 = ORIENTED_EDGE ( 'NONE', *, *, #4281, .F. ) ;
#454 = PLANE ( 'NONE',  #102 ) ;
#455 = CARTESIAN_POINT ( 'NONE',  ( -0.7410933151353015200, 0.0000000000000000000, 2.287777753867636000 ) ) ;
#456 = ORIENTED_EDGE ( 'NONE', *, *, #714, .T. ) ;
#457 = ADVANCED_FACE ( 'NONE', ( #2710 ), #2292, .F. ) ;
#458 = CARTESIAN_POINT ( 'NONE',  ( -13.49999999999999800, 0.0000000000000000000, -7.499999999999994700 ) ) ;
#459 = EDGE_CURVE ( 'NONE', #5156, #5007, #2189, .T. ) ;
#460 = VECTOR ( 'NONE', #556, 1000.000000000000000 ) ;
#461 = STYLED_ITEM ( 'NONE', ( #3156 ), #6892 ) ;
#462 = ORIENTED_EDGE ( 'NONE', *, *, #6424, .T. ) ;
#463 = ORIENTED_EDGE ( 'NONE', *, *, #930, .T. ) ;
#464 = EDGE_LOOP ( 'NONE', ( #4217, #4485, #2475, #1603 ) ) ;
#465 = DIRECTION ( 'NONE',  ( 0.0000000000000000000, 0.0000000000000000000, 1.000000000000000000 ) ) ;
#466 = CARTESIAN_POINT ( 'NONE',  ( -0.3410933151353004500, 0.05000000000000000300, 0.8403352088708592200 ) ) ;
#467 = ADVANCED_FACE ( 'NONE', ( #768 ), #3963, .F. ) ;
#468 = STYLED_ITEM ( 'NONE', ( #5852 ), #921 ) ;
#469 =( GEOMETRIC_REPRESENTATION_CONTEXT ( 3 ) GLOBAL_UNCERTAINTY_ASSIGNED_CONTEXT ( ( #4672 ) ) GLOBAL_UNIT_ASSIGNED_CONTEXT ( ( #6655, #3437, #216 ) ) REPRESENTATION_CONTEXT ( 'NONE', 'WORKASPACE' ) );
#470 = AXIS2_PLACEMENT_3D ( 'NONE', #3967, #725, #4489 ) ;
#471 =( NAMED_UNIT ( * ) PLANE_ANGLE_UNIT ( ) SI_UNIT ( $, .RADIAN. ) );
#472 = CIRCLE ( 'NONE', #6259, 0.7499999999999226200 ) ;
#473 = VECTOR ( 'NONE', #1837, 1000.000000000000000 ) ;
#474 = DIRECTION ( 'NONE',  ( 1.000000000000000000, 0.0000000000000000000, -0.0000000000000000000 ) ) ;
#475 = CARTESIAN_POINT ( 'NONE',  ( 2.571012190790981300, 0.0000000000000000000, -3.475422238637514600 ) ) ;
#476 = FACE_OUTER_BOUND ( 'NONE', #391, .T. ) ;
#477 = ORIENTED_EDGE ( 'NONE', *, *, #4625, .F. ) ;
#478 = CARTESIAN_POINT ( 'NONE',  ( -3.655661583331457200, 0.0000000000000000000, -3.729561558723129400 ) ) ;
#479 = EDGE_CURVE ( 'NONE', #4732, #1957, #6301, .T. ) ;
#480 = DIRECTION ( 'NONE',  ( 1.000000000000000000, 0.0000000000000000000, 0.0000000000000000000 ) ) ;
#481 = FILL_AREA_STYLE_COLOUR ( '', #1216 ) ;
#482 = SURFACE_STYLE_FILL_AREA ( #3510 ) ;
#483 = FACE_OUTER_BOUND ( 'NONE', #3013, .T. ) ;
#484 = ORIENTED_EDGE ( 'NONE', *, *, #946, .F. ) ;
#485 = COLOUR_RGB ( '',0.8980392156862745400, 0.8980392156862745400, 0.8980392156862745400 ) ;
#486 = ADVANCED_FACE ( 'NONE', ( #4897 ), #3448, .F. ) ;
#487 = PRESENTATION_LAYER_ASSIGNMENT (  '', '', ( #6744 ) ) ;
#488 = VERTEX_POINT ( 'NONE', #1963 ) ;
#489 = UNCERTAINTY_MEASURE_WITH_UNIT (LENGTH_MEASURE( 1.000000000000000100E-005 ), #6255, 'distance_accuracy_value', 'NONE');
#490 = ORIENTED_EDGE ( 'NONE', *, *, #5951, .T. ) ;
#491 = ORIENTED_EDGE ( 'NONE', *, *, #2276, .F. ) ;
#492 = DIRECTION ( 'NONE',  ( 3.469446951953611000E-015, 0.0000000000000000000, -1.000000000000000000 ) ) ;
#493 = VERTEX_POINT ( 'NONE', #1369 ) ;
#494 = AXIS2_PLACEMENT_3D ( 'NONE', #1507, #5248, #2025 ) ;
#495 = CARTESIAN_POINT ( 'NONE',  ( -6.970229851527613500, 0.05000000000000000300, 1.240335208870860100 ) ) ;
#496 = EDGE_LOOP ( 'NONE', ( #3529, #4670, #51, #1094 ) ) ;
#497 = EDGE_CURVE ( 'NONE', #4375, #5784, #6478, .T. ) ;
#498 = VERTEX_POINT ( 'NONE', #5185 ) ;
#499 = ADVANCED_FACE ( 'NONE', ( #2028 ), #5449, .T. ) ;
#500 = CARTESIAN_POINT ( 'NONE',  ( -6.970229851527613500, 0.05000000000000000300, 0.8403352088708592200 ) ) ;
#501 = CARTESIAN_POINT ( 'NONE',  ( -6.420229851527615500, 0.05000000000000000300, 4.519193818477629200 ) ) ;
#502 = CARTESIAN_POINT ( 'NONE',  ( 13.25000000000000700, -5.250000000000000900, 4.000000000000000000 ) ) ;
#503 = UNCERTAINTY_MEASURE_WITH_UNIT (LENGTH_MEASURE( 1.000000000000000100E-005 ), #6578, 'distance_accuracy_value', 'NONE');
#504 = EDGE_CURVE ( 'NONE', #2514, #6485, #4237, .T. ) ;
#505 = AXIS2_PLACEMENT_3D ( 'NONE', #5415, #2188, #5945 ) ;
#506 = CARTESIAN_POINT ( 'NONE',  ( -6.420229851527615500, 0.05000000000000000300, 1.240335208870860100 ) ) ;
#507 = LINE ( 'NONE', #4398, #3367 ) ;
#508 = EDGE_LOOP ( 'NONE', ( #5891, #6395, #4610, #2679 ) ) ;
#509 = AXIS2_PLACEMENT_3D ( 'NONE', #1653, #2732, #2200 ) ;
#510 = PLANE ( 'NONE',  #5407 ) ;
#511 =( LENGTH_UNIT ( ) NAMED_UNIT ( * ) SI_UNIT ( .MILLI., .METRE. ) );
#512 =( GEOMETRIC_REPRESENTATION_CONTEXT ( 3 ) GLOBAL_UNCERTAINTY_ASSIGNED_CONTEXT ( ( #4272 ) ) GLOBAL_UNIT_ASSIGNED_CONTEXT ( ( #3195, #6967, #3756 ) ) REPRESENTATION_CONTEXT ( 'NONE', 'WORKASPACE' ) );
#513 = FILL_AREA_STYLE_COLOUR ( '', #2219 ) ;
#514 = DIRECTION ( 'NONE',  ( -0.8883292641862272600, 0.0000000000000000000, -0.4592070539422885000 ) ) ;
#515 = EDGE_CURVE ( 'NONE', #962, #5049, #99, .T. ) ;
#516 = SURFACE_STYLE_USAGE ( .BOTH. , #3755 ) ;
#517 = FACE_BOUND ( 'NONE', #2825, .T. ) ;
#518 = ORIENTED_EDGE ( 'NONE', *, *, #2329, .F. ) ;
#519 = VERTEX_POINT ( 'NONE', #1729 ) ;
#520 = CARTESIAN_POINT ( 'NONE',  ( 12.50000000000007800, 3.500000000000000000, -3.499999999999997800 ) ) ;
#521 = ORIENTED_EDGE ( 'NONE', *, *, #4459, .F. ) ;
#522 = SURFACE_STYLE_FILL_AREA ( #2346 ) ;
#523 = SURFACE_STYLE_FILL_AREA ( #965 ) ;
#524 = AXIS2_PLACEMENT_3D ( 'NONE', #3336, #117, #3885 ) ;
#525 = ORIENTED_EDGE ( 'NONE', *, *, #4152, .T. ) ;
#526 = VERTEX_POINT ( 'NONE', #6003 ) ;
#527 = VECTOR ( 'NONE', #2096, 1000.000000000000000 ) ;
#528 = LINE ( 'NONE', #6650, #3048 ) ;
#529 = AXIS2_PLACEMENT_3D ( 'NONE', #1851, #5611, #4716 ) ;
#530 = PLANE ( 'NONE',  #2467 ) ;
#531 = EDGE_CURVE ( 'NONE', #4012, #4040, #5473, .T. ) ;
#532 = ADVANCED_FACE ( 'NONE', ( #5648 ), #3874, .T. ) ;
#533 = EDGE_CURVE ( 'NONE', #4987, #1305, #1917, .T. ) ;
#534 = ORIENTED_EDGE ( 'NONE', *, *, #533, .F. ) ;
#535 = SURFACE_SIDE_STYLE ('',( #6501 ) ) ;
#536 = AXIS2_PLACEMENT_3D ( 'NONE', #6453, #2199, #5955 ) ;
#537 = FACE_OUTER_BOUND ( 'NONE', #5834, .T. ) ;
#538 = LINE ( 'NONE', #284, #3227 ) ;
#539 = VERTEX_POINT ( 'NONE', #1680 ) ;
#540 = CARTESIAN_POINT ( 'NONE',  ( 13.25000000000000700, -5.249999999999922700, -3.499999999999997800 ) ) ;
#541 =( LENGTH_UNIT ( ) NAMED_UNIT ( * ) SI_UNIT ( .MILLI., .METRE. ) );
#542 = FACE_OUTER_BOUND ( 'NONE', #690, .T. ) ;
#543 = SURFACE_STYLE_FILL_AREA ( #3541 ) ;
#544 = DIRECTION ( 'NONE',  ( 1.000000000000000000, -0.0000000000000000000, 3.469446951953614200E-015 ) ) ;
#545 = LINE ( 'NONE', #920, #4176 ) ;
#546 = DIRECTION ( 'NONE',  ( -0.0000000000000000000, -0.0000000000000000000, 1.000000000000000000 ) ) ;
#547 = DIRECTION ( 'NONE',  ( 0.0000000000000000000, 0.0000000000000000000, 1.000000000000000000 ) ) ;
#548 = ORIENTED_EDGE ( 'NONE', *, *, #5761, .T. ) ;
#549 =( LENGTH_UNIT ( ) NAMED_UNIT ( * ) SI_UNIT ( .MILLI., .METRE. ) );
#550 = VERTEX_POINT ( 'NONE', #6505 ) ;
#551 = CYLINDRICAL_SURFACE ( 'NONE', #5494, 1.249999999999973400 ) ;
#552 = FILL_AREA_STYLE_COLOUR ( '', #3006 ) ;
#553 = AXIS2_PLACEMENT_3D ( 'NONE', #5935, #2738, #6479 ) ;
#554 = STYLED_ITEM ( 'NONE', ( #2466 ), #4773 ) ;
#555 = PRESENTATION_LAYER_ASSIGNMENT (  '', '', ( #6810 ) ) ;
#556 = DIRECTION ( 'NONE',  ( -1.392757777031960500E-014, 1.000000000000000000, 0.0000000000000000000 ) ) ;
#557 = FILL_AREA_STYLE ('',( #3766 ) ) ;
#558 = FACE_OUTER_BOUND ( 'NONE', #5390, .T. ) ;
#559 = VERTEX_POINT ( 'NONE', #3822 ) ;
#560 = DIRECTION ( 'NONE',  ( 0.0000000000000000000, 0.0000000000000000000, 1.000000000000000000 ) ) ;
#561 = CARTESIAN_POINT ( 'NONE',  ( -16.00000000000000000, 1.500000000000000000, 10.00000000000000500 ) ) ;
#562 = PRESENTATION_STYLE_ASSIGNMENT (( #3387 ) ) ;
#563 = ORIENTED_EDGE ( 'NONE', *, *, #2375, .F. ) ;
#564 = SURFACE_SIDE_STYLE ('',( #301 ) ) ;
#565 = FACE_OUTER_BOUND ( 'NONE', #5537, .T. ) ;
#566 = DIRECTION ( 'NONE',  ( -0.0000000000000000000, -1.000000000000000000, -0.0000000000000000000 ) ) ;
#567 = ADVANCED_FACE ( 'NONE', ( #6021 ), #2844, .F. ) ;
#568 = CARTESIAN_POINT ( 'NONE',  ( -3.765765784890264800, 0.05000000000000000300, -4.767752686762338300 ) ) ;
#569 = LINE ( 'NONE', #2862, #232 ) ;
#570 = CARTESIAN_POINT ( 'NONE',  ( 12.50000000000005300, -2.500000000000000000, -1.499999999999998200 ) ) ;
#571 = MECHANICAL_DESIGN_GEOMETRIC_PRESENTATION_REPRESENTATION (  '', ( #6455 ), #925 ) ;
#572 = DIRECTION ( 'NONE',  ( -0.0000000000000000000, -1.000000000000000000, -0.0000000000000000000 ) ) ;
#573 = FILL_AREA_STYLE ('',( #5385 ) ) ;
#574 = EDGE_LOOP ( 'NONE', ( #4415, #5523, #68, #5333 ) ) ;
#575 = EDGE_CURVE ( 'NONE', #1682, #380, #5530, .T. ) ;
#576 =( NAMED_UNIT ( * ) SI_UNIT ( $, .STERADIAN. ) SOLID_ANGLE_UNIT ( ) );
#577 = UNCERTAINTY_MEASURE_WITH_UNIT (LENGTH_MEASURE( 1.000000000000000100E-005 ), #3395, 'distance_accuracy_value', 'NONE');
#578 = ORIENTED_EDGE ( 'NONE', *, *, #1807, .T. ) ;
#579 = EDGE_LOOP ( 'NONE', ( #6621, #2594, #2474, #4081 ) ) ;
#580 = ORIENTED_EDGE ( 'NONE', *, *, #2342, .F. ) ;
#581 = VECTOR ( 'NONE', #4337, 1000.000000000000000 ) ;
#582 = CARTESIAN_POINT ( 'NONE',  ( -3.800000000000002900, 6.000000000000000000, 0.0000000000000000000 ) ) ;
#583 = VERTEX_POINT ( 'NONE', #4895 ) ;
#584 =( LENGTH_UNIT ( ) NAMED_UNIT ( * ) SI_UNIT ( .MILLI., .METRE. ) );
#585 = VERTEX_POINT ( 'NONE', #1115 ) ;
#586 = ORIENTED_EDGE ( 'NONE', *, *, #4938, .F. ) ;
#587 = PLANE ( 'NONE',  #601 ) ;
#588 = SURFACE_STYLE_FILL_AREA ( #4025 ) ;
#589 = DIRECTION ( 'NONE',  ( -0.0000000000000000000, 1.000000000000000000, -0.0000000000000000000 ) ) ;
#590 = EDGE_CURVE ( 'NONE', #5967, #2941, #2672, .T. ) ;
#591 =( NAMED_UNIT ( * ) SI_UNIT ( $, .STERADIAN. ) SOLID_ANGLE_UNIT ( ) );
#592 = DIRECTION ( 'NONE',  ( -0.0000000000000000000, 1.000000000000000000, -0.0000000000000000000 ) ) ;
#593 = UNCERTAINTY_MEASURE_WITH_UNIT (LENGTH_MEASURE( 1.000000000000000100E-005 ), #6102, 'distance_accuracy_value', 'NONE');
#594 = SURFACE_SIDE_STYLE ('',( #4529 ) ) ;
#595 = CARTESIAN_POINT ( 'NONE',  ( 3.600000000000000100, -5.000000000000000000, 9.800000000000006000 ) ) ;
#596 = FILL_AREA_STYLE ('',( #4364 ) ) ;
#597 = CARTESIAN_POINT ( 'NONE',  ( 13.25000000000000700, -5.249999999999922700, -3.999999999999998200 ) ) ;
#598 = MECHANICAL_DESIGN_GEOMETRIC_PRESENTATION_REPRESENTATION (  '', ( #6851 ), #6784 ) ;
#599 = PRESENTATION_LAYER_ASSIGNMENT (  '', '', ( #239 ) ) ;
#600 = PRESENTATION_LAYER_ASSIGNMENT (  '', '', ( #6853 ) ) ;
#601 = AXIS2_PLACEMENT_3D ( 'NONE', #2726, #4355, #1133 ) ;
#602 = COLOUR_RGB ( '',0.8980392156862745400, 0.8980392156862745400, 0.8980392156862745400 ) ;
#603 = CARTESIAN_POINT ( 'NONE',  ( 3.600000000000000100, 0.0000000000000000000, 9.800000000000006000 ) ) ;
#604 = ADVANCED_FACE ( 'NONE', ( #1431 ), #2708, .T. ) ;
#605 =( NAMED_UNIT ( * ) SI_UNIT ( $, .STERADIAN. ) SOLID_ANGLE_UNIT ( ) );
#606 = VECTOR ( 'NONE', #1634, 1000.000000000000000 ) ;
#607 = CARTESIAN_POINT ( 'NONE',  ( 2.571012190790981300, 0.05000000000000000300, -0.2247228132164734400 ) ) ;
#608 = DIRECTION ( 'NONE',  ( 0.0000000000000000000, 0.0000000000000000000, 1.000000000000000000 ) ) ;
#609 = MECHANICAL_DESIGN_GEOMETRIC_PRESENTATION_REPRESENTATION (  '', ( #6863 ), #3846 ) ;
#610 = EDGE_CURVE ( 'NONE', #5394, #2324, #736, .T. ) ;
#611 = VECTOR ( 'NONE', #5776, 1000.000000000000000 ) ;
#612 = ORIENTED_EDGE ( 'NONE', *, *, #2822, .T. ) ;
#613 = ORIENTED_EDGE ( 'NONE', *, *, #4326, .F. ) ;
#614 = VECTOR ( 'NONE', #3265, 1000.000000000000000 ) ;
#615 = SURFACE_STYLE_USAGE ( .BOTH. , #3842 ) ;
#616 = VECTOR ( 'NONE', #5702, 1000.000000000000000 ) ;
#617 = PLANE ( 'NONE',  #2619 ) ;
#618 = CARTESIAN_POINT ( 'NONE',  ( 13.50000000000000000, 1.500000000000000000, 5.999999999999998200 ) ) ;
#619 = FILL_AREA_STYLE_COLOUR ( '', #1994 ) ;
#620 = CARTESIAN_POINT ( 'NONE',  ( -13.49999999999999800, 1.500000000000000000, 7.500000000000005300 ) ) ;
#621 = FILL_AREA_STYLE ('',( #2201 ) ) ;
#622 = FILL_AREA_STYLE ('',( #3850 ) ) ;
#623 = FACE_OUTER_BOUND ( 'NONE', #508, .T. ) ;
#624 = ORIENTED_EDGE ( 'NONE', *, *, #2252, .T. ) ;
#625 = DIRECTION ( 'NONE',  ( -0.0000000000000000000, -0.0000000000000000000, 1.000000000000000000 ) ) ;
#626 = CIRCLE ( 'NONE', #5792, 1.249999999999975100 ) ;
#627 = DIRECTION ( 'NONE',  ( 0.0000000000000000000, 0.0000000000000000000, 1.000000000000000000 ) ) ;
#628 = AXIS2_PLACEMENT_3D ( 'NONE', #680, #5520, #2305 ) ;
#629 = ORIENTED_EDGE ( 'NONE', *, *, #807, .F. ) ;
#630 = VERTEX_POINT ( 'NONE', #520 ) ;
#631 = SURFACE_SIDE_STYLE ('',( #6593 ) ) ;
#632 = ORIENTED_EDGE ( 'NONE', *, *, #1743, .T. ) ;
#633 = PRESENTATION_LAYER_ASSIGNMENT (  '', '', ( #6151 ) ) ;
#634 = CARTESIAN_POINT ( 'NONE',  ( -13.49999999999999800, 1.500000000000000000, -7.499999999999994700 ) ) ;
#636 = DIRECTION ( 'NONE',  ( 0.0000000000000000000, 0.0000000000000000000, -1.000000000000000000 ) ) ;
#635 = FACE_OUTER_BOUND ( 'NONE', #5747, .T. ) ;
#637 = SURFACE_STYLE_FILL_AREA ( #5263 ) ;
#638 = CARTESIAN_POINT ( 'NONE',  ( -3.800000000000002900, 6.500000000000000900, 0.0000000000000000000 ) ) ;
#639 = LINE ( 'NONE', #645, #1894 ) ;
#640 = CARTESIAN_POINT ( 'NONE',  ( -6.020229851527614300, 0.0000000000000000000, 2.087777753867637600 ) ) ;
#641 = CARTESIAN_POINT ( 'NONE',  ( -2.995557381772651100, 0.05000000000000000300, -4.767752686762338300 ) ) ;
#642 = ADVANCED_FACE ( 'NONE', ( #6264 ), #4825, .T. ) ;
#643 = EDGE_CURVE ( 'NONE', #2366, #3208, #4365, .T. ) ;
#644 = FILL_AREA_STYLE_COLOUR ( '', #2615 ) ;
#645 = CARTESIAN_POINT ( 'NONE',  ( -0.7524089893314011000, 0.0000000000000000000, -6.159029468782984300 ) ) ;
#646 = MECHANICAL_DESIGN_GEOMETRIC_PRESENTATION_REPRESENTATION (  '', ( #6531 ), #999 ) ;
#647 = DIRECTION ( 'NONE',  ( 0.0000000000000000000, 0.0000000000000000000, 1.000000000000000000 ) ) ;
#648 = EDGE_LOOP ( 'NONE', ( #3658, #3996, #5285, #901 ) ) ;
#649 = LINE ( 'NONE', #2591, #4770 ) ;
#650 = PLANE ( 'NONE',  #5592 ) ;
#651 = MECHANICAL_DESIGN_GEOMETRIC_PRESENTATION_REPRESENTATION (  '', ( #6903 ), #1010 ) ;
#652 = LINE ( 'NONE', #2225, #3168 ) ;
#653 = SURFACE_SIDE_STYLE ('',( #4658 ) ) ;
#654 = VERTEX_POINT ( 'NONE', #6943 ) ;
#655 = CARTESIAN_POINT ( 'NONE',  ( -6.420229851527615500, 0.05000000000000000300, 1.887777753867637000 ) ) ;
#656 = DIRECTION ( 'NONE',  ( -1.000000000000000000, 0.0000000000000000000, 0.0000000000000000000 ) ) ;
#657 = EDGE_CURVE ( 'NONE', #4790, #4403, #1666, .T. ) ;
#658 = COLOUR_RGB ( '',0.8980392156862745400, 0.8980392156862745400, 0.8980392156862745400 ) ;
#659 =( NAMED_UNIT ( * ) PLANE_ANGLE_UNIT ( ) SI_UNIT ( $, .RADIAN. ) );
#660 = VERTEX_POINT ( 'NONE', #3151 ) ;
#661 = EDGE_LOOP ( 'NONE', ( #2326, #1400, #1990, #4325 ) ) ;
#662 = ORIENTED_EDGE ( 'NONE', *, *, #2740, .F. ) ;
#663 = ORIENTED_EDGE ( 'NONE', *, *, #4233, .T. ) ;
#664 = FILL_AREA_STYLE_COLOUR ( '', #3521 ) ;
#665 = MECHANICAL_DESIGN_GEOMETRIC_PRESENTATION_REPRESENTATION (  '', ( #6920 ), #1019 ) ;
#666 = DIRECTION ( 'NONE',  ( 0.0000000000000000000, 0.0000000000000000000, 1.000000000000000000 ) ) ;
#667 = ORIENTED_EDGE ( 'NONE', *, *, #2400, .T. ) ;
#668 = UNCERTAINTY_MEASURE_WITH_UNIT (LENGTH_MEASURE( 1.000000000000000100E-005 ), #1524, 'distance_accuracy_value', 'NONE');
#669 = ORIENTED_EDGE ( 'NONE', *, *, #3384, .F. ) ;
#670 = ORIENTED_EDGE ( 'NONE', *, *, #5871, .T. ) ;
#671 = DIRECTION ( 'NONE',  ( 0.0000000000000000000, 0.0000000000000000000, -1.000000000000000000 ) ) ;
#672 = DIRECTION ( 'NONE',  ( 0.0000000000000000000, -0.0000000000000000000, 1.000000000000000000 ) ) ;
#673 = EDGE_CURVE ( 'NONE', #5703, #1209, #5774, .T. ) ;
#674 = EDGE_CURVE ( 'NONE', #2105, #4961, #2927, .T. ) ;
#675 = PRESENTATION_LAYER_ASSIGNMENT (  '', '', ( #6930 ) ) ;
#676 = SURFACE_STYLE_FILL_AREA ( #4396 ) ;
#677 = DIRECTION ( 'NONE',  ( 0.0000000000000000000, 0.0000000000000000000, 1.000000000000000000 ) ) ;
#678 = DIRECTION ( 'NONE',  ( 0.0000000000000000000, 1.000000000000000000, 0.0000000000000000000 ) ) ;
#679 = SURFACE_SIDE_STYLE ('',( #3833 ) ) ;
#680 = CARTESIAN_POINT ( 'NONE',  ( 0.0000000000000000000, 0.05000000000000000300, 0.0000000000000000000 ) ) ;
#681 =( GEOMETRIC_REPRESENTATION_CONTEXT ( 3 ) GLOBAL_UNCERTAINTY_ASSIGNED_CONTEXT ( ( #4471 ) ) GLOBAL_UNIT_ASSIGNED_CONTEXT ( ( #6830, #3646, #419 ) ) REPRESENTATION_CONTEXT ( 'NONE', 'WORKASPACE' ) );
#682 = CARTESIAN_POINT ( 'NONE',  ( -4.055661583331458400, 0.0000000000000000000, -4.300355183510403900 ) ) ;
#683 = ORIENTED_EDGE ( 'NONE', *, *, #6864, .T. ) ;
#684 = CARTESIAN_POINT ( 'NONE',  ( 12.00000000000000000, -4.499999999999992900, 4.000000000000000000 ) ) ;
#685 = CARTESIAN_POINT ( 'NONE',  ( 0.2089066848647014300, 0.05000000000000000300, 4.825265866064569300 ) ) ;
#686 = FACE_OUTER_BOUND ( 'NONE', #6627, .T. ) ;
#687 = DIRECTION ( 'NONE',  ( -0.8494962282757259100, -0.0000000000000000000, 0.5275946911648332600 ) ) ;
#688 = MECHANICAL_DESIGN_GEOMETRIC_PRESENTATION_REPRESENTATION (  '', ( #6585 ), #1052 ) ;
#689 = VECTOR ( 'NONE', #5647, 1000.000000000000000 ) ;
#690 = EDGE_LOOP ( 'NONE', ( #1440, #5741, #3425, #2815 ) ) ;
#691 = AXIS2_PLACEMENT_3D ( 'NONE', #1938, #5707, #2481 ) ;
#692 = ORIENTED_EDGE ( 'NONE', *, *, #279, .T. ) ;
#693 = AXIS2_PLACEMENT_3D ( 'NONE', #2389, #2938, #2407 ) ;
#694 = VECTOR ( 'NONE', #6778, 1000.000000000000000 ) ;
#695 = CIRCLE ( 'NONE', #1001, 1.499999999999998700 ) ;
#696 = CARTESIAN_POINT ( 'NONE',  ( 13.50000000000000000, 0.0000000000000000000, 4.999999999999999100 ) ) ;
#697 = FILL_AREA_STYLE_COLOUR ( '', #6 ) ;
#698 = FACE_OUTER_BOUND ( 'NONE', #3177, .T. ) ;
#699 = ORIENTED_EDGE ( 'NONE', *, *, #6963, .F. ) ;
#700 = ORIENTED_EDGE ( 'NONE', *, *, #5971, .T. ) ;
#701 = LINE ( 'NONE', #3513, #6228 ) ;
#702 = EDGE_CURVE ( 'NONE', #2152, #2456, #1510, .T. ) ;
#703 = AXIS2_PLACEMENT_3D ( 'NONE', #3685, #465, #4952 ) ;
#704 = EDGE_LOOP ( 'NONE', ( #4878, #5369, #5625, #1222 ) ) ;
#705 = UNCERTAINTY_MEASURE_WITH_UNIT (LENGTH_MEASURE( 1.000000000000000100E-005 ), #1826, 'distance_accuracy_value', 'NONE');
#706 = FILL_AREA_STYLE_COLOUR ( '', #5159 ) ;
#707 = FACE_OUTER_BOUND ( 'NONE', #3138, .T. ) ;
#708 = PLANE ( 'NONE',  #6278 ) ;
#709 = ORIENTED_EDGE ( 'NONE', *, *, #5258, .T. ) ;
#710 =( LENGTH_UNIT ( ) NAMED_UNIT ( * ) SI_UNIT ( .MILLI., .METRE. ) );
#711 = PLANE ( 'NONE',  #6954 ) ;
#712 = CARTESIAN_POINT ( 'NONE',  ( -6.420229851527615500, 0.0000000000000000000, 1.240335208870860100 ) ) ;
#713 = VECTOR ( 'NONE', #167, 1000.000000000000000 ) ;
#714 = EDGE_CURVE ( 'NONE', #4533, #1945, #2757, .T. ) ;
#715 = VECTOR ( 'NONE', #5738, 1000.000000000000000 ) ;
#716 =( LENGTH_UNIT ( ) NAMED_UNIT ( * ) SI_UNIT ( .MILLI., .METRE. ) );
#717 = ORIENTED_EDGE ( 'NONE', *, *, #5053, .F. ) ;
#718 = CARTESIAN_POINT ( 'NONE',  ( -6.020229851527614300, 0.0000000000000000000, 2.287777753867637800 ) ) ;
#719 = DIRECTION ( 'NONE',  ( -0.0000000000000000000, -1.000000000000000000, -0.0000000000000000000 ) ) ;
#720 =( GEOMETRIC_REPRESENTATION_CONTEXT ( 3 ) GLOBAL_UNCERTAINTY_ASSIGNED_CONTEXT ( ( #6817 ) ) GLOBAL_UNIT_ASSIGNED_CONTEXT ( ( #1704, #5456, #2234 ) ) REPRESENTATION_CONTEXT ( 'NONE', 'WORKASPACE' ) );
#721 = VERTEX_POINT ( 'NONE', #1506 ) ;
#722 = COLOUR_RGB ( '',0.8980392156862745400, 0.8980392156862745400, 0.8980392156862745400 ) ;
#723 = EDGE_CURVE ( 'NONE', #1957, #2439, #4030, .T. ) ;
#724 = SURFACE_STYLE_FILL_AREA ( #4998 ) ;
#725 = DIRECTION ( 'NONE',  ( 0.0000000000000000000, 1.000000000000000000, 0.0000000000000000000 ) ) ;
#726 = ORIENTED_EDGE ( 'NONE', *, *, #972, .F. ) ;
#727 = DIRECTION ( 'NONE',  ( -0.5275946911648332600, 0.0000000000000000000, 0.8494962282757259100 ) ) ;
#728 = SURFACE_STYLE_USAGE ( .BOTH. , #3970 ) ;
#729 = EDGE_LOOP ( 'NONE', ( #3589, #5987 ) ) ;
#730 = MECHANICAL_DESIGN_GEOMETRIC_PRESENTATION_REPRESENTATION (  '', ( #6990 ), #1096 ) ;
#731 = FILL_AREA_STYLE ('',( #3435 ) ) ;
#732 = VERTEX_POINT ( 'NONE', #4713 ) ;
#733 = VECTOR ( 'NONE', #6472, 1000.000000000000000 ) ;
#734 = DIRECTION ( 'NONE',  ( 0.8498136422762455600, 0.0000000000000000000, 0.5270832698930799600 ) ) ;
#735 = DIRECTION ( 'NONE',  ( -0.0000000000000000000, -1.000000000000000000, -0.0000000000000000000 ) ) ;
#736 = CIRCLE ( 'NONE', #2031, 8.216422155899984100 ) ;
#737 = CARTESIAN_POINT ( 'NONE',  ( -0.3410933151353004500, 0.05000000000000000300, 1.887777753867637000 ) ) ;
#738 = LINE ( 'NONE', #5229, #3605 ) ;
#739 =( GEOMETRIC_REPRESENTATION_CONTEXT ( 3 ) GLOBAL_UNCERTAINTY_ASSIGNED_CONTEXT ( ( #503 ) ) GLOBAL_UNIT_ASSIGNED_CONTEXT ( ( #6578, #3363, #141 ) ) REPRESENTATION_CONTEXT ( 'NONE', 'WORKASPACE' ) );
#740 = EDGE_CURVE ( 'NONE', #1756, #5049, #5616, .T. ) ;
#741 = DIRECTION ( 'NONE',  ( 0.0000000000000000000, 0.0000000000000000000, 1.000000000000000000 ) ) ;
#742 = DIRECTION ( 'NONE',  ( -0.0000000000000000000, -1.000000000000000000, -0.0000000000000000000 ) ) ;
#743 = ORIENTED_EDGE ( 'NONE', *, *, #3230, .T. ) ;
#744 =( NAMED_UNIT ( * ) PLANE_ANGLE_UNIT ( ) SI_UNIT ( $, .RADIAN. ) );
#745 = CLOSED_SHELL ( 'NONE', ( #32, #3786, #2576, #6868, #70, #2537 ) ) ;
#746 = ORIENTED_EDGE ( 'NONE', *, *, #1085, .F. ) ;
#747 = ORIENTED_EDGE ( 'NONE', *, *, #6327, .F. ) ;
#748 = FILL_AREA_STYLE ('',( #5055 ) ) ;
#749 = DIRECTION ( 'NONE',  ( 0.0000000000000000000, 0.0000000000000000000, -1.000000000000000000 ) ) ;
#750 = ORIENTED_EDGE ( 'NONE', *, *, #3843, .F. ) ;
#751 = VERTEX_POINT ( 'NONE', #3103 ) ;
#752 =( GEOMETRIC_REPRESENTATION_CONTEXT ( 3 ) GLOBAL_UNCERTAINTY_ASSIGNED_CONTEXT ( ( #2573 ) ) GLOBAL_UNIT_ASSIGNED_CONTEXT ( ( #2682, #6432, #3219 ) ) REPRESENTATION_CONTEXT ( 'NONE', 'WORKASPACE' ) );
#753 = VECTOR ( 'NONE', #3504, 1000.000000000000000 ) ;
#754 = PLANE ( 'NONE',  #817 ) ;
#755 = CARTESIAN_POINT ( 'NONE',  ( 12.00000000000007800, -4.499999999999992900, -3.499999999999997800 ) ) ;
#756 = CARTESIAN_POINT ( 'NONE',  ( -0.3410933151353004500, 0.05000000000000000300, 0.8403352088708592200 ) ) ;
#757 = MECHANICAL_DESIGN_GEOMETRIC_PRESENTATION_REPRESENTATION (  '', ( #28 ), #1124 ) ;
#758 = DIRECTION ( 'NONE',  ( 0.0000000000000000000, 0.0000000000000000000, -1.000000000000000000 ) ) ;
#759 = DIRECTION ( 'NONE',  ( -1.000000000000000000, 0.0000000000000000000, 2.551063935260010500E-016 ) ) ;
#760 = EDGE_LOOP ( 'NONE', ( #2764, #1252, #110, #416 ) ) ;
#761 = ADVANCED_FACE ( 'NONE', ( #1346 ), #6866, .F. ) ;
#762 = CARTESIAN_POINT ( 'NONE',  ( 19.75000000000000400, -5.750000000000001800, 4.000000000000000000 ) ) ;
#763 = CARTESIAN_POINT ( 'NONE',  ( -6.420229851527615500, 0.0000000000000000000, 2.287777753867636000 ) ) ;
#764 = PLANE ( 'NONE',  #3415 ) ;
#765 = VECTOR ( 'NONE', #4816, 1000.000000000000200 ) ;
#766 = DIRECTION ( 'NONE',  ( 0.0000000000000000000, 0.0000000000000000000, -1.000000000000000000 ) ) ;
#767 = AXIS2_PLACEMENT_3D ( 'NONE', #4477, #1273, #5027 ) ;
#768 = FACE_OUTER_BOUND ( 'NONE', #1095, .T. ) ;
#769 = CARTESIAN_POINT ( 'NONE',  ( 0.0000000000000000000, 3.500000000000000000, 0.0000000000000000000 ) ) ;
#770 = PRESENTATION_STYLE_ASSIGNMENT (( #3746 ) ) ;
#771 = CARTESIAN_POINT ( 'NONE',  ( 13.50000000000000200, -2.500000000000000000, -5.000000000000000900 ) ) ;
#772 = VECTOR ( 'NONE', #5503, 1000.000000000000000 ) ;
#773 = LINE ( 'NONE', #401, #4899 ) ;
#774 = ORIENTED_EDGE ( 'NONE', *, *, #3155, .T. ) ;
#775 = ORIENTED_EDGE ( 'NONE', *, *, #3327, .T. ) ;
#776 = CARTESIAN_POINT ( 'NONE',  ( 11.00000000000000200, -2.500000000000000000, 4.999999999999999100 ) ) ;
#777 = CARTESIAN_POINT ( 'NONE',  ( 13.50000000000000000, 1.500000000000000000, 9.000000000000005300 ) ) ;
#778 = SURFACE_STYLE_FILL_AREA ( #621 ) ;
#779 =( LENGTH_UNIT ( ) NAMED_UNIT ( * ) SI_UNIT ( .MILLI., .METRE. ) );
#780 = AXIS2_PLACEMENT_3D ( 'NONE', #1287, #1792, #217 ) ;
#781 = CARTESIAN_POINT ( 'NONE',  ( -6.970229851527613500, 0.05000000000000000300, 1.240335208870860100 ) ) ;
#782 = MECHANICAL_DESIGN_GEOMETRIC_PRESENTATION_REPRESENTATION (  '', ( #6688 ), #1152 ) ;
#783 = PRESENTATION_STYLE_ASSIGNMENT (( #2357 ) ) ;
#784 = ORIENTED_EDGE ( 'NONE', *, *, #5246, .F. ) ;
#785 = PRESENTATION_STYLE_ASSIGNMENT (( #2361 ) ) ;
#786 = LINE ( 'NONE', #6500, #3474 ) ;
#787 = EDGE_CURVE ( 'NONE', #1597, #202, #5276, .T. ) ;
#788 = CARTESIAN_POINT ( 'NONE',  ( 0.2089066848647014300, 0.0000000000000000000, 1.887535927521140700 ) ) ;
#789 = CARTESIAN_POINT ( 'NONE',  ( 0.2089066848647014300, 0.0000000000000000000, -1.670990180068217900 ) ) ;
#790 = ORIENTED_EDGE ( 'NONE', *, *, #3490, .T. ) ;
#791 = COLOUR_RGB ( '',0.8980392156862745400, 0.8980392156862745400, 0.8980392156862745400 ) ;
#792 = UNCERTAINTY_MEASURE_WITH_UNIT (LENGTH_MEASURE( 1.000000000000000100E-005 ), #6631, 'distance_accuracy_value', 'NONE');
#793 = DIRECTION ( 'NONE',  ( -1.000000000000000000, -0.0000000000000000000, -0.0000000000000000000 ) ) ;
#794 = PRESENTATION_LAYER_ASSIGNMENT (  '', '', ( #6699 ) ) ;
#795 = EDGE_LOOP ( 'NONE', ( #6548, #1958, #3081, #6025 ) ) ;
#796 = ORIENTED_EDGE ( 'NONE', *, *, #4711, .T. ) ;
#797 = ADVANCED_FACE ( 'NONE', ( #2405 ), #454, .F. ) ;
#798 = ORIENTED_EDGE ( 'NONE', *, *, #1554, .F. ) ;
#799 = SURFACE_SIDE_STYLE ('',( #3813 ) ) ;
#800 = CARTESIAN_POINT ( 'NONE',  ( -2.705661583331457500, 0.0000000000000000000, -4.300355183510403900 ) ) ;
#801 = PRESENTATION_STYLE_ASSIGNMENT (( #3771 ) ) ;
#802 = EDGE_CURVE ( 'NONE', #3868, #1395, #984, .T. ) ;
#803 = LINE ( 'NONE', #3973, #2222 ) ;
#804 = EDGE_CURVE ( 'NONE', #5660, #918, #6530, .T. ) ;
#805 =( NAMED_UNIT ( * ) PLANE_ANGLE_UNIT ( ) SI_UNIT ( $, .RADIAN. ) );
#806 = DIRECTION ( 'NONE',  ( -0.8494962282757259100, 0.0000000000000000000, -0.5275946911648332600 ) ) ;
#807 = EDGE_CURVE ( 'NONE', #6030, #4401, #3859, .T. ) ;
#808 = AXIS2_PLACEMENT_3D ( 'NONE', #5166, #3025, #6779 ) ;
#809 = DIRECTION ( 'NONE',  ( 3.469446951953614200E-015, 0.0000000000000000000, -1.000000000000000000 ) ) ;
#810 = PLANE ( 'NONE',  #4193 ) ;
#811 = CLOSED_SHELL ( 'NONE', ( #3986, #4942, #4837, #1504, #5629, #6409 ) ) ;
#812 = CIRCLE ( 'NONE', #2442, 1.249999999999973400 ) ;
#813 = PRESENTATION_STYLE_ASSIGNMENT (( #1117 ) ) ;
#814 =( NAMED_UNIT ( * ) PLANE_ANGLE_UNIT ( ) SI_UNIT ( $, .RADIAN. ) );
#815 = CARTESIAN_POINT ( 'NONE',  ( 12.00000000000000000, -2.500000000000000000, 4.000000000000000000 ) ) ;
#816 = EDGE_CURVE ( 'NONE', #1146, #3810, #5110, .T. ) ;
#817 = AXIS2_PLACEMENT_3D ( 'NONE', #6141, #6728, #3500 ) ;
#818 = LINE ( 'NONE', #5953, #6185 ) ;
#819 = DIRECTION ( 'NONE',  ( -0.0000000000000000000, -1.000000000000000000, -0.0000000000000000000 ) ) ;
#820 =( LENGTH_UNIT ( ) NAMED_UNIT ( * ) SI_UNIT ( .MILLI., .METRE. ) );
#821 = PRESENTATION_STYLE_ASSIGNMENT (( #4835 ) ) ;
#822 = SURFACE_STYLE_FILL_AREA ( #2529 ) ;
#823 = PRESENTATION_LAYER_ASSIGNMENT (  '', '', ( #468 ) ) ;
#824 = CARTESIAN_POINT ( 'NONE',  ( 0.2089066848647014300, 0.05000000000000000300, -1.670990180068217900 ) ) ;
#825 = STYLED_ITEM ( 'NONE', ( #422 ), #4569 ) ;
#826 = CARTESIAN_POINT ( 'NONE',  ( 3.600000000000001000, -5.000000000000000000, 3.000000000000007100 ) ) ;
#827 = EDGE_LOOP ( 'NONE', ( #1937, #2629, #5293, #4290 ) ) ;
#828 = FILL_AREA_STYLE ('',( #1364 ) ) ;
#829 = ORIENTED_EDGE ( 'NONE', *, *, #5994, .F. ) ;
#830 = VERTEX_POINT ( 'NONE', #4888 ) ;
#831 = PRESENTATION_STYLE_ASSIGNMENT (( #5683 ) ) ;
#832 = PLANE ( 'NONE',  #6894 ) ;
#833 = ORIENTED_EDGE ( 'NONE', *, *, #787, .T. ) ;
#834 =( LENGTH_UNIT ( ) NAMED_UNIT ( * ) SI_UNIT ( .MILLI., .METRE. ) );
#835 = VERTEX_POINT ( 'NONE', #2775 ) ;
#836 = ORIENTED_EDGE ( 'NONE', *, *, #6247, .T. ) ;
#837 = EDGE_CURVE ( 'NONE', #4339, #406, #3507, .T. ) ;
#838 = COLOUR_RGB ( '',0.8980392156862745400, 0.8980392156862745400, 0.8980392156862745400 ) ;
#839 = VECTOR ( 'NONE', #2218, 1000.000000000000000 ) ;
#840 =( LENGTH_UNIT ( ) NAMED_UNIT ( * ) SI_UNIT ( .MILLI., .METRE. ) );
#841 = PLANE ( 'NONE',  #3339 ) ;
#842 = CARTESIAN_POINT ( 'NONE',  ( -16.00000000000000000, 1.500000000000000000, 10.00000000000000500 ) ) ;
#843 = MECHANICAL_DESIGN_GEOMETRIC_PRESENTATION_REPRESENTATION (  '', ( #6744 ), #1223 ) ;
#844 = CARTESIAN_POINT ( 'NONE',  ( -0.3410933151353004500, 0.0000000000000000000, -1.365134884645989000 ) ) ;
#845 = DIRECTION ( 'NONE',  ( 0.0000000000000000000, 0.0000000000000000000, -1.000000000000000000 ) ) ;
#846 = ORIENTED_EDGE ( 'NONE', *, *, #702, .T. ) ;
#847 = AXIS2_PLACEMENT_3D ( 'NONE', #2592, #6342, #3128 ) ;
#848 = PLANE ( 'NONE',  #4394 ) ;
#849 = DIRECTION ( 'NONE',  ( 0.0000000000000000000, 0.0000000000000000000, 1.000000000000000000 ) ) ;
#850 = FACE_OUTER_BOUND ( 'NONE', #5946, .T. ) ;
#851 = EDGE_CURVE ( 'NONE', #4012, #6827, #3684, .T. ) ;
#852 = DIRECTION ( 'NONE',  ( 1.275531967630005200E-016, 0.0000000000000000000, -1.000000000000000000 ) ) ;
#853 = VECTOR ( 'NONE', #5088, 1000.000000000000000 ) ;
#854 = VERTEX_POINT ( 'NONE', #1672 ) ;
#855 = COLOUR_RGB ( '',0.8980392156862745400, 0.8980392156862745400, 0.8980392156862745400 ) ;
#856 = EDGE_LOOP ( 'NONE', ( #3040, #453, #311, #4922 ) ) ;
#857 = SURFACE_STYLE_FILL_AREA ( #1726 ) ;
#858 = LINE ( 'NONE', #6755, #694 ) ;
#859 =( LENGTH_UNIT ( ) NAMED_UNIT ( * ) SI_UNIT ( .MILLI., .METRE. ) );
#860 = EDGE_CURVE ( 'NONE', #334, #583, #4777, .T. ) ;
#861 = AXIS2_PLACEMENT_3D ( 'NONE', #5920, #34, #3805 ) ;
#862 = AXIS2_PLACEMENT_3D ( 'NONE', #3768, #4311, #1080 ) ;
#863 = VERTEX_POINT ( 'NONE', #2197 ) ;
#864 = ORIENTED_EDGE ( 'NONE', *, *, #2141, .F. ) ;
#865 = FILL_AREA_STYLE_COLOUR ( '', #5404 ) ;
#866 = VECTOR ( 'NONE', #1893, 1000.000000000000100 ) ;
#867 =( NAMED_UNIT ( * ) PLANE_ANGLE_UNIT ( ) SI_UNIT ( $, .RADIAN. ) );
#868 = DIRECTION ( 'NONE',  ( 0.0000000000000000000, 0.0000000000000000000, 1.000000000000000000 ) ) ;
#869 = ORIENTED_EDGE ( 'NONE', *, *, #1612, .F. ) ;
#870 = FACE_OUTER_BOUND ( 'NONE', #795, .T. ) ;
#871 = CARTESIAN_POINT ( 'NONE',  ( 12.50000000000000000, 3.500000000000000000, 4.000000000000000000 ) ) ;
#872 = VECTOR ( 'NONE', #2659, 1000.000000000000000 ) ;
#873 = DIRECTION ( 'NONE',  ( -0.0000000000000000000, -1.000000000000000000, -0.0000000000000000000 ) ) ;
#874 = AXIS2_PLACEMENT_3D ( 'NONE', #620, #4387, #1164 ) ;
#875 = CARTESIAN_POINT ( 'NONE',  ( -3.800000000000002900, 15.60300524052492000, -6.383577844100016400 ) ) ;
#876 = ORIENTED_EDGE ( 'NONE', *, *, #3891, .T. ) ;
#877 = PLANE ( 'NONE',  #6543 ) ;
#878 = SURFACE_SIDE_STYLE ('',( #1040 ) ) ;
#879 = LINE ( 'NONE', #2307, #3573 ) ;
#880 = UNCERTAINTY_MEASURE_WITH_UNIT (LENGTH_MEASURE( 1.000000000000000100E-005 ), #820, 'distance_accuracy_value', 'NONE');
#881 = TOROIDAL_SURFACE ( 'NONE', #1731, 8.705697048393359300, 0.5000000000000004400 ) ;
#882 = EDGE_CURVE ( 'NONE', #6310, #1227, #818, .T. ) ;
#883 = LINE ( 'NONE', #5082, #3754 ) ;
#884 =( NAMED_UNIT ( * ) PLANE_ANGLE_UNIT ( ) SI_UNIT ( $, .RADIAN. ) );
#885 = ORIENTED_EDGE ( 'NONE', *, *, #5544, .T. ) ;
#886 = CARTESIAN_POINT ( 'NONE',  ( -3.380661583331455900, 0.05000000000000000300, 0.0000000000000000000 ) ) ;
#887 = DIRECTION ( 'NONE',  ( 0.8494962282757260200, 0.0000000000000000000, 0.5275946911648330400 ) ) ;
#888 = PRESENTATION_LAYER_ASSIGNMENT (  '', '', ( #168 ) ) ;
#889 = ORIENTED_EDGE ( 'NONE', *, *, #2237, .F. ) ;
#890 = AXIS2_PLACEMENT_3D ( 'NONE', #1828, #2363, #6110 ) ;
#891 = ORIENTED_EDGE ( 'NONE', *, *, #5309, .T. ) ;
#892 = VECTOR ( 'NONE', #3896, 1000.000000000000000 ) ;
#893 = EDGE_CURVE ( 'NONE', #393, #4534, #1910, .T. ) ;
#894 = UNCERTAINTY_MEASURE_WITH_UNIT (LENGTH_MEASURE( 1.000000000000000100E-005 ), #2418, 'distance_accuracy_value', 'NONE');
#895 = EDGE_CURVE ( 'NONE', #158, #143, #652, .T. ) ;
#896 = DIRECTION ( 'NONE',  ( -0.0000000000000000000, 1.000000000000000000, -0.0000000000000000000 ) ) ;
#897 = STYLED_ITEM ( 'NONE', ( #4689 ), #2146 ) ;
#898 = PLANE ( 'NONE',  #6172 ) ;
#899 = CARTESIAN_POINT ( 'NONE',  ( -4.055661583331458400, 0.05000000000000000300, -3.481134468123456800 ) ) ;
#900 = EDGE_LOOP ( 'NONE', ( #612, #3937, #372, #69 ) ) ;
#901 = ORIENTED_EDGE ( 'NONE', *, *, #4005, .T. ) ;
#902 =( NAMED_UNIT ( * ) PLANE_ANGLE_UNIT ( ) SI_UNIT ( $, .RADIAN. ) );
#903 = DIRECTION ( 'NONE',  ( 1.000000000000000000, 0.0000000000000000000, 3.469446951953614200E-015 ) ) ;
#904 = DIRECTION ( 'NONE',  ( -0.0000000000000000000, -1.000000000000000000, -0.0000000000000000000 ) ) ;
#905 = LINE ( 'NONE', #3797, #2339 ) ;
#906 = FILL_AREA_STYLE_COLOUR ( '', #3998 ) ;
#907 = DIRECTION ( 'NONE',  ( 0.8494962282757260200, 0.0000000000000000000, 0.5275946911648330400 ) ) ;
#908 = VERTEX_POINT ( 'NONE', #4940 ) ;
#909 = CARTESIAN_POINT ( 'NONE',  ( -0.7507960402540931900, 0.0000000000000000000, -5.512829155905854400 ) ) ;
#910 = ORIENTED_EDGE ( 'NONE', *, *, #4472, .F. ) ;
#911 = EDGE_LOOP ( 'NONE', ( #4908, #3344, #3439, #1730 ) ) ;
#912 = CARTESIAN_POINT ( 'NONE',  ( 0.0000000000000000000, 0.0000000000000000000, 0.0000000000000000000 ) ) ;
#913 = AXIS2_PLACEMENT_3D ( 'NONE', #6292, #3636, #6319 ) ;
#914 = DIRECTION ( 'NONE',  ( 1.000000000000000000, 0.0000000000000000000, -0.0000000000000000000 ) ) ;
#915 = MECHANICAL_DESIGN_GEOMETRIC_PRESENTATION_REPRESENTATION (  '', ( #6810 ), #1294 ) ;
#916 = SURFACE_SIDE_STYLE ('',( #1005 ) ) ;
#917 = SURFACE_SIDE_STYLE ('',( #6825 ) ) ;
#918 = VERTEX_POINT ( 'NONE', #4914 ) ;
#919 = EDGE_LOOP ( 'NONE', ( #1519, #5291, #4839, #3879 ) ) ;
#920 = CARTESIAN_POINT ( 'NONE',  ( -3.800000000000002900, 6.896994759475080400, -8.216422155899984100 ) ) ;
#921 = ADVANCED_FACE ( 'NONE', ( #483 ), #617, .T. ) ;
#922 = LINE ( 'NONE', #5105, #6460 ) ;
#923 = FILL_AREA_STYLE ('',( #3063 ) ) ;
#924 = DIRECTION ( 'NONE',  ( -0.8524342904835907600, -0.0000000000000000000, -0.5228343718690816600 ) ) ;
#925 =( GEOMETRIC_REPRESENTATION_CONTEXT ( 3 ) GLOBAL_UNCERTAINTY_ASSIGNED_CONTEXT ( ( #2879 ) ) GLOBAL_UNIT_ASSIGNED_CONTEXT ( ( #779, #4540, #1342 ) ) REPRESENTATION_CONTEXT ( 'NONE', 'WORKASPACE' ) );
#926 = VECTOR ( 'NONE', #1253, 1000.000000000000000 ) ;
#927 =( NAMED_UNIT ( * ) PLANE_ANGLE_UNIT ( ) SI_UNIT ( $, .RADIAN. ) );
#928 = CARTESIAN_POINT ( 'NONE',  ( 13.25000000000001400, -5.749999999999976000, 1.500000000000000900 ) ) ;
#929 = CARTESIAN_POINT ( 'NONE',  ( 12.00000000000000200, -4.499999999999992900, 3.500000000000000000 ) ) ;
#930 = EDGE_CURVE ( 'NONE', #6452, #835, #6781, .T. ) ;
#931 = PLANE ( 'NONE',  #1045 ) ;
#932 = ORIENTED_EDGE ( 'NONE', *, *, #2835, .F. ) ;
#933 = PLANE ( 'NONE',  #5895 ) ;
#934 = DIRECTION ( 'NONE',  ( -0.0000000000000000000, -0.0000000000000000000, 1.000000000000000000 ) ) ;
#935 = CARTESIAN_POINT ( 'NONE',  ( 11.00000000000000200, -2.500000000000000000, 4.999999999999999100 ) ) ;
#936 = LINE ( 'NONE', #5334, #3637 ) ;
#937 = DIRECTION ( 'NONE',  ( 0.0000000000000000000, -0.9785497849867490500, -0.2060104810498421500 ) ) ;
#938 = VECTOR ( 'NONE', #4440, 1000.000000000000000 ) ;
#939 = ORIENTED_EDGE ( 'NONE', *, *, #6359, .T. ) ;
#940 = ORIENTED_EDGE ( 'NONE', *, *, #4187, .T. ) ;
#941 = CARTESIAN_POINT ( 'NONE',  ( -2.705661583331457500, 0.05000000000000000300, -4.300355183510403900 ) ) ;
#942 = CARTESIAN_POINT ( 'NONE',  ( 12.50000000000002700, 1.500000000000000000, 1.500000000000000900 ) ) ;
#943 = VECTOR ( 'NONE', #546, 1000.000000000000000 ) ;
#944 = COLOUR_RGB ( '',0.8980392156862745400, 0.8980392156862745400, 0.8980392156862745400 ) ;
#945 =( NAMED_UNIT ( * ) SI_UNIT ( $, .STERADIAN. ) SOLID_ANGLE_UNIT ( ) );
#946 = EDGE_CURVE ( 'NONE', #6929, #2807, #2666, .T. ) ;
#947 = CARTESIAN_POINT ( 'NONE',  ( -6.970229851527613500, 0.05000000000000000300, 1.887535927521142500 ) ) ;
#948 = LINE ( 'NONE', #198, #3648 ) ;
#949 = ORIENTED_EDGE ( 'NONE', *, *, #1743, .F. ) ;
#950 = LINE ( 'NONE', #5556, #3652 ) ;
#951 = FILL_AREA_STYLE ('',( #413 ) ) ;
#952 =( LENGTH_UNIT ( ) NAMED_UNIT ( * ) SI_UNIT ( .MILLI., .METRE. ) );
#953 = ADVANCED_FACE ( 'NONE', ( #1249, #2493 ), #6522, .T. ) ;
#954 = MECHANICAL_DESIGN_GEOMETRIC_PRESENTATION_REPRESENTATION (  '', ( #239 ), #1334 ) ;
#955 = MECHANICAL_DESIGN_GEOMETRIC_PRESENTATION_REPRESENTATION (  '', ( #6853 ), #1335 ) ;
#956 = PRESENTATION_LAYER_ASSIGNMENT (  '', '', ( #243 ) ) ;
#957 = DIRECTION ( 'NONE',  ( 0.0000000000000000000, 0.0000000000000000000, 1.000000000000000000 ) ) ;
#958 = ORIENTED_EDGE ( 'NONE', *, *, #4676, .T. ) ;
#959 = PRESENTATION_STYLE_ASSIGNMENT (( #4057 ) ) ;
#960 = COLOUR_RGB ( '',0.8980392156862745400, 0.8980392156862745400, 0.8980392156862745400 ) ;
#961 = APPLICATION_CONTEXT ( 'automotive_design' ) ;
#962 = VERTEX_POINT ( 'NONE', #5492 ) ;
#963 = CARTESIAN_POINT ( 'NONE',  ( 12.50000000000005300, 3.500000000000000000, -0.9999999999999983300 ) ) ;
#964 = ORIENTED_EDGE ( 'NONE', *, *, #2633, .T. ) ;
#965 = FILL_AREA_STYLE ('',( #6300 ) ) ;
#966 = VERTEX_POINT ( 'NONE', #3969 ) ;
#967 = SURFACE_SIDE_STYLE ('',( #3023 ) ) ;
#968 = CARTESIAN_POINT ( 'NONE',  ( 12.00000000000002700, -4.499999999999992900, 1.500000000000000900 ) ) ;
#969 = DIRECTION ( 'NONE',  ( 0.0000000000000000000, 0.0000000000000000000, 1.000000000000000000 ) ) ;
#970 = CYLINDRICAL_SURFACE ( 'NONE', #5471, 9.800000000000000700 ) ;
#971 = LINE ( 'NONE', #4995, #6511 ) ;
#972 = EDGE_CURVE ( 'NONE', #6506, #6929, #3426, .T. ) ;
#973 = DIRECTION ( 'NONE',  ( -0.8883292641862271500, 0.0000000000000000000, -0.4592070539422887200 ) ) ;
#974 = FACE_OUTER_BOUND ( 'NONE', #1143, .T. ) ;
#975 = DIRECTION ( 'NONE',  ( 0.0000000000000000000, 0.0000000000000000000, 1.000000000000000000 ) ) ;
#976 = ORIENTED_EDGE ( 'NONE', *, *, #2400, .F. ) ;
#977 = PRESENTATION_LAYER_ASSIGNMENT (  '', '', ( #263 ) ) ;
#978 = CARTESIAN_POINT ( 'NONE',  ( 13.25000000000001400, -5.750000000000000000, 3.500000000000000000 ) ) ;
#979 = ADVANCED_FACE ( 'NONE', ( #6095 ), #711, .T. ) ;
#980 = VECTOR ( 'NONE', #4543, 1000.000000000000000 ) ;
#981 = PRODUCT_CONTEXT ( 'NONE', #961, 'mechanical' ) ;
#982 = DIRECTION ( 'NONE',  ( 0.0000000000000000000, 0.0000000000000000000, -1.000000000000000000 ) ) ;
#983 = CARTESIAN_POINT ( 'NONE',  ( 12.00000000000005200, 1.500000000000000000, -0.9999999999999983300 ) ) ;
#984 = LINE ( 'NONE', #5562, #5434 ) ;
#985 = MECHANICAL_DESIGN_GEOMETRIC_PRESENTATION_REPRESENTATION (  '', ( #6151 ), #1367 ) ;
#986 = FILL_AREA_STYLE ('',( #6335 ) ) ;
#987 = DIRECTION ( 'NONE',  ( 0.0000000000000000000, 0.0000000000000000000, -1.000000000000000000 ) ) ;
#988 = LINE ( 'NONE', #466, #6534 ) ;
#989 = ADVANCED_FACE ( 'NONE', ( #6438 ), #225, .F. ) ;
#990 = LINE ( 'NONE', #4648, #3864 ) ;
#991 = LINE ( 'NONE', #3254, #2413 ) ;
#992 = DIRECTION ( 'NONE',  ( 0.0000000000000000000, 0.0000000000000000000, 1.000000000000000000 ) ) ;
#993 = DIRECTION ( 'NONE',  ( 0.0000000000000000000, 0.0000000000000000000, 1.000000000000000000 ) ) ;
#994 = ORIENTED_EDGE ( 'NONE', *, *, #479, .T. ) ;
#995 = VERTEX_POINT ( 'NONE', #228 ) ;
#996 = ORIENTED_EDGE ( 'NONE', *, *, #1529, .T. ) ;
#997 = FACE_OUTER_BOUND ( 'NONE', #4297, .T. ) ;
#998 = EDGE_CURVE ( 'NONE', #5122, #2643, #3078, .T. ) ;
#999 =( GEOMETRIC_REPRESENTATION_CONTEXT ( 3 ) GLOBAL_UNCERTAINTY_ASSIGNED_CONTEXT ( ( #2557 ) ) GLOBAL_UNIT_ASSIGNED_CONTEXT ( ( #5721, #2492, #6235 ) ) REPRESENTATION_CONTEXT ( 'NONE', 'WORKASPACE' ) );
#1000 = ORIENTED_EDGE ( 'NONE', *, *, #2589, .T. ) ;
#1001 = AXIS2_PLACEMENT_3D ( 'NONE', #2532, #6276, #3075 ) ;
#1002 = CARTESIAN_POINT ( 'NONE',  ( 2.571012190790981300, 0.05000000000000000300, -0.2247228132164734400 ) ) ;
#1003 = ORIENTED_EDGE ( 'NONE', *, *, #4578, .F. ) ;
#1004 = ORIENTED_EDGE ( 'NONE', *, *, #802, .F. ) ;
#1005 = SURFACE_STYLE_FILL_AREA ( #4159 ) ;
#1006 = UNCERTAINTY_MEASURE_WITH_UNIT (LENGTH_MEASURE( 1.000000000000000100E-005 ), #1203, 'distance_accuracy_value', 'NONE');
#1007 = AXIS2_PLACEMENT_3D ( 'NONE', #2021, #5775, #2565 ) ;
#1008 = CARTESIAN_POINT ( 'NONE',  ( -9.882335357453893500, 0.05000000000000000300, -3.783294761366649900 ) ) ;
#1009 = DIRECTION ( 'NONE',  ( 1.000000000000000000, 0.0000000000000000000, -3.154042683594203900E-015 ) ) ;
#1010 =( GEOMETRIC_REPRESENTATION_CONTEXT ( 3 ) GLOBAL_UNCERTAINTY_ASSIGNED_CONTEXT ( ( #6747 ) ) GLOBAL_UNIT_ASSIGNED_CONTEXT ( ( #5223, #2004, #5758 ) ) REPRESENTATION_CONTEXT ( 'NONE', 'WORKASPACE' ) );
#1011 = CARTESIAN_POINT ( 'NONE',  ( 12.00000000000007800, 3.500000000000000000, -3.499999999999997800 ) ) ;
#1012 = DIRECTION ( 'NONE',  ( -1.000000000000000000, -0.0000000000000000000, 2.551063935260010500E-016 ) ) ;
#1013 = EDGE_CURVE ( 'NONE', #3650, #6539, #5923, .T. ) ;
#1014 = DIRECTION ( 'NONE',  ( 0.8498136422762461200, 0.0000000000000000000, -0.5270832698930789700 ) ) ;
#1015 = ADVANCED_FACE ( 'NONE', ( #4353 ), #6387, .F. ) ;
#1016 = COLOUR_RGB ( '',0.8980392156862745400, 0.8980392156862745400, 0.8980392156862745400 ) ;
#1017 = EDGE_LOOP ( 'NONE', ( #6281, #6797, #5755, #3184 ) ) ;
#1018 = UNCERTAINTY_MEASURE_WITH_UNIT (LENGTH_MEASURE( 1.000000000000000100E-005 ), #6238, 'distance_accuracy_value', 'NONE');
#1019 =( GEOMETRIC_REPRESENTATION_CONTEXT ( 3 ) GLOBAL_UNCERTAINTY_ASSIGNED_CONTEXT ( ( #4856 ) ) GLOBAL_UNIT_ASSIGNED_CONTEXT ( ( #1109, #4866, #1649 ) ) REPRESENTATION_CONTEXT ( 'NONE', 'WORKASPACE' ) );
#1020 = FACE_OUTER_BOUND ( 'NONE', #6636, .T. ) ;
#1021 = DIRECTION ( 'NONE',  ( -0.8524342904835907600, 0.0000000000000000000, 0.5228343718690816600 ) ) ;
#1022 = EDGE_CURVE ( 'NONE', #6775, #3868, #50, .T. ) ;
#1023 = ADVANCED_FACE ( 'NONE', ( #2917 ), #1596, .F. ) ;
#1024 = EDGE_CURVE ( 'NONE', #6775, #4373, #2746, .T. ) ;
#1025 = ORIENTED_EDGE ( 'NONE', *, *, #2383, .F. ) ;
#1026 = VECTOR ( 'NONE', #2091, 1000.000000000000000 ) ;
#1027 = ORIENTED_EDGE ( 'NONE', *, *, #3808, .F. ) ;
#1028 = MECHANICAL_DESIGN_GEOMETRIC_PRESENTATION_REPRESENTATION (  '', ( #6930 ), #1412 ) ;
#1029 = CARTESIAN_POINT ( 'NONE',  ( 12.00000000000007800, 1.500000000000000000, -3.499999999999997800 ) ) ;
#1030 = CARTESIAN_POINT ( 'NONE',  ( -6.008914177331514700, 0.05000000000000000300, -6.159029468782984300 ) ) ;
#1031 = LINE ( 'NONE', #4041, #5154 ) ;
#1032 = ORIENTED_EDGE ( 'NONE', *, *, #3678, .F. ) ;
#1033 = ORIENTED_EDGE ( 'NONE', *, *, #4571, .T. ) ;
#1034 = LINE ( 'NONE', #3382, #1391 ) ;
#1035 = DIRECTION ( 'NONE',  ( -0.0000000000000000000, -1.000000000000000000, -0.0000000000000000000 ) ) ;
#1036 = CARTESIAN_POINT ( 'NONE',  ( -6.420229851527615500, 0.05000000000000000300, -1.365134884645989000 ) ) ;
#1037 =( NAMED_UNIT ( * ) PLANE_ANGLE_UNIT ( ) SI_UNIT ( $, .RADIAN. ) );
#1038 = ORIENTED_EDGE ( 'NONE', *, *, #4758, .F. ) ;
#1039 = DIRECTION ( 'NONE',  ( 0.0000000000000000000, -0.0000000000000000000, 1.000000000000000000 ) ) ;
#1040 = SURFACE_STYLE_FILL_AREA ( #4118 ) ;
#1041 = LINE ( 'NONE', #3109, #3740 ) ;
#1042 = CARTESIAN_POINT ( 'NONE',  ( 13.25000000000000700, -5.249999999999949400, -0.9999999999999983300 ) ) ;
#1043 = PRESENTATION_STYLE_ASSIGNMENT (( #4395 ) ) ;
#1044 = VECTOR ( 'NONE', #1576, 1000.000000000000000 ) ;
#1045 = AXIS2_PLACEMENT_3D ( 'NONE', #4703, #5236, #2019 ) ;
#1046 =( NAMED_UNIT ( * ) PLANE_ANGLE_UNIT ( ) SI_UNIT ( $, .RADIAN. ) );
#1047 = ORIENTED_EDGE ( 'NONE', *, *, #3930, .T. ) ;
#1048 = ORIENTED_EDGE ( 'NONE', *, *, #4774, .T. ) ;
#1049 = FACE_OUTER_BOUND ( 'NONE', #5481, .T. ) ;
#1050 = CARTESIAN_POINT ( 'NONE',  ( 13.25000000000001400, -5.749999999999949400, -0.9999999999999983300 ) ) ;
#1051 = CYLINDRICAL_SURFACE ( 'NONE', #2100, 1.500000000000002200 ) ;
#1052 =( GEOMETRIC_REPRESENTATION_CONTEXT ( 3 ) GLOBAL_UNCERTAINTY_ASSIGNED_CONTEXT ( ( #5272 ) ) GLOBAL_UNIT_ASSIGNED_CONTEXT ( ( #6388, #1046, #5851 ) ) REPRESENTATION_CONTEXT ( 'NONE', 'WORKASPACE' ) );
#1053 = AXIS2_PLACEMENT_3D ( 'NONE', #842, #4606, #1410 ) ;
#1054 = STYLED_ITEM ( 'NONE', ( #1313 ), #4731 ) ;
#1055 = PRESENTATION_LAYER_ASSIGNMENT (  '', '', ( #6956 ) ) ;
#1056 = ORIENTED_EDGE ( 'NONE', *, *, #6359, .F. ) ;
#1057 = CARTESIAN_POINT ( 'NONE',  ( -0.3410933151353004500, 0.0000000000000000000, 4.519193818477629200 ) ) ;
#1058 =( NAMED_UNIT ( * ) SI_UNIT ( $, .STERADIAN. ) SOLID_ANGLE_UNIT ( ) );
#1059 = VERTEX_POINT ( 'NONE', #5875 ) ;
#1060 = CARTESIAN_POINT ( 'NONE',  ( 0.2089066848647014300, 0.0000000000000000000, 0.8403352088708592200 ) ) ;
#1061 = LINE ( 'NONE', #6558, #892 ) ;
#1062 = ADVANCED_FACE ( 'NONE', ( #4198 ), #2663, .T. ) ;
#1063 = EDGE_CURVE ( 'NONE', #246, #1583, #6348, .T. ) ;
#1064 =( NAMED_UNIT ( * ) PLANE_ANGLE_UNIT ( ) SI_UNIT ( $, .RADIAN. ) );
#1065 = DIRECTION ( 'NONE',  ( 0.0000000000000000000, 1.000000000000000000, 0.0000000000000000000 ) ) ;
#1066 = DIRECTION ( 'NONE',  ( -1.000000000000000000, 0.0000000000000000000, -0.0000000000000000000 ) ) ;
#1067 = SURFACE_STYLE_USAGE ( .BOTH. , #4301 ) ;
#1068 = FACE_OUTER_BOUND ( 'NONE', #2173, .T. ) ;
#1069 = ORIENTED_EDGE ( 'NONE', *, *, #1540, .F. ) ;
#1070 = SURFACE_STYLE_FILL_AREA ( #3337 ) ;
#1071 = EDGE_LOOP ( 'NONE', ( #667, #5286, #5815, #1593 ) ) ;
#1072 = EDGE_CURVE ( 'NONE', #2051, #407, #2233, .T. ) ;
#1073 = SURFACE_SIDE_STYLE ('',( #4951 ) ) ;
#1074 = FACE_OUTER_BOUND ( 'NONE', #3624, .T. ) ;
#1075 = COLOUR_RGB ( '',0.8980392156862745400, 0.8980392156862745400, 0.8980392156862745400 ) ;
#1076 = EDGE_LOOP ( 'NONE', ( #790, #1120, #2417, #3596 ) ) ;
#1077 =( LENGTH_UNIT ( ) NAMED_UNIT ( * ) SI_UNIT ( .MILLI., .METRE. ) );
#1078 = VERTEX_POINT ( 'NONE', #1639 ) ;
#1079 = DIRECTION ( 'NONE',  ( 0.0000000000000000000, -0.0000000000000000000, 1.000000000000000000 ) ) ;
#1080 = DIRECTION ( 'NONE',  ( -0.8498136422762455600, 0.0000000000000000000, 0.5270832698930798500 ) ) ;
#1081 = VERTEX_POINT ( 'NONE', #2163 ) ;
#1082 = PRESENTATION_LAYER_ASSIGNMENT (  '', '', ( #1455 ) ) ;
#1083 =( NAMED_UNIT ( * ) SI_UNIT ( $, .STERADIAN. ) SOLID_ANGLE_UNIT ( ) );
#1084 = VERTEX_POINT ( 'NONE', #5914 ) ;
#1085 = EDGE_CURVE ( 'NONE', #6581, #3319, #4771, .T. ) ;
#1086 = CARTESIAN_POINT ( 'NONE',  ( -3.180661583331457500, 0.0000000000000000000, 3.548872037816159800 ) ) ;
#1087 = ORIENTED_EDGE ( 'NONE', *, *, #1599, .T. ) ;
#1088 = SURFACE_SIDE_STYLE ('',( #1089 ) ) ;
#1089 = SURFACE_STYLE_FILL_AREA ( #3096 ) ;
#1090 = DIRECTION ( 'NONE',  ( -1.000000000000000000, -0.0000000000000000000, -0.0000000000000000000 ) ) ;
#1091 = CARTESIAN_POINT ( 'NONE',  ( -3.800000000000002900, 15.50000000000000000, -5.894302951606641200 ) ) ;
#1092 =( NAMED_UNIT ( * ) SI_UNIT ( $, .STERADIAN. ) SOLID_ANGLE_UNIT ( ) );
#1093 = DIRECTION ( 'NONE',  ( -0.0000000000000000000, -1.000000000000000000, -0.0000000000000000000 ) ) ;
#1094 = ORIENTED_EDGE ( 'NONE', *, *, #6496, .F. ) ;
#1095 = EDGE_LOOP ( 'NONE', ( #6227, #5295, #6244, #6721 ) ) ;
#1096 =( GEOMETRIC_REPRESENTATION_CONTEXT ( 3 ) GLOBAL_UNCERTAINTY_ASSIGNED_CONTEXT ( ( #1450 ) ) GLOBAL_UNIT_ASSIGNED_CONTEXT ( ( #1105, #4861, #1647 ) ) REPRESENTATION_CONTEXT ( 'NONE', 'WORKASPACE' ) );
#1097 = FACE_OUTER_BOUND ( 'NONE', #3695, .T. ) ;
#1098 = VECTOR ( 'NONE', #3455, 1000.000000000000000 ) ;
#1099 = AXIS2_PLACEMENT_3D ( 'NONE', #2087, #5842, #2626 ) ;
#1100 = DIRECTION ( 'NONE',  ( -1.000000000000000000, -0.0000000000000000000, -0.0000000000000000000 ) ) ;
#1101 = UNCERTAINTY_MEASURE_WITH_UNIT (LENGTH_MEASURE( 1.000000000000000100E-005 ), #5744, 'distance_accuracy_value', 'NONE');
#1102 = ADVANCED_FACE ( 'NONE', ( #1903 ), #24, .T. ) ;
#1103 = CARTESIAN_POINT ( 'NONE',  ( -0.3410933151353004500, 0.05000000000000000300, 4.519193818477629200 ) ) ;
#1104 = LINE ( 'NONE', #6603, #926 ) ;
#1105 =( LENGTH_UNIT ( ) NAMED_UNIT ( * ) SI_UNIT ( .MILLI., .METRE. ) );
#1106 = DIRECTION ( 'NONE',  ( 1.000000000000000000, 0.0000000000000000000, 0.0000000000000000000 ) ) ;
#1107 = DIRECTION ( 'NONE',  ( 0.0000000000000000000, 0.0000000000000000000, 1.000000000000000000 ) ) ;
#1108 = EDGE_CURVE ( 'NONE', #5712, #854, #4280, .T. ) ;
#1109 =( LENGTH_UNIT ( ) NAMED_UNIT ( * ) SI_UNIT ( .MILLI., .METRE. ) );
#1110 = CARTESIAN_POINT ( 'NONE',  ( 13.25000000000000200, -4.500000000000000000, -1.499999999999998200 ) ) ;
#1111 = CARTESIAN_POINT ( 'NONE',  ( -6.420229851527615500, 0.05000000000000000300, 0.8403352088708592200 ) ) ;
#1112 = CARTESIAN_POINT ( 'NONE',  ( -6.970229851527613500, 0.0000000000000000000, -1.670990180068217900 ) ) ;
#1113 = CARTESIAN_POINT ( 'NONE',  ( 13.25000000000000700, -5.249999999999975100, 1.500000000000000900 ) ) ;
#1114 = ORIENTED_EDGE ( 'NONE', *, *, #5043, .F. ) ;
#1115 = CARTESIAN_POINT ( 'NONE',  ( 11.00000000000000200, 0.0000000000000000000, 4.999999999999999100 ) ) ;
#1116 = DIRECTION ( 'NONE',  ( -0.0000000000000000000, -1.000000000000000000, -0.0000000000000000000 ) ) ;
#1117 = SURFACE_STYLE_USAGE ( .BOTH. , #4342 ) ;
#1118 = LINE ( 'NONE', #6378, #3989 ) ;
#1119 = ORIENTED_EDGE ( 'NONE', *, *, #3021, .F. ) ;
#1120 = ORIENTED_EDGE ( 'NONE', *, *, #1328, .F. ) ;
#1121 = LINE ( 'NONE', #6411, #5232 ) ;
#1122 = LINE ( 'NONE', #5617, #2544 ) ;
#1123 = PRESENTATION_STYLE_ASSIGNMENT (( #5724 ) ) ;
#1124 =( GEOMETRIC_REPRESENTATION_CONTEXT ( 3 ) GLOBAL_UNCERTAINTY_ASSIGNED_CONTEXT ( ( #1949 ) ) GLOBAL_UNIT_ASSIGNED_CONTEXT ( ( #1352, #3492, #6714 ) ) REPRESENTATION_CONTEXT ( 'NONE', 'WORKASPACE' ) );
#1125 = CARTESIAN_POINT ( 'NONE',  ( 12.00000000000005300, 3.500000000000000000, -1.499999999999998200 ) ) ;
#1126 = CARTESIAN_POINT ( 'NONE',  ( 12.50000000000000000, -4.499999999999992900, 4.000000000000000000 ) ) ;
#1127 = FACE_OUTER_BOUND ( 'NONE', #3321, .T. ) ;
#1128 = AXIS2_PLACEMENT_3D ( 'NONE', #1856, #5618, #2390 ) ;
#1129 = VERTEX_POINT ( 'NONE', #3268 ) ;
#1130 = LINE ( 'NONE', #696, #5243 ) ;
#1131 =( NAMED_UNIT ( * ) SI_UNIT ( $, .STERADIAN. ) SOLID_ANGLE_UNIT ( ) );
#1132 = PRESENTATION_STYLE_ASSIGNMENT (( #5169 ) ) ;
#1133 = DIRECTION ( 'NONE',  ( -0.8524342904835906500, 0.0000000000000000000, -0.5228343718690817700 ) ) ;
#1134 = CARTESIAN_POINT ( 'NONE',  ( 12.00000000000000200, 3.500000000000000000, 3.500000000000000000 ) ) ;
#1135 = FACE_OUTER_BOUND ( 'NONE', #2231, .T. ) ;
#1136 = CARTESIAN_POINT ( 'NONE',  ( 0.0000000000000000000, 3.500000000000000000, 0.0000000000000000000 ) ) ;
#1137 = FACE_OUTER_BOUND ( 'NONE', #4024, .T. ) ;
#1138 = VECTOR ( 'NONE', #3360, 1000.000000000000000 ) ;
#1139 = CARTESIAN_POINT ( 'NONE',  ( -9.882335357453893500, 0.05000000000000000300, 0.08134923437046887000 ) ) ;
#1140 = ADVANCED_FACE ( 'NONE', ( #5691 ), #47, .F. ) ;
#1141 =( LENGTH_UNIT ( ) NAMED_UNIT ( * ) SI_UNIT ( .MILLI., .METRE. ) );
#1142 = ORIENTED_EDGE ( 'NONE', *, *, #3875, .T. ) ;
#1143 = EDGE_LOOP ( 'NONE', ( #5372, #3661, #4697, #5632 ) ) ;
#1144 = DIRECTION ( 'NONE',  ( -0.0000000000000000000, 1.000000000000000000, -0.0000000000000000000 ) ) ;
#1145 = PRESENTATION_LAYER_ASSIGNMENT (  '', '', ( #411 ) ) ;
#1146 = VERTEX_POINT ( 'NONE', #2711 ) ;
#1147 = CARTESIAN_POINT ( 'NONE',  ( -3.105661583331458700, 0.05000000000000000300, -0.4766489202095020000 ) ) ;
#1148 = VECTOR ( 'NONE', #3626, 1000.000000000000000 ) ;
#1149 = CARTESIAN_POINT ( 'NONE',  ( -13.49999999999999800, 0.0000000000000000000, 6.000000000000008000 ) ) ;
#1150 = VECTOR ( 'NONE', #3291, 1000.000000000000000 ) ;
#1151 = MECHANICAL_DESIGN_GEOMETRIC_PRESENTATION_REPRESENTATION (  '', ( #418 ), #1520 ) ;
#1152 =( GEOMETRIC_REPRESENTATION_CONTEXT ( 3 ) GLOBAL_UNCERTAINTY_ASSIGNED_CONTEXT ( ( #3520 ) ) GLOBAL_UNIT_ASSIGNED_CONTEXT ( ( #834, #4591, #1389 ) ) REPRESENTATION_CONTEXT ( 'NONE', 'WORKASPACE' ) );
#1153 = DIRECTION ( 'NONE',  ( -0.0000000000000000000, -1.000000000000000000, -0.0000000000000000000 ) ) ;
#1154 = CARTESIAN_POINT ( 'NONE',  ( 12.50000000000000000, -4.499999999999992900, 3.500000000000000000 ) ) ;
#1155 = EDGE_LOOP ( 'NONE', ( #6702, #3958, #5311, #2085 ) ) ;
#1156 = SURFACE_SIDE_STYLE ('',( #1202 ) ) ;
#1157 = EDGE_CURVE ( 'NONE', #2984, #4401, #2832, .T. ) ;
#1158 = CARTESIAN_POINT ( 'NONE',  ( 19.75000000000000400, -5.749999999999976000, 1.500000000000000900 ) ) ;
#1159 = ORIENTED_EDGE ( 'NONE', *, *, #5684, .T. ) ;
#1160 =( NAMED_UNIT ( * ) PLANE_ANGLE_UNIT ( ) SI_UNIT ( $, .RADIAN. ) );
#1161 = DIRECTION ( 'NONE',  ( -0.0000000000000000000, -0.0000000000000000000, -1.000000000000000000 ) ) ;
#1162 = FILL_AREA_STYLE ('',( #4384 ) ) ;
#1163 = DIRECTION ( 'NONE',  ( 0.0000000000000000000, 1.000000000000000000, 0.0000000000000000000 ) ) ;
#1164 = DIRECTION ( 'NONE',  ( 0.0000000000000000000, 0.0000000000000000000, 1.000000000000000000 ) ) ;
#1165 = FACE_OUTER_BOUND ( 'NONE', #1707, .T. ) ;
#1166 = SURFACE_STYLE_USAGE ( .BOTH. , #4388 ) ;
#1167 = MECHANICAL_DESIGN_GEOMETRIC_PRESENTATION_REPRESENTATION (  '', ( #6699 ), #1533 ) ;
#1168 =( NAMED_UNIT ( * ) SI_UNIT ( $, .STERADIAN. ) SOLID_ANGLE_UNIT ( ) );
#1169 = SURFACE_STYLE_USAGE ( .BOTH. , #4390 ) ;
#1170 = VECTOR ( 'NONE', #3679, 1000.000000000000100 ) ;
#1171 = VECTOR ( 'NONE', #4791, 1000.000000000000000 ) ;
#1172 = SURFACE_SIDE_STYLE ('',( #4817 ) ) ;
#1173 = EDGE_CURVE ( 'NONE', #5660, #6718, #1420, .T. ) ;
#1174 = EDGE_CURVE ( 'NONE', #6883, #5044, #4109, .T. ) ;
#1175 = EDGE_CURVE ( 'NONE', #3561, #6451, #2660, .T. ) ;
#1176 = STYLED_ITEM ( 'NONE', ( #6796 ), #1820 ) ;
#1177 = EDGE_LOOP ( 'NONE', ( #6111, #3465, #6007, #1803 ) ) ;
#1178 = ORIENTED_EDGE ( 'NONE', *, *, #3307, .F. ) ;
#1179 = ORIENTED_EDGE ( 'NONE', *, *, #5826, .T. ) ;
#1180 = ADVANCED_FACE ( 'NONE', ( #3940 ), #3851, .F. ) ;
#1181 = LINE ( 'NONE', #72, #3872 ) ;
#1182 =( LENGTH_UNIT ( ) NAMED_UNIT ( * ) SI_UNIT ( .MILLI., .METRE. ) );
#1183 = VERTEX_POINT ( 'NONE', #2781 ) ;
#1184 = SURFACE_SIDE_STYLE ('',( #676 ) ) ;
#1185 = EDGE_LOOP ( 'NONE', ( #6890, #3642, #2978, #6662, #6887, #2829 ) ) ;
#1186 = ORIENTED_EDGE ( 'NONE', *, *, #365, .F. ) ;
#1187 = DIRECTION ( 'NONE',  ( 0.0000000000000000000, 0.0000000000000000000, -1.000000000000000000 ) ) ;
#1188 = DIRECTION ( 'NONE',  ( -0.0000000000000000000, -0.0000000000000000000, -1.000000000000000000 ) ) ;
#1189 = DIRECTION ( 'NONE',  ( 0.0000000000000000000, 0.0000000000000000000, -1.000000000000000000 ) ) ;
#1190 = EDGE_CURVE ( 'NONE', #1969, #3140, #6952, .T. ) ;
#1191 = DIRECTION ( 'NONE',  ( 0.8494962282757253500, 0.0000000000000000000, -0.5275946911648339300 ) ) ;
#1192 = PRESENTATION_LAYER_ASSIGNMENT (  '', '', ( #461 ) ) ;
#1193 = CARTESIAN_POINT ( 'NONE',  ( 0.0000000000000000000, 0.05000000000000000300, 0.0000000000000000000 ) ) ;
#1194 = DIRECTION ( 'NONE',  ( 0.0000000000000000000, 0.0000000000000000000, 1.000000000000000000 ) ) ;
#1195 = DIRECTION ( 'NONE',  ( 0.0000000000000000000, 1.000000000000000000, 0.0000000000000000000 ) ) ;
#1196 = CARTESIAN_POINT ( 'NONE',  ( 13.25000000000000700, -5.249999999999949400, -1.499999999999998200 ) ) ;
#1197 = UNCERTAINTY_MEASURE_WITH_UNIT (LENGTH_MEASURE( 1.000000000000000100E-005 ), #4921, 'distance_accuracy_value', 'NONE');
#1198 = CARTESIAN_POINT ( 'NONE',  ( 12.50000000000005300, 3.500000000000000000, -1.499999999999998200 ) ) ;
#1199 = MECHANICAL_DESIGN_GEOMETRIC_PRESENTATION_REPRESENTATION (  '', ( #468 ), #1563 ) ;
#1200 = STYLED_ITEM ( 'NONE', ( #2289 ), #3677 ) ;
#1201 = AXIS2_PLACEMENT_3D ( 'NONE', #3984, #4509, #1303 ) ;
#1202 = SURFACE_STYLE_FILL_AREA ( #4380 ) ;
#1203 =( LENGTH_UNIT ( ) NAMED_UNIT ( * ) SI_UNIT ( .MILLI., .METRE. ) );
#1204 = FACE_OUTER_BOUND ( 'NONE', #6740, .T. ) ;
#1205 = LINE ( 'NONE', #1134, #5308 ) ;
#1206 = EDGE_CURVE ( 'NONE', #6459, #5965, #2486, .T. ) ;
#1207 = VERTEX_POINT ( 'NONE', #5475 ) ;
#1208 = VECTOR ( 'NONE', #4779, 1000.000000000000000 ) ;
#1209 = VERTEX_POINT ( 'NONE', #6006 ) ;
#1210 = DIRECTION ( 'NONE',  ( 1.000000000000000000, 0.0000000000000000000, 0.0000000000000000000 ) ) ;
#1211 = CARTESIAN_POINT ( 'NONE',  ( -6.420229851527615500, 0.05000000000000000300, 2.287777753867636000 ) ) ;
#1212 = DIRECTION ( 'NONE',  ( 1.000000000000000000, 0.0000000000000000000, 0.0000000000000000000 ) ) ;
#1213 = FILL_AREA_STYLE_COLOUR ( '', #6870 ) ;
#1214 = COLOUR_RGB ( '',0.8980392156862745400, 0.8980392156862745400, 0.8980392156862745400 ) ;
#1215 = CARTESIAN_POINT ( 'NONE',  ( 13.50000000000000000, 0.0000000000000000000, 5.999999999999998200 ) ) ;
#1216 = COLOUR_RGB ( '',0.8980392156862745400, 0.8980392156862745400, 0.8980392156862745400 ) ;
#1217 = ORIENTED_EDGE ( 'NONE', *, *, #3538, .F. ) ;
#1218 = VERTEX_POINT ( 'NONE', #2263 ) ;
#1219 = CARTESIAN_POINT ( 'NONE',  ( 12.50000000000000000, -2.500000000000000000, 4.000000000000000000 ) ) ;
#1220 = LINE ( 'NONE', #138, #4083 ) ;
#1221 = CARTESIAN_POINT ( 'NONE',  ( -4.055661583331458400, 0.0000000000000000000, -2.833691923126678600 ) ) ;
#1222 = ORIENTED_EDGE ( 'NONE', *, *, #84, .T. ) ;
#1223 =( GEOMETRIC_REPRESENTATION_CONTEXT ( 3 ) GLOBAL_UNCERTAINTY_ASSIGNED_CONTEXT ( ( #2776 ) ) GLOBAL_UNIT_ASSIGNED_CONTEXT ( ( #6476, #2735, #5932 ) ) REPRESENTATION_CONTEXT ( 'NONE', 'WORKASPACE' ) );
#1224 = LINE ( 'NONE', #4592, #6590 ) ;
#1225 = FACE_OUTER_BOUND ( 'NONE', #856, .T. ) ;
#1226 = EDGE_LOOP ( 'NONE', ( #4734, #1839, #289, #3298 ) ) ;
#1227 = VERTEX_POINT ( 'NONE', #1196 ) ;
#1228 = AXIS2_PLACEMENT_3D ( 'NONE', #3084, #431, #4213 ) ;
#1229 = DIRECTION ( 'NONE',  ( 1.000000000000000000, 0.0000000000000000000, -1.224646799147353200E-016 ) ) ;
#1230 = LINE ( 'NONE', #5097, #6763 ) ;
#1231 =( LENGTH_UNIT ( ) NAMED_UNIT ( * ) SI_UNIT ( .MILLI., .METRE. ) );
#1232 = ORIENTED_EDGE ( 'NONE', *, *, #1554, .T. ) ;
#1233 = CARTESIAN_POINT ( 'NONE',  ( 12.00000000000002800, -4.499999999999992900, 1.000000000000000900 ) ) ;
#1234 = UNCERTAINTY_MEASURE_WITH_UNIT (LENGTH_MEASURE( 1.000000000000000100E-005 ), #6283, 'distance_accuracy_value', 'NONE');
#1235 = PLANE ( 'NONE',  #628 ) ;
#1236 = EDGE_CURVE ( 'NONE', #6595, #3908, #1061, .T. ) ;
#1237 = DIRECTION ( 'NONE',  ( 1.000000000000000000, 0.0000000000000000000, -0.0000000000000000000 ) ) ;
#1238 = STYLED_ITEM ( 'NONE', ( #1569 ), #3137 ) ;
#1239 = PRESENTATION_STYLE_ASSIGNMENT (( #338 ) ) ;
#1240 = DIRECTION ( 'NONE',  ( 0.0000000000000000000, 0.0000000000000000000, 1.000000000000000000 ) ) ;
#1241 = VERTEX_POINT ( 'NONE', #126 ) ;
#1242 = ORIENTED_EDGE ( 'NONE', *, *, #1174, .T. ) ;
#1243 = VECTOR ( 'NONE', #4392, 1000.000000000000000 ) ;
#1244 = FILL_AREA_STYLE_COLOUR ( '', #1476 ) ;
#1245 = CARTESIAN_POINT ( 'NONE',  ( -3.180661583331457500, 0.05000000000000000300, 3.548872037816159800 ) ) ;
#1246 = UNCERTAINTY_MEASURE_WITH_UNIT (LENGTH_MEASURE( 1.000000000000000100E-005 ), #5665, 'distance_accuracy_value', 'NONE');
#1247 = PRESENTATION_STYLE_ASSIGNMENT (( #5697 ) ) ;
#1248 = STYLED_ITEM ( 'NONE', ( #6431 ), #6556 ) ;
#1249 = FACE_BOUND ( 'NONE', #2903, .T. ) ;
#1250 = DIRECTION ( 'NONE',  ( -0.0000000000000000000, -1.000000000000000000, -0.0000000000000000000 ) ) ;
#1251 = DIRECTION ( 'NONE',  ( 0.0000000000000000000, 0.0000000000000000000, -1.000000000000000000 ) ) ;
#1252 = ORIENTED_EDGE ( 'NONE', *, *, #4774, .F. ) ;
#1253 = DIRECTION ( 'NONE',  ( 1.000000000000000000, -0.0000000000000000000, -0.0000000000000000000 ) ) ;
#1254 = EDGE_CURVE ( 'NONE', #918, #5660, #3765, .T. ) ;
#1255 = FACE_OUTER_BOUND ( 'NONE', #6317, .T. ) ;
#1256 = ORIENTED_EDGE ( 'NONE', *, *, #4501, .F. ) ;
#1257 = COLOUR_RGB ( '',0.8980392156862745400, 0.8980392156862745400, 0.8980392156862745400 ) ;
#1258 = DIRECTION ( 'NONE',  ( 1.000000000000000000, 0.0000000000000000000, 0.0000000000000000000 ) ) ;
#1259 = DIRECTION ( 'NONE',  ( 0.0000000000000000000, 3.469446951953614200E-015, -1.000000000000000000 ) ) ;
#1260 = SURFACE_SIDE_STYLE ('',( #2459 ) ) ;
#1261 = EDGE_LOOP ( 'NONE', ( #3089, #439, #889, #1864 ) ) ;
#1262 = DIRECTION ( 'NONE',  ( -1.000000000000000000, 0.0000000000000000000, -0.0000000000000000000 ) ) ;
#1263 = FACE_OUTER_BOUND ( 'NONE', #4646, .T. ) ;
#1264 = MECHANICAL_DESIGN_GEOMETRIC_PRESENTATION_REPRESENTATION (  '', ( #168 ), #1616 ) ;
#1265 =( NAMED_UNIT ( * ) SI_UNIT ( $, .STERADIAN. ) SOLID_ANGLE_UNIT ( ) );
#1266 = ORIENTED_EDGE ( 'NONE', *, *, #2154, .T. ) ;
#1267 = STYLED_ITEM ( 'NONE', ( #3272 ), #267 ) ;
#1268 = ORIENTED_EDGE ( 'NONE', *, *, #6422, .T. ) ;
#1269 = EDGE_LOOP ( 'NONE', ( #3951, #6882, #5571, #1038 ) ) ;
#1270 =( NAMED_UNIT ( * ) SI_UNIT ( $, .STERADIAN. ) SOLID_ANGLE_UNIT ( ) );
#1271 = EDGE_CURVE ( 'NONE', #3481, #3876, #6433, .T. ) ;
#1272 = EDGE_CURVE ( 'NONE', #3767, #4958, #2327, .T. ) ;
#1273 = DIRECTION ( 'NONE',  ( 1.000000000000000000, 0.0000000000000000000, 3.469446951953614200E-015 ) ) ;
#1274 = PRESENTATION_LAYER_ASSIGNMENT (  '', '', ( #897 ) ) ;
#1275 = CARTESIAN_POINT ( 'NONE',  ( -2.705661583331457500, 0.05000000000000000300, -4.300355183510403900 ) ) ;
#1276 = VERTEX_POINT ( 'NONE', #3364 ) ;
#1277 = PRODUCT_DEFINITION_SHAPE ( 'NONE', 'NONE',  #4302 ) ;
#1278 = VECTOR ( 'NONE', #2298, 1000.000000000000000 ) ;
#1279 = CARTESIAN_POINT ( 'NONE',  ( -5.651917560564885300, 0.05000000000000000300, 1.859030876677710600 ) ) ;
#1280 = DIRECTION ( 'NONE',  ( 0.8498136422762459000, -0.0000000000000000000, -0.5270832698930793000 ) ) ;
#1281 = LINE ( 'NONE', #4433, #6811 ) ;
#1282 = DIRECTION ( 'NONE',  ( 1.000000000000000000, -0.0000000000000000000, -0.0000000000000000000 ) ) ;
#1283 =( NAMED_UNIT ( * ) PLANE_ANGLE_UNIT ( ) SI_UNIT ( $, .RADIAN. ) );
#1284 = ORIENTED_EDGE ( 'NONE', *, *, #6551, .T. ) ;
#1285 = DIRECTION ( 'NONE',  ( 0.0000000000000000000, 0.0000000000000000000, -1.000000000000000000 ) ) ;
#1286 = SURFACE_STYLE_USAGE ( .BOTH. , #4497 ) ;
#1287 = CARTESIAN_POINT ( 'NONE',  ( 13.25000000000000200, -4.500000000000000000, 0.0000000000000000000 ) ) ;
#1288 = CARTESIAN_POINT ( 'NONE',  ( 0.2089066848647014300, 0.05000000000000000300, 1.887535927521140700 ) ) ;
#1289 = AXIS2_PLACEMENT_3D ( 'NONE', #1147, #1683, #5427 ) ;
#1290 = FILL_AREA_STYLE_COLOUR ( '', #5814 ) ;
#1291 = FACE_BOUND ( 'NONE', #2644, .T. ) ;
#1292 = ORIENTED_EDGE ( 'NONE', *, *, #3187, .T. ) ;
#1293 = MECHANICAL_DESIGN_GEOMETRIC_PRESENTATION_REPRESENTATION (  '', ( #554 ), #1642 ) ;
#1294 =( GEOMETRIC_REPRESENTATION_CONTEXT ( 3 ) GLOBAL_UNCERTAINTY_ASSIGNED_CONTEXT ( ( #5287 ) ) GLOBAL_UNIT_ASSIGNED_CONTEXT ( ( #3692, #471, #4246 ) ) REPRESENTATION_CONTEXT ( 'NONE', 'WORKASPACE' ) );
#1295 = DIRECTION ( 'NONE',  ( -0.0000000000000000000, -1.000000000000000000, -0.0000000000000000000 ) ) ;
#1296 = LINE ( 'NONE', #983, #4161 ) ;
#1297 = CARTESIAN_POINT ( 'NONE',  ( -3.800000000000002900, 6.000000000000000000, 0.0000000000000000000 ) ) ;
#1298 = CARTESIAN_POINT ( 'NONE',  ( 19.74999999999999600, -5.249999999999975100, 1.000000000000000900 ) ) ;
#1299 = VECTOR ( 'NONE', #6794, 1000.000000000000000 ) ;
#1300 = VERTEX_POINT ( 'NONE', #1219 ) ;
#1301 = ORIENTED_EDGE ( 'NONE', *, *, #4858, .T. ) ;
#1302 =( NAMED_UNIT ( * ) SI_UNIT ( $, .STERADIAN. ) SOLID_ANGLE_UNIT ( ) );
#1303 = DIRECTION ( 'NONE',  ( -0.8498136422762459000, 0.0000000000000000000, -0.5270832698930794100 ) ) ;
#1304 = ADVANCED_FACE ( 'NONE', ( #3588 ), #4348, .T. ) ;
#1305 = VERTEX_POINT ( 'NONE', #3952 ) ;
#1306 = DIRECTION ( 'NONE',  ( 0.0000000000000000000, 0.0000000000000000000, 1.000000000000000000 ) ) ;
#1307 = VECTOR ( 'NONE', #1250, 1000.000000000000000 ) ;
#1308 = FACE_OUTER_BOUND ( 'NONE', #3352, .T. ) ;
#1309 = LINE ( 'NONE', #3004, #4003 ) ;
#1310 = DIRECTION ( 'NONE',  ( 3.469446951953614200E-015, 0.0000000000000000000, -1.000000000000000000 ) ) ;
#1311 = DIRECTION ( 'NONE',  ( 3.469446951953611000E-015, 0.0000000000000000000, -1.000000000000000000 ) ) ;
#1312 = VECTOR ( 'NONE', #749, 1000.000000000000000 ) ;
#1313 = PRESENTATION_STYLE_ASSIGNMENT (( #6802 ) ) ;
#1314 = EDGE_CURVE ( 'NONE', #4533, #493, #5762, .T. ) ;
#1315 = VECTOR ( 'NONE', #402, 1000.000000000000000 ) ;
#1316 = LINE ( 'NONE', #4434, #2731 ) ;
#1317 = DIRECTION ( 'NONE',  ( -0.0000000000000000000, -1.000000000000000000, -0.0000000000000000000 ) ) ;
#1318 = CARTESIAN_POINT ( 'NONE',  ( -2.705661583331457500, 0.0000000000000000000, -2.833691923126678600 ) ) ;
#1319 = ORIENTED_EDGE ( 'NONE', *, *, #5700, .F. ) ;
#1320 = ORIENTED_EDGE ( 'NONE', *, *, #3538, .T. ) ;
#1321 = DIRECTION ( 'NONE',  ( 1.392757777031960500E-014, -1.000000000000000000, -0.0000000000000000000 ) ) ;
#1322 = DIRECTION ( 'NONE',  ( -0.0000000000000000000, 1.000000000000000000, -0.0000000000000000000 ) ) ;
#1323 = CARTESIAN_POINT ( 'NONE',  ( -3.380661583331455900, 0.0000000000000000000, 0.0000000000000000000 ) ) ;
#1324 = VECTOR ( 'NONE', #397, 1000.000000000000000 ) ;
#1325 = FILL_AREA_STYLE_COLOUR ( '', #6123 ) ;
#1326 = MANIFOLD_SOLID_BREP ( 'Вырез-Вытянуть1', #5531 ) ;
#1327 = VECTOR ( 'NONE', #1657, 1000.000000000000000 ) ;
#1328 = EDGE_CURVE ( 'NONE', #6949, #3870, #3845, .T. ) ;
#1329 = DIRECTION ( 'NONE',  ( 0.0000000000000000000, 0.0000000000000000000, -1.000000000000000000 ) ) ;
#1330 = CARTESIAN_POINT ( 'NONE',  ( 13.25000000000000700, -5.249999999999922700, -3.499999999999997800 ) ) ;
#1331 = ORIENTED_EDGE ( 'NONE', *, *, #2072, .F. ) ;
#1332 = VECTOR ( 'NONE', #1093, 1000.000000000000000 ) ;
#1333 = ORIENTED_EDGE ( 'NONE', *, *, #1447, .T. ) ;
#1334 =( GEOMETRIC_REPRESENTATION_CONTEXT ( 3 ) GLOBAL_UNCERTAINTY_ASSIGNED_CONTEXT ( ( #3422 ) ) GLOBAL_UNIT_ASSIGNED_CONTEXT ( ( #6435, #2687, #5889 ) ) REPRESENTATION_CONTEXT ( 'NONE', 'WORKASPACE' ) );
#1335 =( GEOMETRIC_REPRESENTATION_CONTEXT ( 3 ) GLOBAL_UNCERTAINTY_ASSIGNED_CONTEXT ( ( #451 ) ) GLOBAL_UNIT_ASSIGNED_CONTEXT ( ( #4299, #1064, #4824 ) ) REPRESENTATION_CONTEXT ( 'NONE', 'WORKASPACE' ) );
#1336 = DIRECTION ( 'NONE',  ( 1.000000000000000000, 0.0000000000000000000, -0.0000000000000000000 ) ) ;
#1337 = ORIENTED_EDGE ( 'NONE', *, *, #383, .T. ) ;
#1338 = MECHANICAL_DESIGN_GEOMETRIC_PRESENTATION_REPRESENTATION (  '', ( #243 ), #1687 ) ;
#1339 = DIRECTION ( 'NONE',  ( 1.734723475976807100E-016, 0.0000000000000000000, -1.000000000000000000 ) ) ;
#1340 = DIRECTION ( 'NONE',  ( -0.0000000000000000000, -1.000000000000000000, -0.0000000000000000000 ) ) ;
#1341 = VECTOR ( 'NONE', #2753, 1000.000000000000000 ) ;
#1342 =( NAMED_UNIT ( * ) SI_UNIT ( $, .STERADIAN. ) SOLID_ANGLE_UNIT ( ) );
#1343 = UNCERTAINTY_MEASURE_WITH_UNIT (LENGTH_MEASURE( 1.000000000000000100E-005 ), #1231, 'distance_accuracy_value', 'NONE');
#1344 = VECTOR ( 'NONE', #1821, 1000.000000000000000 ) ;
#1345 = CARTESIAN_POINT ( 'NONE',  ( 12.50000000000002700, 3.500000000000000000, 1.000000000000000900 ) ) ;
#1346 = FACE_OUTER_BOUND ( 'NONE', #6686, .T. ) ;
#1347 = ADVANCED_FACE ( 'NONE', ( #974 ), #4587, .F. ) ;
#1348 = CARTESIAN_POINT ( 'NONE',  ( 0.2089066848647014300, 0.0000000000000000000, 1.240335208870860100 ) ) ;
#1349 = FACE_OUTER_BOUND ( 'NONE', #4812, .T. ) ;
#1350 = EDGE_CURVE ( 'NONE', #1518, #3010, #3330, .T. ) ;
#1351 = CARTESIAN_POINT ( 'NONE',  ( -9.332335357453892800, 0.05000000000000000300, -3.475422238637514600 ) ) ;
#1352 =( LENGTH_UNIT ( ) NAMED_UNIT ( * ) SI_UNIT ( .MILLI., .METRE. ) );
#1353 = ORIENTED_EDGE ( 'NONE', *, *, #2958, .T. ) ;
#1354 = EDGE_LOOP ( 'NONE', ( #2933, #6761, #4785, #5868 ) ) ;
#1355 = ORIENTED_EDGE ( 'NONE', *, *, #3494, .F. ) ;
#1356 = ORIENTED_EDGE ( 'NONE', *, *, #3373, .T. ) ;
#1357 =( LENGTH_UNIT ( ) NAMED_UNIT ( * ) SI_UNIT ( .MILLI., .METRE. ) );
#1358 = ORIENTED_EDGE ( 'NONE', *, *, #2606, .F. ) ;
#1359 = ORIENTED_EDGE ( 'NONE', *, *, #6787, .F. ) ;
#1360 = MECHANICAL_DESIGN_GEOMETRIC_PRESENTATION_REPRESENTATION (  '', ( #263 ), #1705 ) ;
#1361 = VECTOR ( 'NONE', #1251, 1000.000000000000000 ) ;
#1362 = FILL_AREA_STYLE_COLOUR ( '', #2040 ) ;
#1363 = AXIS2_PLACEMENT_3D ( 'NONE', #6620, #3402, #181 ) ;
#1364 = FILL_AREA_STYLE_COLOUR ( '', #6284 ) ;
#1365 = CARTESIAN_POINT ( 'NONE',  ( 2.571012190790981300, 0.0000000000000000000, -0.2247228132164734400 ) ) ;
#1366 = CARTESIAN_POINT ( 'NONE',  ( -6.420229851527615500, 0.05000000000000000300, 1.887777753867637000 ) ) ;
#1367 =( GEOMETRIC_REPRESENTATION_CONTEXT ( 3 ) GLOBAL_UNCERTAINTY_ASSIGNED_CONTEXT ( ( #2866 ) ) GLOBAL_UNIT_ASSIGNED_CONTEXT ( ( #1439, #5181, #1961 ) ) REPRESENTATION_CONTEXT ( 'NONE', 'WORKASPACE' ) );
#1368 = DIRECTION ( 'NONE',  ( 0.0000000000000000000, -0.0000000000000000000, 1.000000000000000000 ) ) ;
#1369 = CARTESIAN_POINT ( 'NONE',  ( 0.2089066848647014300, 0.0000000000000000000, 4.825265866064569300 ) ) ;
#1370 = CIRCLE ( 'NONE', #6126, 1.249999999999949200 ) ;
#1371 = FILL_AREA_STYLE ('',( #278 ) ) ;
#1372 = EDGE_CURVE ( 'NONE', #1437, #1207, #1896, .T. ) ;
#1373 = STYLED_ITEM ( 'NONE', ( #1808 ), #2991 ) ;
#1374 = VECTOR ( 'NONE', #5399, 1000.000000000000000 ) ;
#1375 = AXIS2_PLACEMENT_3D ( 'NONE', #379, #4156, #914 ) ;
#1377 = VECTOR ( 'NONE', #6145, 1000.000000000000000 ) ;
#1376 = DIRECTION ( 'NONE',  ( -1.000000000000000000, 0.0000000000000000000, 0.0000000000000000000 ) ) ;
#1378 =( NAMED_UNIT ( * ) SI_UNIT ( $, .STERADIAN. ) SOLID_ANGLE_UNIT ( ) );
#1379 = VECTOR ( 'NONE', #2223, 1000.000000000000000 ) ;
#1380 = FILL_AREA_STYLE ('',( #2960 ) ) ;
#1381 = ORIENTED_EDGE ( 'NONE', *, *, #3693, .F. ) ;
#1382 = EDGE_LOOP ( 'NONE', ( #4048, #3581, #5452, #3091 ) ) ;
#1383 = DIRECTION ( 'NONE',  ( 1.000000000000000000, 0.0000000000000000000, 0.0000000000000000000 ) ) ;
#1384 = PRESENTATION_STYLE_ASSIGNMENT (( #2897 ) ) ;
#1385 = SURFACE_STYLE_USAGE ( .BOTH. , #4586 ) ;
#1386 = VECTOR ( 'NONE', #868, 1000.000000000000000 ) ;
#1387 = AXIS2_PLACEMENT_3D ( 'NONE', #2533, #6279, #3077 ) ;
#1388 = VERTEX_POINT ( 'NONE', #2922 ) ;
#1389 =( NAMED_UNIT ( * ) SI_UNIT ( $, .STERADIAN. ) SOLID_ANGLE_UNIT ( ) );
#1390 = SURFACE_STYLE_FILL_AREA ( #6713 ) ;
#1391 = VECTOR ( 'NONE', #166, 1000.000000000000000 ) ;
#1392 = DIRECTION ( 'NONE',  ( -0.0000000000000000000, -1.000000000000000000, -0.0000000000000000000 ) ) ;
#1393 = EDGE_CURVE ( 'NONE', #2886, #1388, #2518, .T. ) ;
#1394 = FILL_AREA_STYLE ('',( #4168 ) ) ;
#1395 = VERTEX_POINT ( 'NONE', #6128 ) ;
#1396 = LINE ( 'NONE', #3676, #3922 ) ;
#1397 = CARTESIAN_POINT ( 'NONE',  ( -4.055661583331458400, 0.05000000000000000300, -2.833691923126678600 ) ) ;
#1398 = PLANE ( 'NONE',  #86 ) ;
#1399 = AXIS2_PLACEMENT_3D ( 'NONE', #2749, #6498, #3282 ) ;
#1400 = ORIENTED_EDGE ( 'NONE', *, *, #63, .F. ) ;
#1401 = ORIENTED_EDGE ( 'NONE', *, *, #3759, .T. ) ;
#1402 = DIRECTION ( 'NONE',  ( 0.0000000000000000000, 0.0000000000000000000, -1.000000000000000000 ) ) ;
#1403 =( NAMED_UNIT ( * ) SI_UNIT ( $, .STERADIAN. ) SOLID_ANGLE_UNIT ( ) );
#1404 = LINE ( 'NONE', #2935, #2645 ) ;
#1405 = FACE_OUTER_BOUND ( 'NONE', #2172, .T. ) ;
#1406 = EDGE_CURVE ( 'NONE', #2763, #2984, #3154, .T. ) ;
#1407 = FACE_OUTER_BOUND ( 'NONE', #2843, .T. ) ;
#1408 = EDGE_CURVE ( 'NONE', #918, #2309, #6644, .T. ) ;
#1409 = DIRECTION ( 'NONE',  ( 1.000000000000000000, 0.0000000000000000000, 0.0000000000000000000 ) ) ;
#1410 = DIRECTION ( 'NONE',  ( 0.0000000000000000000, 0.0000000000000000000, -1.000000000000000000 ) ) ;
#1411 = ORIENTED_EDGE ( 'NONE', *, *, #6229, .F. ) ;
#1412 =( GEOMETRIC_REPRESENTATION_CONTEXT ( 3 ) GLOBAL_UNCERTAINTY_ASSIGNED_CONTEXT ( ( #2125 ) ) GLOBAL_UNIT_ASSIGNED_CONTEXT ( ( #1618, #5370, #2142 ) ) REPRESENTATION_CONTEXT ( 'NONE', 'WORKASPACE' ) );
#1413 = CARTESIAN_POINT ( 'NONE',  ( -13.49999999999999800, 0.0000000000000000000, -8.999999999999996400 ) ) ;
#1414 = DIRECTION ( 'NONE',  ( -0.0000000000000000000, -1.000000000000000000, -0.0000000000000000000 ) ) ;
#1415 = SURFACE_SIDE_STYLE ('',( #5389 ) ) ;
#1416 = FILL_AREA_STYLE ('',( #2995 ) ) ;
#1417 = ORIENTED_EDGE ( 'NONE', *, *, #2342, .T. ) ;
#1418 = UNCERTAINTY_MEASURE_WITH_UNIT (LENGTH_MEASURE( 1.000000000000000100E-005 ), #2059, 'distance_accuracy_value', 'NONE');
#1419 = VECTOR ( 'NONE', #2097, 1000.000000000000000 ) ;
#1420 = LINE ( 'NONE', #2758, #1584 ) ;
#1421 = CARTESIAN_POINT ( 'NONE',  ( 12.50000000000000000, 1.500000000000000000, 3.500000000000000000 ) ) ;
#1422 =( NAMED_UNIT ( * ) SI_UNIT ( $, .STERADIAN. ) SOLID_ANGLE_UNIT ( ) );
#1423 = CARTESIAN_POINT ( 'NONE',  ( 12.50000000000005300, 1.500000000000000000, -1.499999999999998200 ) ) ;
#1424 = VERTEX_POINT ( 'NONE', #4560 ) ;
#1425 = SURFACE_SIDE_STYLE ('',( #6836 ) ) ;
#1426 = VECTOR ( 'NONE', #2578, 1000.000000000000000 ) ;
#1427 = AXIS2_PLACEMENT_3D ( 'NONE', #886, #1444, #5187 ) ;
#1428 = ORIENTED_EDGE ( 'NONE', *, *, #4233, .F. ) ;
#1429 = CARTESIAN_POINT ( 'NONE',  ( 12.50000000000007800, -2.500000000000000000, -3.499999999999997800 ) ) ;
#1430 = MECHANICAL_DESIGN_GEOMETRIC_PRESENTATION_REPRESENTATION (  '', ( #6956 ), #1772 ) ;
#1431 = FACE_OUTER_BOUND ( 'NONE', #3333, .T. ) ;
#1432 = ORIENTED_EDGE ( 'NONE', *, *, #1862, .T. ) ;
#1433 = DIRECTION ( 'NONE',  ( -1.000000000000000000, 0.0000000000000000000, -0.0000000000000000000 ) ) ;
#1434 = ORIENTED_EDGE ( 'NONE', *, *, #2603, .T. ) ;
#1435 = VECTOR ( 'NONE', #887, 1000.000000000000000 ) ;
#1436 = CARTESIAN_POINT ( 'NONE',  ( 13.25000000000001400, -5.749999999999974200, 1.000000000000000900 ) ) ;
#1437 = VERTEX_POINT ( 'NONE', #4039 ) ;
#1438 = CARTESIAN_POINT ( 'NONE',  ( -4.055661583331458400, 0.05000000000000000300, -2.833691923126678600 ) ) ;
#1439 =( LENGTH_UNIT ( ) NAMED_UNIT ( * ) SI_UNIT ( .MILLI., .METRE. ) );
#1440 = ORIENTED_EDGE ( 'NONE', *, *, #3106, .T. ) ;
#1441 = ORIENTED_EDGE ( 'NONE', *, *, #6321, .F. ) ;
#1442 = EDGE_CURVE ( 'NONE', #5713, #2562, #922, .T. ) ;
#1443 = AXIS2_PLACEMENT_3D ( 'NONE', #129, #3899, #672 ) ;
#1444 = DIRECTION ( 'NONE',  ( -0.5275946911648336000, 0.0000000000000000000, 0.8494962282757256800 ) ) ;
#1445 = LINE ( 'NONE', #4963, #6978 ) ;
#1446 = DIRECTION ( 'NONE',  ( 1.000000000000000000, 0.0000000000000000000, 0.0000000000000000000 ) ) ;
#1447 = EDGE_CURVE ( 'NONE', #3198, #5079, #5210, .T. ) ;
#1448 = FILL_AREA_STYLE_COLOUR ( '', #1214 ) ;
#1449 = VECTOR ( 'NONE', #3862, 1000.000000000000000 ) ;
#1450 = UNCERTAINTY_MEASURE_WITH_UNIT (LENGTH_MEASURE( 1.000000000000000100E-005 ), #1105, 'distance_accuracy_value', 'NONE');
#1451 = CARTESIAN_POINT ( 'NONE',  ( -2.705661583331457500, 0.05000000000000000300, -4.300355183510403900 ) ) ;
#1452 = FILL_AREA_STYLE_COLOUR ( '', #13 ) ;
#1453 = EDGE_LOOP ( 'NONE', ( #3064, #1159, #6458, #2963 ) ) ;
#1454 = CARTESIAN_POINT ( 'NONE',  ( -5.651917560564885300, 0.05000000000000000300, 1.859030876677710600 ) ) ;
#1455 = STYLED_ITEM ( 'NONE', ( #2884 ), #2649 ) ;
#1456 = SURFACE_STYLE_USAGE ( .BOTH. , #4389 ) ;
#1457 = FILL_AREA_STYLE ('',( #4664 ) ) ;
#1458 = LINE ( 'NONE', #2583, #4313 ) ;
#1459 = EDGE_CURVE ( 'NONE', #2033, #526, #5051, .T. ) ;
#1460 = CARTESIAN_POINT ( 'NONE',  ( 12.50000000000005300, -2.500000000000000000, -0.9999999999999983300 ) ) ;
#1461 = FACE_BOUND ( 'NONE', #1550, .T. ) ;
#1462 = EDGE_LOOP ( 'NONE', ( #1047, #1660, #6826, #2509 ) ) ;
#1463 = PRESENTATION_STYLE_ASSIGNMENT (( #1776 ) ) ;
#1464 = DIRECTION ( 'NONE',  ( -0.0000000000000000000, 0.0000000000000000000, -1.000000000000000000 ) ) ;
#1465 = DIRECTION ( 'NONE',  ( -1.000000000000000000, -0.0000000000000000000, -0.0000000000000000000 ) ) ;
#1466 = ADVANCED_FACE ( 'NONE', ( #2355 ), #4064, .T. ) ;
#1467 = AXIS2_PLACEMENT_3D ( 'NONE', #2291, #156, #3935 ) ;
#1468 = LINE ( 'NONE', #3294, #5568 ) ;
#1469 = LINE ( 'NONE', #1951, #5569 ) ;
#1470 = AXIS2_PLACEMENT_3D ( 'NONE', #6901, #3699, #474 ) ;
#1471 = ORIENTED_EDGE ( 'NONE', *, *, #1895, .T. ) ;
#1472 = PLANE ( 'NONE',  #201 ) ;
#1473 = DIRECTION ( 'NONE',  ( 0.0000000000000000000, -0.0000000000000000000, -1.000000000000000000 ) ) ;
#1474 = CARTESIAN_POINT ( 'NONE',  ( 12.50000000000002700, -4.499999999999992900, 1.000000000000000900 ) ) ;
#1475 = EDGE_LOOP ( 'NONE', ( #6717, #5395, #6497, #1268 ) ) ;
#1476 = COLOUR_RGB ( '',0.8980392156862745400, 0.8980392156862745400, 0.8980392156862745400 ) ;
#1477 = ORIENTED_EDGE ( 'NONE', *, *, #81, .T. ) ;
#1478 =( LENGTH_UNIT ( ) NAMED_UNIT ( * ) SI_UNIT ( .MILLI., .METRE. ) );
#1479 = VECTOR ( 'NONE', #2155, 1000.000000000000000 ) ;
#1480 =( LENGTH_UNIT ( ) NAMED_UNIT ( * ) SI_UNIT ( .MILLI., .METRE. ) );
#1481 = CARTESIAN_POINT ( 'NONE',  ( -2.705661583331457500, 0.05000000000000000300, -4.300355183510403900 ) ) ;
#1482 = AXIS2_PLACEMENT_3D ( 'NONE', #2853, #6609, #3385 ) ;
#1483 = EDGE_CURVE ( 'NONE', #3595, #863, #257, .T. ) ;
#1484 = SURFACE_STYLE_USAGE ( .BOTH. , #4687 ) ;
#1485 = PLANE ( 'NONE',  #5305 ) ;
#1486 = LINE ( 'NONE', #4512, #6841 ) ;
#1487 = VERTEX_POINT ( 'NONE', #844 ) ;
#1488 = VERTEX_POINT ( 'NONE', #1413 ) ;
#1489 = DIRECTION ( 'NONE',  ( 1.000000000000000000, 0.0000000000000000000, -0.0000000000000000000 ) ) ;
#1490 = AXIS2_PLACEMENT_3D ( 'NONE', #1110, #4868, #1651 ) ;
#1491 = CIRCLE ( 'NONE', #1482, 0.7499999999999486000 ) ;
#1492 = DIRECTION ( 'NONE',  ( 1.000000000000000000, 0.0000000000000000000, 0.0000000000000000000 ) ) ;
#1493 = PRESENTATION_LAYER_ASSIGNMENT (  '', '', ( #1838 ) ) ;
#1494 = LINE ( 'NONE', #6477, #4019 ) ;
#1495 = COLOUR_RGB ( '',0.7921568627450980000, 0.8196078431372548800, 0.9333333333333333500 ) ;
#1496 = DIRECTION ( 'NONE',  ( -0.0000000000000000000, -1.000000000000000000, -0.0000000000000000000 ) ) ;
#1497 = DIRECTION ( 'NONE',  ( 0.0000000000000000000, 1.000000000000000000, 0.0000000000000000000 ) ) ;
#1498 = AXIS2_PLACEMENT_3D ( 'NONE', #5563, #2351, #6091 ) ;
#1499 = DIRECTION ( 'NONE',  ( 1.734723475976807100E-016, 0.0000000000000000000, -1.000000000000000000 ) ) ;
#1500 = VERTEX_POINT ( 'NONE', #5151 ) ;
#1501 = SURFACE_STYLE_FILL_AREA ( #923 ) ;
#1502 = VECTOR ( 'NONE', #6970, 1000.000000000000000 ) ;
#1503 = CARTESIAN_POINT ( 'NONE',  ( -3.105661583331458700, 0.0000000000000000000, -3.729561558723129400 ) ) ;
#1504 = ADVANCED_FACE ( 'NONE', ( #2942 ), #4608, .F. ) ;
#1505 = ORIENTED_EDGE ( 'NONE', *, *, #5069, .T. ) ;
#1506 = CARTESIAN_POINT ( 'NONE',  ( -6.420229851527615500, 0.05000000000000000300, 0.8403352088708592200 ) ) ;
#1507 = CARTESIAN_POINT ( 'NONE',  ( 12.00000000000007800, 3.500000000000000000, -3.499999999999997800 ) ) ;
#1508 = SURFACE_STYLE_FILL_AREA ( #6555 ) ;
#1509 = CIRCLE ( 'NONE', #2719, 6.383577844100016400 ) ;
#1510 = CIRCLE ( 'NONE', #5280, 9.800000000000000700 ) ;
#1511 = MECHANICAL_DESIGN_GEOMETRIC_PRESENTATION_REPRESENTATION (  '', ( #411 ), #1853 ) ;
#1512 = SURFACE_STYLE_USAGE ( .BOTH. , #4717 ) ;
#1513 =( NAMED_UNIT ( * ) SI_UNIT ( $, .STERADIAN. ) SOLID_ANGLE_UNIT ( ) );
#1514 = LINE ( 'NONE', #2600, #2930 ) ;
#1515 = ADVANCED_FACE ( 'NONE', ( #2427 ), #5718, .F. ) ;
#1516 = VECTOR ( 'NONE', #6399, 1000.000000000000100 ) ;
#1517 = ORIENTED_EDGE ( 'NONE', *, *, #3865, .T. ) ;
#1518 = VERTEX_POINT ( 'NONE', #1950 ) ;
#1519 = ORIENTED_EDGE ( 'NONE', *, *, #2048, .T. ) ;
#1520 =( GEOMETRIC_REPRESENTATION_CONTEXT ( 3 ) GLOBAL_UNCERTAINTY_ASSIGNED_CONTEXT ( ( #2950 ) ) GLOBAL_UNIT_ASSIGNED_CONTEXT ( ( #5131, #1907, #5669 ) ) REPRESENTATION_CONTEXT ( 'NONE', 'WORKASPACE' ) );
#1521 = DIRECTION ( 'NONE',  ( -1.000000000000000000, 0.0000000000000000000, -0.0000000000000000000 ) ) ;
#1522 = SURFACE_STYLE_USAGE ( .BOTH. , #4724 ) ;
#1523 = ORIENTED_EDGE ( 'NONE', *, *, #1063, .T. ) ;
#1524 =( LENGTH_UNIT ( ) NAMED_UNIT ( * ) SI_UNIT ( .MILLI., .METRE. ) );
#1525 = DIRECTION ( 'NONE',  ( -0.0000000000000000000, -1.000000000000000000, -0.0000000000000000000 ) ) ;
#1526 = VERTEX_POINT ( 'NONE', #6793 ) ;
#1527 = ORIENTED_EDGE ( 'NONE', *, *, #6422, .F. ) ;
#1528 = FILL_AREA_STYLE_COLOUR ( '', #960 ) ;
#1529 = EDGE_CURVE ( 'NONE', #3390, #3561, #1530, .T. ) ;
#1530 = LINE ( 'NONE', #4136, #5127 ) ;
#1531 = FILL_AREA_STYLE_COLOUR ( '', #4725 ) ;
#1532 = ADVANCED_FACE ( 'NONE', ( #6552 ), #898, .F. ) ;
#1533 =( GEOMETRIC_REPRESENTATION_CONTEXT ( 3 ) GLOBAL_UNCERTAINTY_ASSIGNED_CONTEXT ( ( #3931 ) ) GLOBAL_UNIT_ASSIGNED_CONTEXT ( ( #5292, #2062, #5825 ) ) REPRESENTATION_CONTEXT ( 'NONE', 'WORKASPACE' ) );
#1534 = PLANE ( 'NONE',  #703 ) ;
#1535 = CARTESIAN_POINT ( 'NONE',  ( 12.00000000000002700, -2.500000000000000000, 1.500000000000000900 ) ) ;
#1536 = EDGE_CURVE ( 'NONE', #3738, #751, #2268, .T. ) ;
#1537 = ADVANCED_FACE ( 'NONE', ( #6373 ), #3059, .F. ) ;
#1538 = EDGE_CURVE ( 'NONE', #3444, #2426, #5872, .T. ) ;
#1539 = FILL_AREA_STYLE_COLOUR ( '', #1075 ) ;
#1540 = EDGE_CURVE ( 'NONE', #4865, #5161, #3186, .T. ) ;
#1541 = PRESENTATION_LAYER_ASSIGNMENT (  '', '', ( #1176 ) ) ;
#1542 = UNCERTAINTY_MEASURE_WITH_UNIT (LENGTH_MEASURE( 1.000000000000000100E-005 ), #859, 'distance_accuracy_value', 'NONE');
#1543 = APPLICATION_PROTOCOL_DEFINITION ( 'draft international standard', 'automotive_design', 1998, #4749 ) ;
#1544 = SURFACE_SIDE_STYLE ('',( #4151 ) ) ;
#1545 = CARTESIAN_POINT ( 'NONE',  ( 3.600000000000001000, -5.000000000000000000, 3.000000000000007100 ) ) ;
#1546 = SURFACE_STYLE_USAGE ( .BOTH. , #4755 ) ;
#1547 = VECTOR ( 'NONE', #5926, 1000.000000000000000 ) ;
#1548 = DIRECTION ( 'NONE',  ( 0.0000000000000000000, 1.000000000000000000, 0.0000000000000000000 ) ) ;
#1549 = VECTOR ( 'NONE', #5528, 1000.000000000000000 ) ;
#1550 = EDGE_LOOP ( 'NONE', ( #6504, #3369, #1217, #1003, #5704, #5988, #746, #3508, #2205, #3961 ) ) ;
#1551 = ORIENTED_EDGE ( 'NONE', *, *, #1824, .F. ) ;
#1552 = FILL_AREA_STYLE ('',( #5805 ) ) ;
#1553 = SURFACE_SIDE_STYLE ('',( #1870 ) ) ;
#1554 = EDGE_CURVE ( 'NONE', #3909, #4514, #336, .T. ) ;
#1555 = MECHANICAL_DESIGN_GEOMETRIC_PRESENTATION_REPRESENTATION (  '', ( #461 ), #1897 ) ;
#1556 = LINE ( 'NONE', #3579, #6919 ) ;
#1557 = UNCERTAINTY_MEASURE_WITH_UNIT (LENGTH_MEASURE( 1.000000000000000100E-005 ), #3526, 'distance_accuracy_value', 'NONE');
#1558 = FACE_OUTER_BOUND ( 'NONE', #333, .T. ) ;
#1559 = ORIENTED_EDGE ( 'NONE', *, *, #3088, .F. ) ;
#1560 = VECTOR ( 'NONE', #1322, 1000.000000000000000 ) ;
#1561 = VECTOR ( 'NONE', #93, 1000.000000000000000 ) ;
#1562 = DIRECTION ( 'NONE',  ( -0.8498136422762459000, 0.0000000000000000000, 0.5270832698930794100 ) ) ;
#1563 =( GEOMETRIC_REPRESENTATION_CONTEXT ( 3 ) GLOBAL_UNCERTAINTY_ASSIGNED_CONTEXT ( ( #4764 ) ) GLOBAL_UNIT_ASSIGNED_CONTEXT ( ( #3886, #659, #4969 ) ) REPRESENTATION_CONTEXT ( 'NONE', 'WORKASPACE' ) );
#1564 = AXIS2_PLACEMENT_3D ( 'NONE', #755, #4516, #1311 ) ;
#1565 = PRESENTATION_LAYER_ASSIGNMENT (  '', '', ( #825 ) ) ;
#1566 = ORIENTED_EDGE ( 'NONE', *, *, #816, .F. ) ;
#1567 = ADVANCED_FACE ( 'NONE', ( #4462 ), #3629, .T. ) ;
#1568 = VECTOR ( 'NONE', #6245, 1000.000000000000000 ) ;
#1569 = PRESENTATION_STYLE_ASSIGNMENT (( #3276 ) ) ;
#1570 = ORIENTED_EDGE ( 'NONE', *, *, #1254, .F. ) ;
#1571 = PLANE ( 'NONE',  #2528 ) ;
#1572 = ORIENTED_EDGE ( 'NONE', *, *, #6754, .T. ) ;
#1573 = CARTESIAN_POINT ( 'NONE',  ( -3.800000000000001600, 6.500000000000000900, 9.300000000000000700 ) ) ;
#1574 = CARTESIAN_POINT ( 'NONE',  ( 12.00000000000008000, 3.500000000000000000, -3.999999999999998200 ) ) ;
#1575 = VECTOR ( 'NONE', #6698, 1000.000000000000000 ) ;
#1576 = DIRECTION ( 'NONE',  ( 0.0000000000000000000, 0.0000000000000000000, -1.000000000000000000 ) ) ;
#1577 = ADVANCED_FACE ( 'NONE', ( #2511 ), #4702, .F. ) ;
#1578 = EDGE_CURVE ( 'NONE', #6015, #5155, #3441, .T. ) ;
#1579 = PLANE ( 'NONE',  #6403 ) ;
#1580 = DIRECTION ( 'NONE',  ( -0.0000000000000000000, -1.000000000000000000, -0.0000000000000000000 ) ) ;
#1581 = DIRECTION ( 'NONE',  ( 1.000000000000000000, -0.0000000000000000000, -0.0000000000000000000 ) ) ;
#1582 = ORIENTED_EDGE ( 'NONE', *, *, #1236, .F. ) ;
#1583 = VERTEX_POINT ( 'NONE', #1112 ) ;
#1584 = VECTOR ( 'NONE', #77, 1000.000000000000000 ) ;
#1585 = CARTESIAN_POINT ( 'NONE',  ( -4.055661583331458400, 0.05000000000000000300, -4.300355183510403900 ) ) ;
#1586 = VERTEX_POINT ( 'NONE', #6984 ) ;
#1587 = AXIS2_PLACEMENT_3D ( 'NONE', #458, #4235, #993 ) ;
#1588 = EDGE_CURVE ( 'NONE', #1424, #158, #410, .T. ) ;
#1589 = CARTESIAN_POINT ( 'NONE',  ( -3.580661583331458300, 0.05000000000000000300, 3.548872037816159800 ) ) ;
#1590 = VECTOR ( 'NONE', #3763, 1000.000000000000000 ) ;
#1591 = VECTOR ( 'NONE', #2554, 1000.000000000000000 ) ;
#1592 = DIRECTION ( 'NONE',  ( -0.0000000000000000000, -0.0000000000000000000, 1.000000000000000000 ) ) ;
#1593 = ORIENTED_EDGE ( 'NONE', *, *, #1272, .T. ) ;
#1594 = SURFACE_STYLE_USAGE ( .BOTH. , #5342 ) ;
#1595 = ORIENTED_EDGE ( 'NONE', *, *, #4119, .F. ) ;
#1596 = PLANE ( 'NONE',  #3201 ) ;
#1597 = VERTEX_POINT ( 'NONE', #5929 ) ;
#1598 = VECTOR ( 'NONE', #3570, 1000.000000000000000 ) ;
#1599 = EDGE_CURVE ( 'NONE', #6428, #3250, #3264, .T. ) ;
#1600 = PRESENTATION_LAYER_ASSIGNMENT (  '', '', ( #1238 ) ) ;
#1601 = ORIENTED_EDGE ( 'NONE', *, *, #5962, .T. ) ;
#1602 = AXIS2_PLACEMENT_3D ( 'NONE', #3794, #4332, #1107 ) ;
#1603 = ORIENTED_EDGE ( 'NONE', *, *, #6306, .T. ) ;
#1604 = ORIENTED_EDGE ( 'NONE', *, *, #279, .F. ) ;
#1605 = ADVANCED_FACE ( 'NONE', ( #3092 ), #5288, .T. ) ;
#1606 = COLOUR_RGB ( '',0.8980392156862745400, 0.8980392156862745400, 0.8980392156862745400 ) ;
#1607 = FILL_AREA_STYLE ('',( #2651 ) ) ;
#1608 = VECTOR ( 'NONE', #2768, 1000.000000000000000 ) ;
#1609 = CARTESIAN_POINT ( 'NONE',  ( 12.50000000000000000, 3.500000000000000000, 3.500000000000000000 ) ) ;
#1610 = AXIS2_PLACEMENT_3D ( 'NONE', #4300, #1066, #4826 ) ;
#1611 = CARTESIAN_POINT ( 'NONE',  ( -6.970229851527613500, 0.05000000000000000300, 0.8403352088708592200 ) ) ;
#1612 = EDGE_CURVE ( 'NONE', #4403, #4790, #6720, .T. ) ;
#1613 = DIRECTION ( 'NONE',  ( 0.0000000000000000000, -0.0000000000000000000, 1.000000000000000000 ) ) ;
#1614 =( NAMED_UNIT ( * ) PLANE_ANGLE_UNIT ( ) SI_UNIT ( $, .RADIAN. ) );
#1615 = ORIENTED_EDGE ( 'NONE', *, *, #3384, .T. ) ;
#1616 =( GEOMETRIC_REPRESENTATION_CONTEXT ( 3 ) GLOBAL_UNCERTAINTY_ASSIGNED_CONTEXT ( ( #1343 ) ) GLOBAL_UNIT_ASSIGNED_CONTEXT ( ( #1231, #4988, #1766 ) ) REPRESENTATION_CONTEXT ( 'NONE', 'WORKASPACE' ) );
#1617 = PRESENTATION_LAYER_ASSIGNMENT (  '', '', ( #1267 ) ) ;
#1618 =( LENGTH_UNIT ( ) NAMED_UNIT ( * ) SI_UNIT ( .MILLI., .METRE. ) );
#1619 = UNCERTAINTY_MEASURE_WITH_UNIT (LENGTH_MEASURE( 1.000000000000000100E-005 ), #840, 'distance_accuracy_value', 'NONE');
#1620 = EDGE_CURVE ( 'NONE', #585, #5703, #4043, .T. ) ;
#1621 = EDGE_CURVE ( 'NONE', #2105, #5431, #1181, .T. ) ;
#1622 = FACE_BOUND ( 'NONE', #3355, .T. ) ;
#1623 = VERTEX_POINT ( 'NONE', #2228 ) ;
#1624 =( NAMED_UNIT ( * ) SI_UNIT ( $, .STERADIAN. ) SOLID_ANGLE_UNIT ( ) );
#1625 = MECHANICAL_DESIGN_GEOMETRIC_PRESENTATION_REPRESENTATION (  '', ( #897 ), #1980 ) ;
#1626 = LINE ( 'NONE', #341, #2885 ) ;
#1627 = EDGE_LOOP ( 'NONE', ( #4527, #5696, #4372, #3377 ) ) ;
#1628 = SURFACE_STYLE_FILL_AREA ( #6964 ) ;
#1629 = FACE_OUTER_BOUND ( 'NONE', #5861, .T. ) ;
#1630 = DIRECTION ( 'NONE',  ( 1.000000000000000000, 0.0000000000000000000, 0.0000000000000000000 ) ) ;
#1631 = COLOUR_RGB ( '',0.8980392156862745400, 0.8980392156862745400, 0.8980392156862745400 ) ;
#1632 = ADVANCED_FACE ( 'NONE', ( #997 ), #6525, .F. ) ;
#1633 =( LENGTH_UNIT ( ) NAMED_UNIT ( * ) SI_UNIT ( .MILLI., .METRE. ) );
#1634 = DIRECTION ( 'NONE',  ( -0.0000000000000000000, -1.000000000000000000, -0.0000000000000000000 ) ) ;
#1635 = CARTESIAN_POINT ( 'NONE',  ( 13.25000000000000700, -5.249999999999949400, -0.9999999999999983300 ) ) ;
#1636 = ORIENTED_EDGE ( 'NONE', *, *, #3005, .T. ) ;
#1637 = LINE ( 'NONE', #4143, #4491 ) ;
#1638 = FACE_OUTER_BOUND ( 'NONE', #1684, .T. ) ;
#1639 = CARTESIAN_POINT ( 'NONE',  ( -0.3410933151353004500, 0.05000000000000000300, 2.287777753867636000 ) ) ;
#1640 = CARTESIAN_POINT ( 'NONE',  ( 19.75000000000000400, -5.749999999999923600, -3.499999999999997800 ) ) ;
#1641 = AXIS2_PLACEMENT_3D ( 'NONE', #5500, #2282, #6032 ) ;
#1642 =( GEOMETRIC_REPRESENTATION_CONTEXT ( 3 ) GLOBAL_UNCERTAINTY_ASSIGNED_CONTEXT ( ( #5783 ) ) GLOBAL_UNIT_ASSIGNED_CONTEXT ( ( #2599, #6344, #3134 ) ) REPRESENTATION_CONTEXT ( 'NONE', 'WORKASPACE' ) );
#1643 = EDGE_LOOP ( 'NONE', ( #869, #5350 ) ) ;
#1644 = AXIS2_PLACEMENT_3D ( 'NONE', #5818, #5282, #4775 ) ;
#1645 = DIRECTION ( 'NONE',  ( -0.8498136422762452300, 0.0000000000000000000, 0.5270832698930804100 ) ) ;
#1646 = ORIENTED_EDGE ( 'NONE', *, *, #6470, .F. ) ;
#1647 =( NAMED_UNIT ( * ) SI_UNIT ( $, .STERADIAN. ) SOLID_ANGLE_UNIT ( ) );
#1648 = CARTESIAN_POINT ( 'NONE',  ( -6.020229851527614300, 0.0000000000000000000, 2.087777753867637600 ) ) ;
#1649 =( NAMED_UNIT ( * ) SI_UNIT ( $, .STERADIAN. ) SOLID_ANGLE_UNIT ( ) );
#1650 = VECTOR ( 'NONE', #20, 1000.000000000000100 ) ;
#1651 = DIRECTION ( 'NONE',  ( 1.000000000000000000, 0.0000000000000000000, 0.0000000000000000000 ) ) ;
#1652 = DIRECTION ( 'NONE',  ( 0.0000000000000000000, 0.0000000000000000000, -1.000000000000000000 ) ) ;
#1653 = CARTESIAN_POINT ( 'NONE',  ( -3.800000000000002900, 6.896994759475080400, 0.0000000000000000000 ) ) ;
#1654 = CARTESIAN_POINT ( 'NONE',  ( -3.105661583331458700, 0.0000000000000000000, -0.4766489202095020000 ) ) ;
#1655 = STYLED_ITEM ( 'NONE', ( #6579 ), #4942 ) ;
#1656 = DIRECTION ( 'NONE',  ( -0.0000000000000000000, -1.000000000000000000, -0.0000000000000000000 ) ) ;
#1657 = DIRECTION ( 'NONE',  ( -0.0000000000000000000, -1.000000000000000000, -0.0000000000000000000 ) ) ;
#1658 =( NAMED_UNIT ( * ) PLANE_ANGLE_UNIT ( ) SI_UNIT ( $, .RADIAN. ) );
#1659 = VECTOR ( 'NONE', #4807, 1000.000000000000000 ) ;
#1660 = ORIENTED_EDGE ( 'NONE', *, *, #6018, .F. ) ;
#1661 = ORIENTED_EDGE ( 'NONE', *, *, #3468, .T. ) ;
#1662 = EDGE_CURVE ( 'NONE', #6451, #1241, #6884, .T. ) ;
#1663 = DIRECTION ( 'NONE',  ( 1.000000000000000000, 0.0000000000000000000, -0.0000000000000000000 ) ) ;
#1664 = ADVANCED_FACE ( 'NONE', ( #6541 ), #1725, .F. ) ;
#1665 = VECTOR ( 'NONE', #4481, 1000.000000000000000 ) ;
#1666 = CIRCLE ( 'NONE', #4552, 1.499999999999996200 ) ;
#1667 = FILL_AREA_STYLE_COLOUR ( '', #3143 ) ;
#1668 = CARTESIAN_POINT ( 'NONE',  ( 16.00000000000000000, 0.0000000000000000000, 10.00000000000000200 ) ) ;
#1669 = CARTESIAN_POINT ( 'NONE',  ( 19.75000000000000400, -5.749999999999947600, -1.499999999999998200 ) ) ;
#1670 = LINE ( 'NONE', #6446, #1516 ) ;
#1671 = DIRECTION ( 'NONE',  ( 1.000000000000000000, 0.0000000000000000000, 0.0000000000000000000 ) ) ;
#1672 = CARTESIAN_POINT ( 'NONE',  ( 19.74999999999999600, -5.249999999999922700, -3.999999999999998200 ) ) ;
#1673 = ORIENTED_EDGE ( 'NONE', *, *, #2383, .T. ) ;
#1674 = EDGE_CURVE ( 'NONE', #1586, #585, #3698, .T. ) ;
#1675 = DIRECTION ( 'NONE',  ( 0.0000000000000000000, -0.0000000000000000000, -1.000000000000000000 ) ) ;
#1676 = ORIENTED_EDGE ( 'NONE', *, *, #3185, .T. ) ;
#1677 = ORIENTED_EDGE ( 'NONE', *, *, #2048, .F. ) ;
#1678 =( NAMED_UNIT ( * ) SI_UNIT ( $, .STERADIAN. ) SOLID_ANGLE_UNIT ( ) );
#1679 = CARTESIAN_POINT ( 'NONE',  ( 13.25000000000001400, -5.749999999999974200, 1.000000000000000900 ) ) ;
#1680 = CARTESIAN_POINT ( 'NONE',  ( 0.2089066848647014300, 0.0000000000000000000, 1.240335208870860100 ) ) ;
#1681 = CARTESIAN_POINT ( 'NONE',  ( -3.800000000000002900, 6.500000000000000900, 0.0000000000000000000 ) ) ;
#1682 = VERTEX_POINT ( 'NONE', #121 ) ;
#1683 = DIRECTION ( 'NONE',  ( 1.000000000000000000, -0.0000000000000000000, 0.0000000000000000000 ) ) ;
#1684 = EDGE_LOOP ( 'NONE', ( #4080, #4808, #3835, #1901 ) ) ;
#1685 = ORIENTED_EDGE ( 'NONE', *, *, #1393, .T. ) ;
#1686 = VECTOR ( 'NONE', #3532, 1000.000000000000200 ) ;
#1687 =( GEOMETRIC_REPRESENTATION_CONTEXT ( 3 ) GLOBAL_UNCERTAINTY_ASSIGNED_CONTEXT ( ( #5904 ) ) GLOBAL_UNIT_ASSIGNED_CONTEXT ( ( #1690, #5439, #2220 ) ) REPRESENTATION_CONTEXT ( 'NONE', 'WORKASPACE' ) );
#1688 = FILL_AREA_STYLE ('',( #6544 ) ) ;
#1689 = SURFACE_STYLE_FILL_AREA ( #2350 ) ;
#1690 =( LENGTH_UNIT ( ) NAMED_UNIT ( * ) SI_UNIT ( .MILLI., .METRE. ) );
#1691 = CARTESIAN_POINT ( 'NONE',  ( 11.00000000000000400, -2.500000000000000000, -5.000000000000000900 ) ) ;
#1692 = EDGE_CURVE ( 'NONE', #5725, #4457, #6367, .T. ) ;
#1693 = CARTESIAN_POINT ( 'NONE',  ( 0.2089066848647014300, 0.05000000000000000300, 1.240335208870860100 ) ) ;
#1694 = SURFACE_STYLE_USAGE ( .BOTH. , #4917 ) ;
#1695 = FILL_AREA_STYLE ('',( #619 ) ) ;
#1696 = ADVANCED_FACE ( 'NONE', ( #2260 ), #1398, .T. ) ;
#1697 = DIRECTION ( 'NONE',  ( -0.0000000000000000000, -1.000000000000000000, -0.0000000000000000000 ) ) ;
#1698 =( NAMED_UNIT ( * ) PLANE_ANGLE_UNIT ( ) SI_UNIT ( $, .RADIAN. ) );
#1699 =( LENGTH_UNIT ( ) NAMED_UNIT ( * ) SI_UNIT ( .MILLI., .METRE. ) );
#1700 =( NAMED_UNIT ( * ) PLANE_ANGLE_UNIT ( ) SI_UNIT ( $, .RADIAN. ) );
#1701 = CARTESIAN_POINT ( 'NONE',  ( 13.25000000000000700, -5.249999999999975100, 1.500000000000000900 ) ) ;
#1702 = LINE ( 'NONE', #561, #6907 ) ;
#1703 = UNCERTAINTY_MEASURE_WITH_UNIT (LENGTH_MEASURE( 1.000000000000000100E-005 ), #4192, 'distance_accuracy_value', 'NONE');
#1704 =( LENGTH_UNIT ( ) NAMED_UNIT ( * ) SI_UNIT ( .MILLI., .METRE. ) );
#1705 =( GEOMETRIC_REPRESENTATION_CONTEXT ( 3 ) GLOBAL_UNCERTAINTY_ASSIGNED_CONTEXT ( ( #2786 ) ) GLOBAL_UNIT_ASSIGNED_CONTEXT ( ( #1786, #5543, #2332 ) ) REPRESENTATION_CONTEXT ( 'NONE', 'WORKASPACE' ) );
#1706 = LINE ( 'NONE', #1798, #1549 ) ;
#1707 = EDGE_LOOP ( 'NONE', ( #3560, #669, #1918, #124 ) ) ;
#1708 = CIRCLE ( 'NONE', #74, 1.499999999999996200 ) ;
#1709 = VERTEX_POINT ( 'NONE', #2802 ) ;
#1710 = ORIENTED_EDGE ( 'NONE', *, *, #2604, .F. ) ;
#1711 =( NAMED_UNIT ( * ) SI_UNIT ( $, .STERADIAN. ) SOLID_ANGLE_UNIT ( ) );
#1712 = SURFACE_STYLE_FILL_AREA ( #3458 ) ;
#1713 = ORIENTED_EDGE ( 'NONE', *, *, #2539, .F. ) ;
#1714 = CIRCLE ( 'NONE', #4345, 0.7499999999999226200 ) ;
#1715 = FILL_AREA_STYLE ('',( #4429 ) ) ;
#1716 = FILL_AREA_STYLE ('',( #89 ) ) ;
#1717 = CLOSED_SHELL ( 'NONE', ( #436, #3677, #6854, #5941, #4425, #4530, #267, #499, #3102, #2609, #6725, #1304, #3639, #1347, #6549, #3171, #6372, #5975, #4871, #1820, #1062, #1102, #532, #6338, #6910, #356, #1577, #1537, #2406, #2684, #2553, #3857, #2016, #921, #6362, #6556, #4773, #5270, #4731, #5878, #457, #2212, #4695, #1854, #2649, #6325, #3163, #2258, #4315, #4745, #5099, #979, #392, #234, #5326, #3669, #6473, #1466 ) ) ;
#1718 = CARTESIAN_POINT ( 'NONE',  ( -3.105661583331458700, 0.0000000000000000000, -3.729561558723129400 ) ) ;
#1719 = ORIENTED_EDGE ( 'NONE', *, *, #5298, .F. ) ;
#1720 = SURFACE_SIDE_STYLE ('',( #1809 ) ) ;
#1721 = COLOUR_RGB ( '',0.007843137254901960700, 0.2392156862745097900, 0.8235294117647058400 ) ;
#1722 = DIRECTION ( 'NONE',  ( -0.0000000000000000000, 1.000000000000000000, -0.0000000000000000000 ) ) ;
#1723 = DIRECTION ( 'NONE',  ( 0.0000000000000000000, 0.0000000000000000000, 1.000000000000000000 ) ) ;
#1724 = FACE_OUTER_BOUND ( 'NONE', #5674, .T. ) ;
#1725 = PLANE ( 'NONE',  #2675 ) ;
#1726 = FILL_AREA_STYLE ('',( #5060 ) ) ;
#1727 = EDGE_CURVE ( 'NONE', #4040, #5022, #4455, .T. ) ;
#1728 = VERTEX_POINT ( 'NONE', #245 ) ;
#1729 = CARTESIAN_POINT ( 'NONE',  ( -4.055661583331458400, 0.05000000000000000300, -3.481134468123456800 ) ) ;
#1730 = ORIENTED_EDGE ( 'NONE', *, *, #4772, .F. ) ;
#1731 = AXIS2_PLACEMENT_3D ( 'NONE', #4634, #3583, #355 ) ;
#1733 = FILL_AREA_STYLE ('',( #6535 ) ) ;
#1732 = VECTOR ( 'NONE', #3238, 1000.000000000000000 ) ;
#1734 = CARTESIAN_POINT ( 'NONE',  ( 19.74999999999999600, -5.250000000000000900, 3.500000000000000000 ) ) ;
#1735 = VECTOR ( 'NONE', #6507, 1000.000000000000000 ) ;
#1736 = VECTOR ( 'NONE', #5600, 1000.000000000000200 ) ;
#1737 = ADVANCED_FACE ( 'NONE', ( #3014 ), #6224, .F. ) ;
#1738 = AXIS2_PLACEMENT_3D ( 'NONE', #6858, #3651, #423 ) ;
#1739 =( NAMED_UNIT ( * ) SI_UNIT ( $, .STERADIAN. ) SOLID_ANGLE_UNIT ( ) );
#1740 = FACE_OUTER_BOUND ( 'NONE', #3358, .T. ) ;
#1741 = ORIENTED_EDGE ( 'NONE', *, *, #4358, .F. ) ;
#1742 = ORIENTED_EDGE ( 'NONE', *, *, #3121, .T. ) ;
#1743 = EDGE_CURVE ( 'NONE', #329, #3158, #153, .T. ) ;
#1744 = DIRECTION ( 'NONE',  ( -0.0000000000000000000, -0.0000000000000000000, 1.000000000000000000 ) ) ;
#1745 = UNCERTAINTY_MEASURE_WITH_UNIT (LENGTH_MEASURE( 1.000000000000000100E-005 ), #5264, 'distance_accuracy_value', 'NONE');
#1746 = CARTESIAN_POINT ( 'NONE',  ( -6.020229851527614300, 0.05000000000000000300, 2.087777753867637600 ) ) ;
#1747 = SURFACE_STYLE_USAGE ( .BOTH. , #4971 ) ;
#1748 = COLOUR_RGB ( '',0.8980392156862745400, 0.8980392156862745400, 0.8980392156862745400 ) ;
#1749 = VECTOR ( 'NONE', #5542, 1000.000000000000200 ) ;
#1750 = EDGE_LOOP ( 'NONE', ( #4379, #5344, #5787, #4844 ) ) ;
#1751 = LINE ( 'NONE', #2, #1590 ) ;
#1752 = DIRECTION ( 'NONE',  ( 0.0000000000000000000, -1.000000000000000000, 0.0000000000000000000 ) ) ;
#1753 = EDGE_CURVE ( 'NONE', #3650, #5880, #5708, .T. ) ;
#1754 = EDGE_CURVE ( 'NONE', #751, #6883, #332, .T. ) ;
#1755 = LINE ( 'NONE', #132, #5858 ) ;
#1756 = VERTEX_POINT ( 'NONE', #4644 ) ;
#1757 = EDGE_LOOP ( 'NONE', ( #2301, #3926, #5626, #4115 ) ) ;
#1758 = UNCERTAINTY_MEASURE_WITH_UNIT (LENGTH_MEASURE( 1.000000000000000100E-005 ), #4925, 'distance_accuracy_value', 'NONE');
#1759 = CARTESIAN_POINT ( 'NONE',  ( 19.74999999999999600, -5.249999999999922700, -3.499999999999997800 ) ) ;
#1760 = CARTESIAN_POINT ( 'NONE',  ( -3.380661583331455900, 0.05000000000000000300, 6.404437243815919200 ) ) ;
#1761 = ORIENTED_EDGE ( 'NONE', *, *, #1578, .F. ) ;
#1762 = PLANE ( 'NONE',  #4343 ) ;
#1763 = ORIENTED_EDGE ( 'NONE', *, *, #434, .T. ) ;
#1764 = ORIENTED_EDGE ( 'NONE', *, *, #6112, .F. ) ;
#1765 = VECTOR ( 'NONE', #934, 1000.000000000000000 ) ;
#1766 =( NAMED_UNIT ( * ) SI_UNIT ( $, .STERADIAN. ) SOLID_ANGLE_UNIT ( ) );
#1767 = STYLED_ITEM ( 'NONE', ( #6168 ), #3210 ) ;
#1768 = SURFACE_SIDE_STYLE ('',( #724 ) ) ;
#1769 = CARTESIAN_POINT ( 'NONE',  ( -3.800000000000002900, 15.60300524052492000, 0.0000000000000000000 ) ) ;
#1770 = CARTESIAN_POINT ( 'NONE',  ( -4.055661583331458400, 0.0000000000000000000, -2.833691923126678600 ) ) ;
#1771 = PRESENTATION_LAYER_ASSIGNMENT (  '', '', ( #1054 ) ) ;
#1772 =( GEOMETRIC_REPRESENTATION_CONTEXT ( 3 ) GLOBAL_UNCERTAINTY_ASSIGNED_CONTEXT ( ( #1557 ) ) GLOBAL_UNIT_ASSIGNED_CONTEXT ( ( #3526, #308, #4082 ) ) REPRESENTATION_CONTEXT ( 'NONE', 'WORKASPACE' ) );
#1773 = DIRECTION ( 'NONE',  ( -0.8883292641862270400, -0.0000000000000000000, 0.4592070539422890600 ) ) ;
#1774 = ORIENTED_EDGE ( 'NONE', *, *, #5715, .F. ) ;
#1775 = CARTESIAN_POINT ( 'NONE',  ( -6.010527126408819100, 0.05000000000000000300, -5.512829155905854400 ) ) ;
#1776 = SURFACE_STYLE_USAGE ( .BOTH. , #5009 ) ;
#1777 = CARTESIAN_POINT ( 'NONE',  ( 0.2089066848647014300, 0.0000000000000000000, 2.287777753867636000 ) ) ;
#1778 = FILL_AREA_STYLE_COLOUR ( '', #3801 ) ;
#1779 = AXIS2_PLACEMENT_3D ( 'NONE', #1769, #5526, #2316 ) ;
#1780 = CIRCLE ( 'NONE', #4031, 1.249999999999947400 ) ;
#1781 = VERTEX_POINT ( 'NONE', #5188 ) ;
#1782 = VECTOR ( 'NONE', #5359, 1000.000000000000000 ) ;
#1783 = EDGE_LOOP ( 'NONE', ( #2770, #3734, #6260, #5117 ) ) ;
#1784 = PLANE ( 'NONE',  #4851 ) ;
#1785 = CARTESIAN_POINT ( 'NONE',  ( -0.7410933151353015200, 0.05000000000000000300, 2.087777753867637600 ) ) ;
#1786 =( LENGTH_UNIT ( ) NAMED_UNIT ( * ) SI_UNIT ( .MILLI., .METRE. ) );
#1787 = FILL_AREA_STYLE_COLOUR ( '', #3404 ) ;
#1788 = PRESENTATION_STYLE_ASSIGNMENT (( #1522 ) ) ;
#1789 = CARTESIAN_POINT ( 'NONE',  ( 12.00000000000008000, -4.499999999999992900, -3.999999999999998200 ) ) ;
#1790 = LINE ( 'NONE', #5132, #4645 ) ;
#1791 = EDGE_LOOP ( 'NONE', ( #4793, #5912, #4341, #6865 ) ) ;
#1792 = DIRECTION ( 'NONE',  ( 0.0000000000000000000, 0.0000000000000000000, 1.000000000000000000 ) ) ;
#1793 = FACE_BOUND ( 'NONE', #4319, .T. ) ;
#1794 = LINE ( 'NONE', #1813, #5898 ) ;
#1795 = SURFACE_STYLE_FILL_AREA ( #3590 ) ;
#1796 = EDGE_CURVE ( 'NONE', #2707, #5044, #4292, .T. ) ;
#1797 = CARTESIAN_POINT ( 'NONE',  ( 12.00000000000000000, 3.500000000000000000, 4.000000000000000000 ) ) ;
#1798 = CARTESIAN_POINT ( 'NONE',  ( 13.50000000000000000, 1.500000000000000000, -5.999999999999999100 ) ) ;
#1799 = EDGE_LOOP ( 'NONE', ( #4284, #1713, #3446, #5225 ) ) ;
#1800 = LINE ( 'NONE', #6010, #4656 ) ;
#1801 = DIRECTION ( 'NONE',  ( -0.5270832698930796300, 0.0000000000000000000, -0.8498136422762456700 ) ) ;
#1802 = FACE_OUTER_BOUND ( 'NONE', #1155, .T. ) ;
#1803 = ORIENTED_EDGE ( 'NONE', *, *, #4049, .T. ) ;
#1804 = CARTESIAN_POINT ( 'NONE',  ( -0.3410933151353004500, 0.0000000000000000000, 4.519193818477629200 ) ) ;
#1805 = AXIS2_PLACEMENT_3D ( 'NONE', #5345, #4805, #2782 ) ;
#1806 = PRESENTATION_STYLE_ASSIGNMENT (( #4101 ) ) ;
#1807 = EDGE_CURVE ( 'NONE', #1129, #4375, #5534, .T. ) ;
#1808 = PRESENTATION_STYLE_ASSIGNMENT (( #2536 ) ) ;
#1809 = SURFACE_STYLE_FILL_AREA ( #4939 ) ;
#1810 = CARTESIAN_POINT ( 'NONE',  ( 0.2089066848647014300, 0.05000000000000000300, 1.240335208870860100 ) ) ;
#1811 = ORIENTED_EDGE ( 'NONE', *, *, #3598, .F. ) ;
#1812 = ORIENTED_EDGE ( 'NONE', *, *, #3688, .F. ) ;
#1813 = CARTESIAN_POINT ( 'NONE',  ( 12.00000000000005200, -4.499999999999992900, -0.9999999999999983300 ) ) ;
#1814 = STYLED_ITEM ( 'NONE', ( #2247 ), #70 ) ;
#1815 =( NAMED_UNIT ( * ) PLANE_ANGLE_UNIT ( ) SI_UNIT ( $, .RADIAN. ) );
#1816 = VECTOR ( 'NONE', #4651, 1000.000000000000100 ) ;
#1817 = FILL_AREA_STYLE ('',( #5042 ) ) ;
#1818 = FILL_AREA_STYLE ('',( #6080 ) ) ;
#1819 = FILL_AREA_STYLE ('',( #1290 ) ) ;
#1820 = ADVANCED_FACE ( 'NONE', ( #1263 ), #3593, .T. ) ;
#1821 = DIRECTION ( 'NONE',  ( -1.392757777031960500E-014, 1.000000000000000000, 0.0000000000000000000 ) ) ;
#1822 = ORIENTED_EDGE ( 'NONE', *, *, #6241, .F. ) ;
#1823 = AXIS2_PLACEMENT_3D ( 'NONE', #684, #4456, #1237 ) ;
#1824 = EDGE_CURVE ( 'NONE', #6827, #4769, #738, .T. ) ;
#1825 = FILL_AREA_STYLE ('',( #4507 ) ) ;
#1826 =( LENGTH_UNIT ( ) NAMED_UNIT ( * ) SI_UNIT ( .MILLI., .METRE. ) );
#1827 = ORIENTED_EDGE ( 'NONE', *, *, #2235, .T. ) ;
#1828 = CARTESIAN_POINT ( 'NONE',  ( 12.50000000000007800, -4.499999999999992900, -3.499999999999997800 ) ) ;
#1829 = UNCERTAINTY_MEASURE_WITH_UNIT (LENGTH_MEASURE( 1.000000000000000100E-005 ), #6104, 'distance_accuracy_value', 'NONE');
#1830 = CARTESIAN_POINT ( 'NONE',  ( 13.50000000000000000, 1.500000000000000000, -7.499999999999998200 ) ) ;
#1831 = FACE_OUTER_BOUND ( 'NONE', #1076, .T. ) ;
#1832 = DIRECTION ( 'NONE',  ( -3.469446951953614200E-015, -0.0000000000000000000, 1.000000000000000000 ) ) ;
#1833 = CARTESIAN_POINT ( 'NONE',  ( 13.50000000000000000, 0.0000000000000000000, 9.000000000000005300 ) ) ;
#1834 = AXIS2_PLACEMENT_3D ( 'NONE', #3772, #544, #4314 ) ;
#1835 = DIRECTION ( 'NONE',  ( 0.0000000000000000000, 0.0000000000000000000, 1.000000000000000000 ) ) ;
#1836 = ORIENTED_EDGE ( 'NONE', *, *, #2646, .T. ) ;
#1837 = DIRECTION ( 'NONE',  ( -0.0000000000000000000, -1.000000000000000000, -0.0000000000000000000 ) ) ;
#1838 = STYLED_ITEM ( 'NONE', ( #5657 ), #427 ) ;
#1839 = ORIENTED_EDGE ( 'NONE', *, *, #6716, .F. ) ;
#1840 = ORIENTED_EDGE ( 'NONE', *, *, #4855, .T. ) ;
#1841 = DIRECTION ( 'NONE',  ( -0.8524342904835907600, -0.0000000000000000000, -0.5228343718690816600 ) ) ;
#1842 = VERTEX_POINT ( 'NONE', #2013 ) ;
#1843 = PRESENTATION_STYLE_ASSIGNMENT (( #4362 ) ) ;
#1844 = CARTESIAN_POINT ( 'NONE',  ( -3.800000000000002900, 6.500000000000000900, -9.300000000000000700 ) ) ;
#1845 = ORIENTED_EDGE ( 'NONE', *, *, #5919, .F. ) ;
#1846 = CARTESIAN_POINT ( 'NONE',  ( -6.010527126408819100, 0.05000000000000000300, -5.512829155905854400 ) ) ;
#1847 = ORIENTED_EDGE ( 'NONE', *, *, #31, .F. ) ;
#1848 = ORIENTED_EDGE ( 'NONE', *, *, #4335, .F. ) ;
#1849 = CARTESIAN_POINT ( 'NONE',  ( 3.600000000000001000, -5.000000000000000000, 3.000000000000007100 ) ) ;
#1850 = CARTESIAN_POINT ( 'NONE',  ( 12.50000000000000000, 3.500000000000000000, 4.000000000000000000 ) ) ;
#1851 = CARTESIAN_POINT ( 'NONE',  ( -3.800000000000002900, 6.000000000000000000, 0.0000000000000000000 ) ) ;
#1852 = ORIENTED_EDGE ( 'NONE', *, *, #3324, .F. ) ;
#1853 =( GEOMETRIC_REPRESENTATION_CONTEXT ( 3 ) GLOBAL_UNCERTAINTY_ASSIGNED_CONTEXT ( ( #1829 ) ) GLOBAL_UNIT_ASSIGNED_CONTEXT ( ( #6104, #2901, #6661 ) ) REPRESENTATION_CONTEXT ( 'NONE', 'WORKASPACE' ) );
#1854 = ADVANCED_FACE ( 'NONE', ( #6267 ), #6850, .F. ) ;
#1855 = VECTOR ( 'NONE', #2888, 1000.000000000000100 ) ;
#1856 = CARTESIAN_POINT ( 'NONE',  ( 13.50000000000000000, 0.0000000000000000000, 7.500000000000001800 ) ) ;
#1857 = FILL_AREA_STYLE_COLOUR ( '', #5013 ) ;
#1858 = SURFACE_STYLE_FILL_AREA ( #1607 ) ;
#1859 = CARTESIAN_POINT ( 'NONE',  ( 10.40000000000000000, -5.000000000000000000, 9.800000000000004300 ) ) ;
#1860 = CARTESIAN_POINT ( 'NONE',  ( -6.010527126408819100, 0.0000000000000000000, -5.512829155905854400 ) ) ;
#1861 = STYLED_ITEM ( 'NONE', ( #1247 ), #6362 ) ;
#1862 = EDGE_CURVE ( 'NONE', #4339, #4457, #4367, .T. ) ;
#1863 = CARTESIAN_POINT ( 'NONE',  ( 13.25000000000001400, -5.749999999999976000, 1.500000000000000900 ) ) ;
#1864 = ORIENTED_EDGE ( 'NONE', *, *, #4060, .T. ) ;
#1865 = LINE ( 'NONE', #424, #3296 ) ;
#1866 = VERTEX_POINT ( 'NONE', #6320 ) ;
#1867 = VERTEX_POINT ( 'NONE', #3110 ) ;
#1868 = PRESENTATION_STYLE_ASSIGNMENT (( #1166 ) ) ;
#1869 = VECTOR ( 'NONE', #924, 1000.000000000000000 ) ;
#1870 = SURFACE_STYLE_FILL_AREA ( #4763 ) ;
#1871 = VERTEX_POINT ( 'NONE', #1535 ) ;
#1872 =( NAMED_UNIT ( * ) SI_UNIT ( $, .STERADIAN. ) SOLID_ANGLE_UNIT ( ) );
#1873 = FILL_AREA_STYLE_COLOUR ( '', #2211 ) ;
#1874 = EDGE_CURVE ( 'NONE', #4865, #2051, #5619, .T. ) ;
#1875 = EDGE_LOOP ( 'NONE', ( #3869, #2541, #580, #6440 ) ) ;
#1876 = EDGE_CURVE ( 'NONE', #4978, #1842, #61, .T. ) ;
#1877 = DIRECTION ( 'NONE',  ( 0.0000000000000000000, 0.0000000000000000000, -1.000000000000000000 ) ) ;
#1878 = FILL_AREA_STYLE_COLOUR ( '', #4069 ) ;
#1879 = ORIENTED_EDGE ( 'NONE', *, *, #4106, .F. ) ;
#1880 = EDGE_CURVE ( 'NONE', #2254, #4308, #1514, .T. ) ;
#1881 = MECHANICAL_DESIGN_GEOMETRIC_PRESENTATION_REPRESENTATION (  '', ( #1176 ), #2238 ) ;
#1882 = CARTESIAN_POINT ( 'NONE',  ( 12.00000000000005200, -2.500000000000000000, -0.9999999999999983300 ) ) ;
#1883 = FACE_OUTER_BOUND ( 'NONE', #353, .T. ) ;
#1884 = PRESENTATION_STYLE_ASSIGNMENT (( #2567 ) ) ;
#1885 = SURFACE_SIDE_STYLE ('',( #2455 ) ) ;
#1886 = DIRECTION ( 'NONE',  ( 0.0000000000000000000, 0.0000000000000000000, -1.000000000000000000 ) ) ;
#1887 = ORIENTED_EDGE ( 'NONE', *, *, #1874, .F. ) ;
#1888 = ORIENTED_EDGE ( 'NONE', *, *, #5892, .F. ) ;
#1889 = ORIENTED_EDGE ( 'NONE', *, *, #3172, .F. ) ;
#1890 = DIRECTION ( 'NONE',  ( 0.8494962282757256800, -0.0000000000000000000, -0.5275946911648334800 ) ) ;
#1891 = ADVANCED_FACE ( 'NONE', ( #1349 ), #6345, .F. ) ;
#1892 = COLOUR_RGB ( '',0.8980392156862745400, 0.8980392156862745400, 0.8980392156862745400 ) ;
#1893 = DIRECTION ( 'NONE',  ( -0.8494962282757259100, -0.0000000000000000000, 0.5275946911648332600 ) ) ;
#1894 = VECTOR ( 'NONE', #3320, 1000.000000000000200 ) ;
#1895 = EDGE_CURVE ( 'NONE', #1781, #2324, #5438, .T. ) ;
#1896 = LINE ( 'NONE', #712, #1736 ) ;
#1897 =( GEOMETRIC_REPRESENTATION_CONTEXT ( 3 ) GLOBAL_UNCERTAINTY_ASSIGNED_CONTEXT ( ( #1246 ) ) GLOBAL_UNIT_ASSIGNED_CONTEXT ( ( #5665, #2435, #6191 ) ) REPRESENTATION_CONTEXT ( 'NONE', 'WORKASPACE' ) );
#1898 = SURFACE_STYLE_USAGE ( .BOTH. , #5119 ) ;
#1899 = FILL_AREA_STYLE_COLOUR ( '', #3398 ) ;
#1900 = CARTESIAN_POINT ( 'NONE',  ( 12.00000000000002700, -4.499999999999992900, 1.500000000000000900 ) ) ;
#1901 = ORIENTED_EDGE ( 'NONE', *, *, #5892, .T. ) ;
#1902 = PRESENTATION_STYLE_ASSIGNMENT (( #2069 ) ) ;
#1903 = FACE_OUTER_BOUND ( 'NONE', #4214, .T. ) ;
#1904 = PRESENTATION_LAYER_ASSIGNMENT (  '', '', ( #1200 ) ) ;
#1905 = SURFACE_STYLE_USAGE ( .BOTH. , #5129 ) ;
#1906 = MECHANICAL_DESIGN_GEOMETRIC_PRESENTATION_REPRESENTATION (  '', ( #825 ), #2271 ) ;
#1907 =( NAMED_UNIT ( * ) PLANE_ANGLE_UNIT ( ) SI_UNIT ( $, .RADIAN. ) );
#1908 = DIRECTION ( 'NONE',  ( 1.000000000000000000, -0.0000000000000000000, -0.0000000000000000000 ) ) ;
#1909 = CARTESIAN_POINT ( 'NONE',  ( 13.25000000000000200, -4.500000000000000000, -1.499999999999998200 ) ) ;
#1910 = LINE ( 'NONE', #1693, #6013 ) ;
#1911 = ORIENTED_EDGE ( 'NONE', *, *, #1874, .T. ) ;
#1912 = CARTESIAN_POINT ( 'NONE',  ( 12.00000000000002700, -4.499999999999992900, 1.500000000000000900 ) ) ;
#1913 = CARTESIAN_POINT ( 'NONE',  ( -3.800000000000001600, 1.500000000000000000, 9.800000000000000700 ) ) ;
#1914 = UNCERTAINTY_MEASURE_WITH_UNIT (LENGTH_MEASURE( 1.000000000000000100E-005 ), #1633, 'distance_accuracy_value', 'NONE');
#1915 = EDGE_CURVE ( 'NONE', #3810, #2506, #5777, .T. ) ;
#1916 = SURFACE_STYLE_USAGE ( .BOTH. , #4595 ) ;
#1917 = LINE ( 'NONE', #2202, #4783 ) ;
#1918 = ORIENTED_EDGE ( 'NONE', *, *, #1934, .F. ) ;
#1919 = ORIENTED_EDGE ( 'NONE', *, *, #11, .F. ) ;
#1920 = EDGE_LOOP ( 'NONE', ( #3900, #1428, #5267, #994 ) ) ;
#1921 = CARTESIAN_POINT ( 'NONE',  ( -3.800000000000002900, 1.500000000000000000, 0.0000000000000000000 ) ) ;
#1922 = SURFACE_SIDE_STYLE ('',( #5447 ) ) ;
#1923 = ORIENTED_EDGE ( 'NONE', *, *, #1175, .T. ) ;
#1924 = DIRECTION ( 'NONE',  ( 0.8498136422762452300, -0.0000000000000000000, -0.5270832698930804100 ) ) ;
#1925 = DIRECTION ( 'NONE',  ( 0.0000000000000000000, 0.0000000000000000000, -1.000000000000000000 ) ) ;
#1926 = VERTEX_POINT ( 'NONE', #3159 ) ;
#1927 = ORIENTED_EDGE ( 'NONE', *, *, #3546, .F. ) ;
#1928 = UNCERTAINTY_MEASURE_WITH_UNIT (LENGTH_MEASURE( 1.000000000000000100E-005 ), #2655, 'distance_accuracy_value', 'NONE');
#1929 = DIRECTION ( 'NONE',  ( 0.5270832698930799600, 0.0000000000000000000, -0.8498136422762456700 ) ) ;
#1930 = CARTESIAN_POINT ( 'NONE',  ( -2.705661583331457500, 0.05000000000000000300, -2.833691923126678600 ) ) ;
#1931 =( LENGTH_UNIT ( ) NAMED_UNIT ( * ) SI_UNIT ( .MILLI., .METRE. ) );
#1932 = STYLED_ITEM ( 'NONE', ( #3130 ), #2605 ) ;
#1933 = SURFACE_SIDE_STYLE ('',( #5355 ) ) ;
#1934 = EDGE_CURVE ( 'NONE', #3246, #2251, #6712, .T. ) ;
#1935 = DIRECTION ( 'NONE',  ( -0.0000000000000000000, -0.0000000000000000000, -1.000000000000000000 ) ) ;
#1936 = SURFACE_STYLE_FILL_AREA ( #1716 ) ;
#1937 = ORIENTED_EDGE ( 'NONE', *, *, #4399, .T. ) ;
#1938 = CARTESIAN_POINT ( 'NONE',  ( 12.00000000000005200, -4.499999999999992900, -0.9999999999999983300 ) ) ;
#1939 = EDGE_CURVE ( 'NONE', #5161, #2006, #6875, .T. ) ;
#1940 = MECHANICAL_DESIGN_GEOMETRIC_PRESENTATION_REPRESENTATION (  '', ( #1238 ), #2311 ) ;
#1941 =( LENGTH_UNIT ( ) NAMED_UNIT ( * ) SI_UNIT ( .MILLI., .METRE. ) );
#1942 = PRESENTATION_STYLE_ASSIGNMENT (( #3094 ) ) ;
#1943 = LINE ( 'NONE', #1366, #6050 ) ;
#1944 = EDGE_LOOP ( 'NONE', ( #5313, #6848, #415, #5041 ) ) ;
#1945 = VERTEX_POINT ( 'NONE', #6924 ) ;
#1946 = DIRECTION ( 'NONE',  ( 0.0000000000000000000, 0.0000000000000000000, -1.000000000000000000 ) ) ;
#1947 = EDGE_LOOP ( 'NONE', ( #3613, #1888, #1595, #6723 ) ) ;
#1948 = COLOUR_RGB ( '',0.1098039215686274500, 0.1098039215686274500, 0.1098039215686274500 ) ;
#1949 = UNCERTAINTY_MEASURE_WITH_UNIT (LENGTH_MEASURE( 1.000000000000000100E-005 ), #1352, 'distance_accuracy_value', 'NONE');
#1950 = CARTESIAN_POINT ( 'NONE',  ( -3.105661583331458700, 0.05000000000000000300, -3.729561558723129400 ) ) ;
#1951 = CARTESIAN_POINT ( 'NONE',  ( 0.2089066848647014300, 0.05000000000000000300, 0.8403352088708592200 ) ) ;
#1952 = VECTOR ( 'NONE', #6832, 1000.000000000000000 ) ;
#1953 = AXIS2_PLACEMENT_3D ( 'NONE', #5956, #3314, #96 ) ;
#1954 = SURFACE_STYLE_USAGE ( .BOTH. , #5177 ) ;
#1955 = PRESENTATION_LAYER_ASSIGNMENT (  '', '', ( #1248 ) ) ;
#1956 = PRESENTATION_STYLE_ASSIGNMENT (( #4927 ) ) ;
#1957 = VERTEX_POINT ( 'NONE', #5325 ) ;
#1958 = ORIENTED_EDGE ( 'NONE', *, *, #3914, .F. ) ;
#1959 = FACE_BOUND ( 'NONE', #6540, .T. ) ;
#1960 = TOROIDAL_SURFACE ( 'NONE', #2409, 5.894302951606641200, 0.5000000000000004400 ) ;
#1961 =( NAMED_UNIT ( * ) SI_UNIT ( $, .STERADIAN. ) SOLID_ANGLE_UNIT ( ) );
#1962 = EDGE_CURVE ( 'NONE', #2886, #2602, #988, .T. ) ;
#1963 = CARTESIAN_POINT ( 'NONE',  ( 13.25000000000001400, -5.749999999999976000, 1.500000000000000900 ) ) ;
#1964 = EDGE_LOOP ( 'NONE', ( #4479, #6795, #949, #5990 ) ) ;
#1965 = FILL_AREA_STYLE_COLOUR ( '', #4009 ) ;
#1966 = UNCERTAINTY_MEASURE_WITH_UNIT (LENGTH_MEASURE( 1.000000000000000100E-005 ), #2582, 'distance_accuracy_value', 'NONE');
#1967 = CARTESIAN_POINT ( 'NONE',  ( -2.705661583331457500, 0.05000000000000000300, -3.481134468123456800 ) ) ;
#1968 = CIRCLE ( 'NONE', #340, 0.5000000000000004400 ) ;
#1969 = VERTEX_POINT ( 'NONE', #6393 ) ;
#1970 = MECHANICAL_DESIGN_GEOMETRIC_PRESENTATION_REPRESENTATION (  '', ( #1267 ), #2338 ) ;
#1971 = VECTOR ( 'NONE', #6070, 1000.000000000000000 ) ;
#1972 = CIRCLE ( 'NONE', #4796, 9.800000000000000700 ) ;
#1973 = VECTOR ( 'NONE', #1983, 1000.000000000000000 ) ;
#1974 = EDGE_CURVE ( 'NONE', #4373, #6310, #4034, .T. ) ;
#1975 = EDGE_CURVE ( 'NONE', #4373, #1395, #5112, .T. ) ;
#1976 = FILL_AREA_STYLE_COLOUR ( '', #3237 ) ;
#1977 = ORIENTED_EDGE ( 'NONE', *, *, #4286, .T. ) ;
#1978 = FILL_AREA_STYLE ('',( #1448 ) ) ;
#1979 = ORIENTED_EDGE ( 'NONE', *, *, #1975, .T. ) ;
#1980 =( GEOMETRIC_REPRESENTATION_CONTEXT ( 3 ) GLOBAL_UNCERTAINTY_ASSIGNED_CONTEXT ( ( #5867 ) ) GLOBAL_UNIT_ASSIGNED_CONTEXT ( ( #5974, #2777, #6524 ) ) REPRESENTATION_CONTEXT ( 'NONE', 'WORKASPACE' ) );
#1981 = DIRECTION ( 'NONE',  ( -0.8498136422762457800, 0.0000000000000000000, 0.5270832698930796300 ) ) ;
#1982 = DIRECTION ( 'NONE',  ( -0.8494962282757256800, 0.0000000000000000000, 0.5275946911648334800 ) ) ;
#1983 = DIRECTION ( 'NONE',  ( 0.0000000000000000000, 0.0000000000000000000, 1.000000000000000000 ) ) ;
#1984 = ADVANCED_FACE ( 'NONE', ( #2242 ), #5349, .F. ) ;
#1985 = LINE ( 'NONE', #4134, #1816 ) ;
#1986 = SURFACE_STYLE_USAGE ( .BOTH. , #5202 ) ;
#1987 = DIRECTION ( 'NONE',  ( -1.000000000000000000, 0.0000000000000000000, 0.0000000000000000000 ) ) ;
#1988 = PLANE ( 'NONE',  #5733 ) ;
#1989 = VECTOR ( 'NONE', #2519, 1000.000000000000000 ) ;
#1990 = ORIENTED_EDGE ( 'NONE', *, *, #1393, .F. ) ;
#1991 = SURFACE_STYLE_FILL_AREA ( #190 ) ;
#1992 = ORIENTED_EDGE ( 'NONE', *, *, #3719, .F. ) ;
#1993 = FILL_AREA_STYLE_COLOUR ( '', #658 ) ;
#1994 = COLOUR_RGB ( '',0.007843137254901960700, 0.2392156862745097900, 0.8235294117647058400 ) ;
#1995 = VECTOR ( 'NONE', #2080, 1000.000000000000200 ) ;
#1996 = AXIS2_PLACEMENT_3D ( 'NONE', #5453, #6533, #3322 ) ;
#1997 = CARTESIAN_POINT ( 'NONE',  ( 12.50000000000007800, 3.500000000000000000, -3.999999999999998200 ) ) ;
#1998 = CARTESIAN_POINT ( 'NONE',  ( 10.40000000000000000, -5.000000000000000000, 3.000000000000007100 ) ) ;
#1999 = AXIS2_PLACEMENT_3D ( 'NONE', #3162, #6928, #5014 ) ;
#2000 =( NAMED_UNIT ( * ) SI_UNIT ( $, .STERADIAN. ) SOLID_ANGLE_UNIT ( ) );
#2001 =( NAMED_UNIT ( * ) SI_UNIT ( $, .STERADIAN. ) SOLID_ANGLE_UNIT ( ) );
#2002 = FILL_AREA_STYLE ('',( #5220 ) ) ;
#2003 = ORIENTED_EDGE ( 'NONE', *, *, #4238, .T. ) ;
#2004 =( NAMED_UNIT ( * ) PLANE_ANGLE_UNIT ( ) SI_UNIT ( $, .RADIAN. ) );
#2005 = DIRECTION ( 'NONE',  ( -0.8494962282757180200, 0.0000000000000000000, -0.5275946911648460300 ) ) ;
#2006 = VERTEX_POINT ( 'NONE', #3737 ) ;
#2007 = VERTEX_POINT ( 'NONE', #6420 ) ;
#2008 = ORIENTED_EDGE ( 'NONE', *, *, #4916, .T. ) ;
#2009 = COLOUR_RGB ( '',0.8980392156862745400, 0.8980392156862745400, 0.8980392156862745400 ) ;
#2010 = AXIS2_PLACEMENT_3D ( 'NONE', #1859, #5627, #2396 ) ;
#2011 = ORIENTED_EDGE ( 'NONE', *, *, #2236, .T. ) ;
#2012 = DIRECTION ( 'NONE',  ( 0.0000000000000000000, 0.0000000000000000000, 1.000000000000000000 ) ) ;
#2013 = CARTESIAN_POINT ( 'NONE',  ( -3.655661583331457200, 0.05000000000000000300, -3.729561558723129400 ) ) ;
#2014 = ORIENTED_EDGE ( 'NONE', *, *, #3547, .T. ) ;
#2015 = EDGE_LOOP ( 'NONE', ( #4470, #4996 ) ) ;
#2016 = ADVANCED_FACE ( 'NONE', ( #3861 ), #530, .T. ) ;
#2017 = FACE_OUTER_BOUND ( 'NONE', #911, .T. ) ;
#2018 = EDGE_CURVE ( 'NONE', #6414, #1871, #4447, .T. ) ;
#2019 = DIRECTION ( 'NONE',  ( 0.0000000000000000000, 0.0000000000000000000, 1.000000000000000000 ) ) ;
#2020 = CARTESIAN_POINT ( 'NONE',  ( 12.00000000000005300, -4.499999999999992900, -1.499999999999998200 ) ) ;
#2021 = CARTESIAN_POINT ( 'NONE',  ( 13.25000000000000200, -4.500000000000000000, -3.499999999999997800 ) ) ;
#2022 = CARTESIAN_POINT ( 'NONE',  ( 13.25000000000000700, -5.249999999999922700, -3.499999999999997800 ) ) ;
#2023 = CARTESIAN_POINT ( 'NONE',  ( -3.800000000000002900, 1.500000000000000000, 0.0000000000000000000 ) ) ;
#2024 = DIRECTION ( 'NONE',  ( -0.0000000000000000000, 1.000000000000000000, -0.0000000000000000000 ) ) ;
#2025 = DIRECTION ( 'NONE',  ( 3.469446951953611000E-015, 0.0000000000000000000, -1.000000000000000000 ) ) ;
#2026 = VECTOR ( 'NONE', #4798, 1000.000000000000000 ) ;
#2027 = EDGE_CURVE ( 'NONE', #5034, #3584, #1751, .T. ) ;
#2028 = FACE_OUTER_BOUND ( 'NONE', #5785, .T. ) ;
#2029 =( NAMED_UNIT ( * ) PLANE_ANGLE_UNIT ( ) SI_UNIT ( $, .RADIAN. ) );
#2030 = CARTESIAN_POINT ( 'NONE',  ( 12.00000000000005300, -4.499999999999992900, -1.499999999999998200 ) ) ;
#2031 = AXIS2_PLACEMENT_3D ( 'NONE', #6966, #3194, #6412 ) ;
#2032 = CYLINDRICAL_SURFACE ( 'NONE', #433, 1.249999999999921400 ) ;
#2033 = VERTEX_POINT ( 'NONE', #1640 ) ;
#2034 = ORIENTED_EDGE ( 'NONE', *, *, #5340, .F. ) ;
#2035 = CARTESIAN_POINT ( 'NONE',  ( 19.75000000000000400, -5.749999999999923600, -3.499999999999997800 ) ) ;
#2036 = VECTOR ( 'NONE', #2733, 1000.000000000000000 ) ;
#2037 = ADVANCED_FACE ( 'NONE', ( #147 ), #5387, .F. ) ;
#2038 = LINE ( 'NONE', #1460, #616 ) ;
#2039 = UNCERTAINTY_MEASURE_WITH_UNIT (LENGTH_MEASURE( 1.000000000000000100E-005 ), #6156, 'distance_accuracy_value', 'NONE');
#2040 = COLOUR_RGB ( '',0.007843137254901960700, 0.2392156862745097900, 0.8235294117647058400 ) ;
#2041 = SURFACE_SIDE_STYLE ('',( #637 ) ) ;
#2042 = CARTESIAN_POINT ( 'NONE',  ( 16.00000000000000000, 0.0000000000000000000, -9.999999999999998200 ) ) ;
#2043 =( NAMED_UNIT ( * ) PLANE_ANGLE_UNIT ( ) SI_UNIT ( $, .RADIAN. ) );
#2044 = ORIENTED_EDGE ( 'NONE', *, *, #3932, .F. ) ;
#2045 =( NAMED_UNIT ( * ) SI_UNIT ( $, .STERADIAN. ) SOLID_ANGLE_UNIT ( ) );
#2046 = SURFACE_STYLE_FILL_AREA ( #1162 ) ;
#2047 = ADVANCED_FACE ( 'NONE', ( #2497 ), #5937, .F. ) ;
#2048 = EDGE_CURVE ( 'NONE', #5610, #1218, #3773, .T. ) ;
#2049 = VERTEX_POINT ( 'NONE', #3831 ) ;
#2050 = VERTEX_POINT ( 'NONE', #1149 ) ;
#2051 = VERTEX_POINT ( 'NONE', #4904 ) ;
#2052 = VERTEX_POINT ( 'NONE', #2741 ) ;
#2053 = SURFACE_SIDE_STYLE ('',( #3919 ) ) ;
#2054 = DIRECTION ( 'NONE',  ( -0.0000000000000000000, 1.000000000000000000, -0.0000000000000000000 ) ) ;
#2055 = VECTOR ( 'NONE', #2893, 1000.000000000000000 ) ;
#2056 = DIRECTION ( 'NONE',  ( 1.000000000000000000, 0.0000000000000000000, 0.0000000000000000000 ) ) ;
#2057 = AXIS2_PLACEMENT_3D ( 'NONE', #157, #3428, #6646 ) ;
#2058 = TOROIDAL_SURFACE ( 'NONE', #5908, 5.894302951606641200, 0.5000000000000004400 ) ;
#2059 =( LENGTH_UNIT ( ) NAMED_UNIT ( * ) SI_UNIT ( .MILLI., .METRE. ) );
#2060 = CARTESIAN_POINT ( 'NONE',  ( -13.49999999999999800, 1.500000000000000000, 9.000000000000001800 ) ) ;
#2061 = STYLED_ITEM ( 'NONE', ( #5748 ), #2553 ) ;
#2062 =( NAMED_UNIT ( * ) PLANE_ANGLE_UNIT ( ) SI_UNIT ( $, .RADIAN. ) );
#2063 = EDGE_LOOP ( 'NONE', ( #3764, #6117, #1411, #6121 ) ) ;
#2064 = FACE_OUTER_BOUND ( 'NONE', #827, .T. ) ;
#2065 = PLANE ( 'NONE',  #6268 ) ;
#2066 = SURFACE_STYLE_FILL_AREA ( #573 ) ;
#2067 = FILL_AREA_STYLE ('',( #1528 ) ) ;
#2068 = DIRECTION ( 'NONE',  ( 0.0000000000000000000, -0.0000000000000000000, -1.000000000000000000 ) ) ;
#2069 = SURFACE_STYLE_USAGE ( .BOTH. , #5300 ) ;
#2070 = ADVANCED_FACE ( 'NONE', ( #6442 ), #3273, .F. ) ;
#2071 =( LENGTH_UNIT ( ) NAMED_UNIT ( * ) SI_UNIT ( .MILLI., .METRE. ) );
#2072 = EDGE_CURVE ( 'NONE', #6220, #143, #905, .T. ) ;
#2073 = VECTOR ( 'NONE', #1722, 1000.000000000000000 ) ;
#2074 = PRESENTATION_LAYER_ASSIGNMENT (  '', '', ( #1373 ) ) ;
#2075 = ORIENTED_EDGE ( 'NONE', *, *, #2751, .T. ) ;
#2076 = STYLED_ITEM ( 'NONE', ( #1788 ), #3857 ) ;
#2077 = DIRECTION ( 'NONE',  ( -0.0000000000000000000, -0.0000000000000000000, 1.000000000000000000 ) ) ;
#2078 = ADVANCED_FACE ( 'NONE', ( #1074 ), #3241, .F. ) ;
#2079 = VECTOR ( 'NONE', #5211, 1000.000000000000000 ) ;
#2080 = DIRECTION ( 'NONE',  ( -0.5270832698930796300, -0.0000000000000000000, 0.8498136422762456700 ) ) ;
#2081 = ORIENTED_EDGE ( 'NONE', *, *, #674, .T. ) ;
#2082 = ORIENTED_EDGE ( 'NONE', *, *, #930, .F. ) ;
#2083 = ORIENTED_EDGE ( 'NONE', *, *, #1024, .F. ) ;
#2084 = CARTESIAN_POINT ( 'NONE',  ( 12.50000000000002700, 3.500000000000000000, 1.500000000000000900 ) ) ;
#2085 = ORIENTED_EDGE ( 'NONE', *, *, #3808, .T. ) ;
#2086 = STYLED_ITEM ( 'NONE', ( #163 ), #1567 ) ;
#2087 = CARTESIAN_POINT ( 'NONE',  ( 13.25000000000000200, -4.500000000000000000, 1.500000000000000900 ) ) ;
#2088 = DIRECTION ( 'NONE',  ( 1.000000000000000000, -0.0000000000000000000, -0.0000000000000000000 ) ) ;
#2089 = AXIS2_PLACEMENT_3D ( 'NONE', #6286, #3083, #6839 ) ;
#2090 = ORIENTED_EDGE ( 'NONE', *, *, #851, .T. ) ;
#2091 = DIRECTION ( 'NONE',  ( -0.0000000000000000000, -1.000000000000000000, -0.0000000000000000000 ) ) ;
#2092 = ORIENTED_EDGE ( 'NONE', *, *, #5190, .T. ) ;
#2093 = CARTESIAN_POINT ( 'NONE',  ( 3.600000000000000100, 0.0000000000000000000, 9.800000000000006000 ) ) ;
#2094 = VERTEX_POINT ( 'NONE', #18 ) ;
#2095 = EDGE_CURVE ( 'NONE', #1597, #4375, #5035, .T. ) ;
#2096 = DIRECTION ( 'NONE',  ( 1.392757777031960500E-014, -1.000000000000000000, -0.0000000000000000000 ) ) ;
#2097 = DIRECTION ( 'NONE',  ( -0.0000000000000000000, -1.000000000000000000, -0.0000000000000000000 ) ) ;
#2098 = FILL_AREA_STYLE ('',( #481 ) ) ;
#2099 = CARTESIAN_POINT ( 'NONE',  ( 13.50000000000000000, 1.500000000000000000, -8.999999999999998200 ) ) ;
#2100 = AXIS2_PLACEMENT_3D ( 'NONE', #5379, #2700, #2179 ) ;
#2101 = FACE_OUTER_BOUND ( 'NONE', #3486, .T. ) ;
#2102 = EDGE_CURVE ( 'NONE', #3738, #660, #5195, .T. ) ;
#2103 = EDGE_CURVE ( 'NONE', #2426, #830, #3600, .T. ) ;
#2104 = STYLED_ITEM ( 'NONE', ( #5699 ), #2037 ) ;
#2105 = VERTEX_POINT ( 'NONE', #1139 ) ;
#2106 = SURFACE_SIDE_STYLE ('',( #3901 ) ) ;
#2107 = VECTOR ( 'NONE', #1188, 1000.000000000000000 ) ;
#2108 = DIRECTION ( 'NONE',  ( 0.0000000000000000000, 0.0000000000000000000, 1.000000000000000000 ) ) ;
#2109 = ADVANCED_FACE ( 'NONE', ( #565 ), #5422, .F. ) ;
#2110 = CARTESIAN_POINT ( 'NONE',  ( -6.970229851527613500, 0.05000000000000000300, 1.240335208870860100 ) ) ;
#2111 = LINE ( 'NONE', #1860, #853 ) ;
#2112 = ORIENTED_EDGE ( 'NONE', *, *, #2603, .F. ) ;
#2113 = ORIENTED_EDGE ( 'NONE', *, *, #115, .F. ) ;
#2114 = FILL_AREA_STYLE ('',( #2661 ) ) ;
#2115 = FILL_AREA_STYLE_COLOUR ( '', #5690 ) ;
#2116 = EDGE_LOOP ( 'NONE', ( #4879, #1114, #747, #1242 ) ) ;
#2117 = FACE_BOUND ( 'NONE', #6782, .T. ) ;
#2118 = DIRECTION ( 'NONE',  ( 0.8498136422762452300, 0.0000000000000000000, -0.5270832698930804100 ) ) ;
#2119 = PRESENTATION_LAYER_ASSIGNMENT (  '', '', ( #1767 ) ) ;
#2120 = LINE ( 'NONE', #2020, #1952 ) ;
#2121 = VECTOR ( 'NONE', #5960, 1000.000000000000000 ) ;
#2122 = EDGE_LOOP ( 'NONE', ( #6547, #150, #4577, #6273 ) ) ;
#2123 = VERTEX_POINT ( 'NONE', #3287 ) ;
#2124 = LINE ( 'NONE', #303, #3735 ) ;
#2125 = UNCERTAINTY_MEASURE_WITH_UNIT (LENGTH_MEASURE( 1.000000000000000100E-005 ), #1618, 'distance_accuracy_value', 'NONE');
#2126 = AXIS2_PLACEMENT_3D ( 'NONE', #2874, #6183, #4240 ) ;
#2127 = MECHANICAL_DESIGN_GEOMETRIC_PRESENTATION_REPRESENTATION (  '', ( #1054 ), #2488 ) ;
#2128 = ORIENTED_EDGE ( 'NONE', *, *, #2665, .T. ) ;
#2129 = COLOUR_RGB ( '',0.8980392156862745400, 0.8980392156862745400, 0.8980392156862745400 ) ;
#2130 = LINE ( 'NONE', #1589, #6233 ) ;
#2131 = ORIENTED_EDGE ( 'NONE', *, *, #3830, .T. ) ;
#2132 = SURFACE_SIDE_STYLE ('',( #1858 ) ) ;
#2133 = DIRECTION ( 'NONE',  ( 0.0000000000000000000, 0.0000000000000000000, 1.000000000000000000 ) ) ;
#2134 = SURFACE_STYLE_FILL_AREA ( #188 ) ;
#2135 = SURFACE_SIDE_STYLE ('',( #6416 ) ) ;
#2136 = LINE ( 'NONE', #3061, #1973 ) ;
#2137 = DIRECTION ( 'NONE',  ( 0.0000000000000000000, 1.000000000000000000, 0.0000000000000000000 ) ) ;
#2138 = AXIS2_PLACEMENT_3D ( 'NONE', #6560, #1752, #5504 ) ;
#2139 = PLANE ( 'NONE',  #3769 ) ;
#2140 = CLOSED_SHELL ( 'NONE', ( #4905, #2717, #427, #3706, #1696, #6953 ) ) ;
#2141 = EDGE_CURVE ( 'NONE', #5880, #3650, #4854, .T. ) ;
#2142 =( NAMED_UNIT ( * ) SI_UNIT ( $, .STERADIAN. ) SOLID_ANGLE_UNIT ( ) );
#2143 = ORIENTED_EDGE ( 'NONE', *, *, #1754, .T. ) ;
#2144 = LINE ( 'NONE', #5890, #5023 ) ;
#2145 = VECTOR ( 'NONE', #145, 1000.000000000000000 ) ;
#2146 = ADVANCED_FACE ( 'NONE', ( #6101 ), #2752, .F. ) ;
#2147 = CARTESIAN_POINT ( 'NONE',  ( 13.25000000000001400, -5.750000000000000000, 3.500000000000000000 ) ) ;
#2148 = COLOUR_RGB ( '',0.007843137254901960700, 0.2392156862745097900, 0.8235294117647058400 ) ;
#2149 = ORIENTED_EDGE ( 'NONE', *, *, #5126, .T. ) ;
#2150 = PLANE ( 'NONE',  #6484 ) ;
#2151 = DIRECTION ( 'NONE',  ( -0.0000000000000000000, 1.000000000000000000, -0.0000000000000000000 ) ) ;
#2152 = VERTEX_POINT ( 'NONE', #4407 ) ;
#2153 = MECHANICAL_DESIGN_GEOMETRIC_PRESENTATION_REPRESENTATION (  '', ( #1455 ), #4510 ) ;
#2154 = EDGE_CURVE ( 'NONE', #5022, #5204, #5612, .T. ) ;
#2155 = DIRECTION ( 'NONE',  ( -1.000000000000000000, -0.0000000000000000000, -0.0000000000000000000 ) ) ;
#2156 = VECTOR ( 'NONE', #3817, 1000.000000000000000 ) ;
#2157 = CARTESIAN_POINT ( 'NONE',  ( -6.970229851527613500, 0.05000000000000000300, -1.670990180068217900 ) ) ;
#2158 =( NAMED_UNIT ( * ) SI_UNIT ( $, .STERADIAN. ) SOLID_ANGLE_UNIT ( ) );
#2159 = CARTESIAN_POINT ( 'NONE',  ( 13.25000000000000700, -5.249999999999975100, 1.000000000000000900 ) ) ;
#2160 = DIRECTION ( 'NONE',  ( 0.0000000000000000000, -0.0000000000000000000, 1.000000000000000000 ) ) ;
#2161 = SURFACE_STYLE_FILL_AREA ( #2114 ) ;
#2162 = UNCERTAINTY_MEASURE_WITH_UNIT (LENGTH_MEASURE( 1.000000000000000100E-005 ), #1699, 'distance_accuracy_value', 'NONE');
#2163 = CARTESIAN_POINT ( 'NONE',  ( -5.651917560564885300, 0.0000000000000000000, 1.859030876677710600 ) ) ;
#2164 = SURFACE_STYLE_FILL_AREA ( #3638 ) ;
#2165 = AXIS2_PLACEMENT_3D ( 'NONE', #2171, #5922, #2724 ) ;
#2166 = AXIS2_PLACEMENT_3D ( 'NONE', #2864, #3401, #180 ) ;
#2167 = ORIENTED_EDGE ( 'NONE', *, *, #837, .T. ) ;
#2168 = ORIENTED_EDGE ( 'NONE', *, *, #5638, .T. ) ;
#2169 = ORIENTED_EDGE ( 'NONE', *, *, #2951, .T. ) ;
#2170 = ORIENTED_EDGE ( 'NONE', *, *, #3106, .F. ) ;
#2171 = CARTESIAN_POINT ( 'NONE',  ( 12.50000000000007800, 3.500000000000000000, -3.999999999999998200 ) ) ;
#2172 = EDGE_LOOP ( 'NONE', ( #6518, #4789, #6571, #6053 ) ) ;
#2173 = EDGE_LOOP ( 'NONE', ( #3438, #774, #5687, #6072 ) ) ;
#2174 = CARTESIAN_POINT ( 'NONE',  ( 13.25000000000001400, -5.749999999999949400, -0.9999999999999983300 ) ) ;
#2175 = CARTESIAN_POINT ( 'NONE',  ( 12.50000000000007800, 3.500000000000000000, -3.499999999999997800 ) ) ;
#2176 = STYLED_ITEM ( 'NONE', ( #4188 ), #6733 ) ;
#2177 = EDGE_CURVE ( 'NONE', #5168, #5539, #4202, .T. ) ;
#2178 = SURFACE_STYLE_FILL_AREA ( #828 ) ;
#2179 = DIRECTION ( 'NONE',  ( 0.0000000000000000000, 0.0000000000000000000, -1.000000000000000000 ) ) ;
#2180 = CARTESIAN_POINT ( 'NONE',  ( -2.705661583331457500, 0.05000000000000000300, -2.833691923126678600 ) ) ;
#2181 = ADVANCED_FACE ( 'NONE', ( #4027 ), #6000, .F. ) ;
#2182 = PLANE ( 'NONE',  #5641 ) ;
#2183 = ORIENTED_EDGE ( 'NONE', *, *, #1674, .F. ) ;
#2184 = DIRECTION ( 'NONE',  ( -0.8498136422762452300, 0.0000000000000000000, 0.5270832698930804100 ) ) ;
#2185 = STYLED_ITEM ( 'NONE', ( #6835 ), #5629 ) ;
#2186 = AXIS2_PLACEMENT_3D ( 'NONE', #6243, #3614, #2429 ) ;
#2187 = LINE ( 'NONE', #6934, #1 ) ;
#2188 = DIRECTION ( 'NONE',  ( -0.0000000000000000000, -1.000000000000000000, -0.0000000000000000000 ) ) ;
#2189 = LINE ( 'NONE', #3038, #5066 ) ;
#2190 = STYLED_ITEM ( 'NONE', ( #959 ), #2406 ) ;
#2191 = COLOUR_RGB ( '',0.8980392156862745400, 0.8980392156862745400, 0.8980392156862745400 ) ;
#2192 = CARTESIAN_POINT ( 'NONE',  ( -5.651917560564885300, 0.0000000000000000000, 1.859030876677710600 ) ) ;
#2193 = PRESENTATION_STYLE_ASSIGNMENT (( #6615 ) ) ;
#2194 = ORIENTED_EDGE ( 'NONE', *, *, #11, .T. ) ;
#2195 = ORIENTED_EDGE ( 'NONE', *, *, #2461, .F. ) ;
#2196 = VECTOR ( 'NONE', #6454, 1000.000000000000000 ) ;
#2197 = CARTESIAN_POINT ( 'NONE',  ( -0.3410933151353004500, 0.0000000000000000000, 1.240335208870860100 ) ) ;
#2198 = DIRECTION ( 'NONE',  ( -0.0000000000000000000, -0.0000000000000000000, 1.000000000000000000 ) ) ;
#2199 = DIRECTION ( 'NONE',  ( 0.5275946911648332600, 0.0000000000000000000, -0.8494962282757260200 ) ) ;
#2200 = DIRECTION ( 'NONE',  ( 0.0000000000000000000, 0.0000000000000000000, -1.000000000000000000 ) ) ;
#2201 = FILL_AREA_STYLE_COLOUR ( '', #3299 ) ;
#2202 = CARTESIAN_POINT ( 'NONE',  ( 12.00000000000002800, 1.500000000000000000, 1.000000000000000900 ) ) ;
#2203 = DIRECTION ( 'NONE',  ( 0.0000000000000000000, 0.0000000000000000000, -1.000000000000000000 ) ) ;
#2204 = FACE_OUTER_BOUND ( 'NONE', #5515, .T. ) ;
#2205 = ORIENTED_EDGE ( 'NONE', *, *, #740, .F. ) ;
#2206 = CARTESIAN_POINT ( 'NONE',  ( 16.00000000000000000, 1.500000000000000000, 10.00000000000000200 ) ) ;
#2207 = COLOUR_RGB ( '',0.8980392156862745400, 0.8980392156862745400, 0.8980392156862745400 ) ;
#2208 = LINE ( 'NONE', #5928, #3653 ) ;
#2209 = CARTESIAN_POINT ( 'NONE',  ( -6.970229851527613500, 0.05000000000000000300, 2.287777753867637800 ) ) ;
#2210 = ORIENTED_EDGE ( 'NONE', *, *, #175, .F. ) ;
#2211 = COLOUR_RGB ( '',0.8980392156862745400, 0.8980392156862745400, 0.8980392156862745400 ) ;
#2212 = ADVANCED_FACE ( 'NONE', ( #2579 ), #5469, .F. ) ;
#2213 = STYLED_ITEM ( 'NONE', ( #5635 ), #1504 ) ;
#2214 = ORIENTED_EDGE ( 'NONE', *, *, #4984, .T. ) ;
#2215 = EDGE_LOOP ( 'NONE', ( #6976, #2464, #4165, #5444 ) ) ;
#2216 = AXIS2_PLACEMENT_3D ( 'NONE', #1912, #5676, #2443 ) ;
#2217 = ORIENTED_EDGE ( 'NONE', *, *, #4187, .F. ) ;
#2218 = DIRECTION ( 'NONE',  ( -0.0000000000000000000, -1.000000000000000000, -0.0000000000000000000 ) ) ;
#2219 = COLOUR_RGB ( '',0.8980392156862745400, 0.8980392156862745400, 0.8980392156862745400 ) ;
#2220 =( NAMED_UNIT ( * ) SI_UNIT ( $, .STERADIAN. ) SOLID_ANGLE_UNIT ( ) );
#2221 = EDGE_CURVE ( 'NONE', #5155, #5007, #5170, .T. ) ;
#2223 = DIRECTION ( 'NONE',  ( -0.0000000000000000000, -1.000000000000000000, -0.0000000000000000000 ) ) ;
#2222 = VECTOR ( 'NONE', #5566, 1000.000000000000000 ) ;
#2224 = DIRECTION ( 'NONE',  ( -1.084202172485504400E-016, 0.0000000000000000000, -1.000000000000000000 ) ) ;
#2225 = CARTESIAN_POINT ( 'NONE',  ( 3.121012190790982900, 0.0000000000000000000, -3.783294761366649900 ) ) ;
#2226 =( NAMED_UNIT ( * ) PLANE_ANGLE_UNIT ( ) SI_UNIT ( $, .RADIAN. ) );
#2227 = SURFACE_STYLE_USAGE ( .BOTH. , #5446 ) ;
#2228 = CARTESIAN_POINT ( 'NONE',  ( -6.010527126408819100, 0.0000000000000000000, -5.512829155905854400 ) ) ;
#2229 = SURFACE_STYLE_USAGE ( .BOTH. , #6529 ) ;
#2230 = DIRECTION ( 'NONE',  ( 1.000000000000000000, 0.0000000000000000000, 0.0000000000000000000 ) ) ;
#2231 = EDGE_LOOP ( 'NONE', ( #5208, #5560, #726, #2830 ) ) ;
#2232 = LINE ( 'NONE', #942, #5102 ) ;
#2233 = LINE ( 'NONE', #3778, #3498 ) ;
#2234 =( NAMED_UNIT ( * ) SI_UNIT ( $, .STERADIAN. ) SOLID_ANGLE_UNIT ( ) );
#2235 = EDGE_CURVE ( 'NONE', #1867, #1437, #3749, .T. ) ;
#2236 = EDGE_CURVE ( 'NONE', #6196, #226, #879, .T. ) ;
#2237 = EDGE_CURVE ( 'NONE', #630, #2049, #5010, .T. ) ;
#2238 =( GEOMETRIC_REPRESENTATION_CONTEXT ( 3 ) GLOBAL_UNCERTAINTY_ASSIGNED_CONTEXT ( ( #146 ) ) GLOBAL_UNIT_ASSIGNED_CONTEXT ( ( #6824, #3617, #389 ) ) REPRESENTATION_CONTEXT ( 'NONE', 'WORKASPACE' ) );
#2239 = VECTOR ( 'NONE', #6340, 1000.000000000000000 ) ;
#2240 = CARTESIAN_POINT ( 'NONE',  ( 13.25000000000001400, -5.749999999999923600, -3.499999999999997800 ) ) ;
#2241 =( NAMED_UNIT ( * ) PLANE_ANGLE_UNIT ( ) SI_UNIT ( $, .RADIAN. ) );
#2242 = FACE_OUTER_BOUND ( 'NONE', #297, .T. ) ;
#2243 = ADVANCED_FACE ( 'NONE', ( #2314 ), #708, .F. ) ;
#2244 = SURFACE_STYLE_USAGE ( .BOTH. , #5462 ) ;
#2245 = PLANE ( 'NONE',  #3761 ) ;
#2246 = LINE ( 'NONE', #6806, #6358 ) ;
#2247 = PRESENTATION_STYLE_ASSIGNMENT (( #3806 ) ) ;
#2248 =( LENGTH_UNIT ( ) NAMED_UNIT ( * ) SI_UNIT ( .MILLI., .METRE. ) );
#2249 = SURFACE_SIDE_STYLE ('',( #1070 ) ) ;
#2250 = UNCERTAINTY_MEASURE_WITH_UNIT (LENGTH_MEASURE( 1.000000000000000100E-005 ), #5970, 'distance_accuracy_value', 'NONE');
#2251 = VERTEX_POINT ( 'NONE', #4454 ) ;
#2252 = EDGE_CURVE ( 'NONE', #6929, #1926, #4834, .T. ) ;
#2253 = DIRECTION ( 'NONE',  ( 1.000000000000000000, -0.0000000000000000000, -0.0000000000000000000 ) ) ;
#2254 = VERTEX_POINT ( 'NONE', #2333 ) ;
#2255 = STYLED_ITEM ( 'NONE', ( #1239 ), #6910 ) ;
#2256 = ORIENTED_EDGE ( 'NONE', *, *, #6134, .F. ) ;
#2257 = DIRECTION ( 'NONE',  ( 0.8498136422762455600, 0.0000000000000000000, -0.5270832698930799600 ) ) ;
#2258 = ADVANCED_FACE ( 'NONE', ( #542 ), #5018, .T. ) ;
#2259 = DIRECTION ( 'NONE',  ( 0.0000000000000000000, -0.0000000000000000000, 1.000000000000000000 ) ) ;
#2260 = FACE_OUTER_BOUND ( 'NONE', #5414, .T. ) ;
#2261 = CARTESIAN_POINT ( 'NONE',  ( -0.7410933151353015200, 0.05000000000000000300, 2.287777753867636000 ) ) ;
#2262 = ORIENTED_EDGE ( 'NONE', *, *, #5214, .F. ) ;
#2263 = CARTESIAN_POINT ( 'NONE',  ( 3.600000000000001000, 0.0000000000000000000, 3.000000000000007100 ) ) ;
#2264 = ORIENTED_EDGE ( 'NONE', *, *, #6893, .T. ) ;
#2265 = ORIENTED_EDGE ( 'NONE', *, *, #6975, .T. ) ;
#2266 = SURFACE_STYLE_USAGE ( .BOTH. , #5477 ) ;
#2267 = PLANE ( 'NONE',  #1443 ) ;
#2268 = LINE ( 'NONE', #6812, #5793 ) ;
#2269 = STYLED_ITEM ( 'NONE', ( #6618 ), #953 ) ;
#2270 = MECHANICAL_DESIGN_GEOMETRIC_PRESENTATION_REPRESENTATION (  '', ( #1200 ), #2620 ) ;
#2271 =( GEOMETRIC_REPRESENTATION_CONTEXT ( 3 ) GLOBAL_UNCERTAINTY_ASSIGNED_CONTEXT ( ( #5985 ) ) GLOBAL_UNIT_ASSIGNED_CONTEXT ( ( #6672, #3450, #231 ) ) REPRESENTATION_CONTEXT ( 'NONE', 'WORKASPACE' ) );
#2272 = UNCERTAINTY_MEASURE_WITH_UNIT (LENGTH_MEASURE( 1.000000000000000100E-005 ), #2476, 'distance_accuracy_value', 'NONE');
#2273 = CARTESIAN_POINT ( 'NONE',  ( 12.00000000000000000, -4.499999999999992900, 4.000000000000000000 ) ) ;
#2274 = DIRECTION ( 'NONE',  ( 1.000000000000000000, 0.0000000000000000000, 0.0000000000000000000 ) ) ;
#2275 = CARTESIAN_POINT ( 'NONE',  ( 13.25000000000001400, -5.750000000000001800, 4.000000000000000000 ) ) ;
#2276 = EDGE_CURVE ( 'NONE', #3140, #4339, #2899, .T. ) ;
#2277 = CARTESIAN_POINT ( 'NONE',  ( 12.00000000000000000, 3.500000000000000000, 4.000000000000000000 ) ) ;
#2278 = DIRECTION ( 'NONE',  ( -0.5275946911648340400, 0.0000000000000000000, -0.8494962282757254600 ) ) ;
#2279 =( NAMED_UNIT ( * ) PLANE_ANGLE_UNIT ( ) SI_UNIT ( $, .RADIAN. ) );
#2280 = ORIENTED_EDGE ( 'NONE', *, *, #3468, .F. ) ;
#2281 = FILL_AREA_STYLE ('',( #5499 ) ) ;
#2282 = DIRECTION ( 'NONE',  ( 0.0000000000000000000, 1.000000000000000000, 0.0000000000000000000 ) ) ;
#2283 = VECTOR ( 'NONE', #3281, 1000.000000000000000 ) ;
#2284 = CARTESIAN_POINT ( 'NONE',  ( -3.180661583331457500, 0.05000000000000000300, 2.929732241150968100 ) ) ;
#2285 = FACE_OUTER_BOUND ( 'NONE', #3836, .T. ) ;
#2286 = EDGE_LOOP ( 'NONE', ( #463, #2169, #4949, #6492, #5368 ) ) ;
#2287 = FACE_OUTER_BOUND ( 'NONE', #5322, .T. ) ;
#2288 = EDGE_LOOP ( 'NONE', ( #6282, #4566, #4446, #4526 ) ) ;
#2289 = PRESENTATION_STYLE_ASSIGNMENT (( #2921 ) ) ;
#2290 = VECTOR ( 'NONE', #1935, 1000.000000000000000 ) ;
#2291 = CARTESIAN_POINT ( 'NONE',  ( 3.121012190790982900, 0.05000000000000000300, -3.783294761366649900 ) ) ;
#2292 = PLANE ( 'NONE',  #1363 ) ;
#2293 = FACE_OUTER_BOUND ( 'NONE', #1947, .T. ) ;
#2294 = ORIENTED_EDGE ( 'NONE', *, *, #504, .F. ) ;
#2295 = PRESENTATION_LAYER_ASSIGNMENT (  '', '', ( #1932 ) ) ;
#2296 = ORIENTED_EDGE ( 'NONE', *, *, #5839, .F. ) ;
#2297 = LINE ( 'NONE', #5636, #866 ) ;
#2298 = DIRECTION ( 'NONE',  ( -0.0000000000000000000, -0.0000000000000000000, 1.000000000000000000 ) ) ;
#2299 = EDGE_CURVE ( 'NONE', #407, #276, #29, .T. ) ;
#2300 = PLANE ( 'NONE',  #470 ) ;
#2301 = ORIENTED_EDGE ( 'NONE', *, *, #2740, .T. ) ;
#2302 = LINE ( 'NONE', #4070, #6415 ) ;
#2303 = CARTESIAN_POINT ( 'NONE',  ( 5.499999999999998200, 6.500000000000000900, 0.0000000000000000000 ) ) ;
#2304 = COLOUR_RGB ( '',0.8980392156862745400, 0.8980392156862745400, 0.8980392156862745400 ) ;
#2305 = DIRECTION ( 'NONE',  ( 0.0000000000000000000, -0.0000000000000000000, -1.000000000000000000 ) ) ;
#2306 = VECTOR ( 'NONE', #1012, 1000.000000000000000 ) ;
#2307 = CARTESIAN_POINT ( 'NONE',  ( 13.50000000000000000, -2.500000000000000000, 4.999999999999999100 ) ) ;
#2308 = EDGE_CURVE ( 'NONE', #5784, #1437, #5587, .T. ) ;
#2309 = VERTEX_POINT ( 'NONE', #1833 ) ;
#2310 = FILL_AREA_STYLE_COLOUR ( '', #4344 ) ;
#2311 =( GEOMETRIC_REPRESENTATION_CONTEXT ( 3 ) GLOBAL_UNCERTAINTY_ASSIGNED_CONTEXT ( ( #5484 ) ) GLOBAL_UNIT_ASSIGNED_CONTEXT ( ( #59, #3837, #605 ) ) REPRESENTATION_CONTEXT ( 'NONE', 'WORKASPACE' ) );
#2312 = AXIS2_PLACEMENT_3D ( 'NONE', #3840, #608, #4381 ) ;
#2313 =( LENGTH_UNIT ( ) NAMED_UNIT ( * ) SI_UNIT ( .MILLI., .METRE. ) );
#2314 = FACE_OUTER_BOUND ( 'NONE', #760, .T. ) ;
#2315 = PRESENTATION_STYLE_ASSIGNMENT (( #615 ) ) ;
#2316 = DIRECTION ( 'NONE',  ( 0.0000000000000000000, 0.0000000000000000000, -1.000000000000000000 ) ) ;
#2317 = FACE_OUTER_BOUND ( 'NONE', #179, .T. ) ;
#2318 = PLANE ( 'NONE',  #767 ) ;
#2319 = ORIENTED_EDGE ( 'NONE', *, *, #2877, .F. ) ;
#2320 = CARTESIAN_POINT ( 'NONE',  ( 3.121012190790982900, 0.05000000000000000300, 0.08134923437046540100 ) ) ;
#2321 = STYLED_ITEM ( 'NONE', ( #831 ), #1696 ) ;
#2322 = MECHANICAL_DESIGN_GEOMETRIC_PRESENTATION_REPRESENTATION (  '', ( #1248 ), #2678 ) ;
#2323 =( NAMED_UNIT ( * ) PLANE_ANGLE_UNIT ( ) SI_UNIT ( $, .RADIAN. ) );
#2324 = VERTEX_POINT ( 'NONE', #5596 ) ;
#2325 = CARTESIAN_POINT ( 'NONE',  ( 11.00000000000000200, -2.500000000000000000, 4.999999999999999100 ) ) ;
#2326 = ORIENTED_EDGE ( 'NONE', *, *, #5479, .T. ) ;
#2327 = LINE ( 'NONE', #6582, #2145 ) ;
#2328 = SURFACE_SIDE_STYLE ('',( #3979 ) ) ;
#2329 = EDGE_CURVE ( 'NONE', #329, #5769, #5408, .T. ) ;
#2330 = SURFACE_SIDE_STYLE ('',( #4747 ) ) ;
#2331 = CARTESIAN_POINT ( 'NONE',  ( -6.020229851527614300, 0.05000000000000000300, 2.087777753867637600 ) ) ;
#2332 =( NAMED_UNIT ( * ) SI_UNIT ( $, .STERADIAN. ) SOLID_ANGLE_UNIT ( ) );
#2333 = CARTESIAN_POINT ( 'NONE',  ( -0.3410933151353004500, 0.0000000000000000000, 2.287777753867636000 ) ) ;
#2334 = STYLED_ITEM ( 'NONE', ( #1884 ), #5388 ) ;
#2335 = ORIENTED_EDGE ( 'NONE', *, *, #1174, .F. ) ;
#2336 = ORIENTED_EDGE ( 'NONE', *, *, #5838, .T. ) ;
#2337 = FILL_AREA_STYLE ('',( #172 ) ) ;
#2338 =( GEOMETRIC_REPRESENTATION_CONTEXT ( 3 ) GLOBAL_UNCERTAINTY_ASSIGNED_CONTEXT ( ( #3960 ) ) GLOBAL_UNIT_ASSIGNED_CONTEXT ( ( #4144, #4691, #6694 ) ) REPRESENTATION_CONTEXT ( 'NONE', 'WORKASPACE' ) );
#2339 = VECTOR ( 'NONE', #566, 1000.000000000000000 ) ;
#2340 = DIRECTION ( 'NONE',  ( 3.469446951953614200E-015, 0.0000000000000000000, -1.000000000000000000 ) ) ;
#2341 = EDGE_CURVE ( 'NONE', #2984, #4617, #1486, .T. ) ;
#2342 = EDGE_CURVE ( 'NONE', #6718, #2309, #2727, .T. ) ;
#2343 = STYLED_ITEM ( 'NONE', ( #5432 ), #2212 ) ;
#2344 = DIRECTION ( 'NONE',  ( -0.0000000000000000000, -0.0000000000000000000, 1.000000000000000000 ) ) ;
#2345 = PLANE ( 'NONE',  #2894 ) ;
#2346 = FILL_AREA_STYLE ('',( #2977 ) ) ;
#2347 = ORIENTED_EDGE ( 'NONE', *, *, #2521, .F. ) ;
#2348 = ORIENTED_EDGE ( 'NONE', *, *, #2965, .T. ) ;
#2349 = ORIENTED_EDGE ( 'NONE', *, *, #4802, .T. ) ;
#2350 = FILL_AREA_STYLE ('',( #5054 ) ) ;
#2351 = DIRECTION ( 'NONE',  ( 0.0000000000000000000, 0.0000000000000000000, -1.000000000000000000 ) ) ;
#2352 = ORIENTED_EDGE ( 'NONE', *, *, #5994, .T. ) ;
#2353 = ORIENTED_EDGE ( 'NONE', *, *, #459, .T. ) ;
#2354 = CARTESIAN_POINT ( 'NONE',  ( -6.420229851527615500, 0.05000000000000000300, 0.8403352088708592200 ) ) ;
#2355 = FACE_OUTER_BOUND ( 'NONE', #6974, .T. ) ;
#2356 = SURFACE_STYLE_USAGE ( .BOTH. , #5572 ) ;
#2357 = SURFACE_STYLE_USAGE ( .BOTH. , #5575 ) ;
#2358 = STYLED_ITEM ( 'NONE', ( #6253 ), #1304 ) ;
#2359 = SURFACE_STYLE_USAGE ( .BOTH. , #5578 ) ;
#2360 = PRESENTATION_STYLE_ASSIGNMENT (( #6065 ) ) ;
#2361 = SURFACE_STYLE_USAGE ( .BOTH. , #5584 ) ;
#2362 = DIRECTION ( 'NONE',  ( -0.0000000000000000000, -1.000000000000000000, -0.0000000000000000000 ) ) ;
#2363 = DIRECTION ( 'NONE',  ( -1.000000000000000000, 0.0000000000000000000, -0.0000000000000000000 ) ) ;
#2364 = DIRECTION ( 'NONE',  ( -0.8498136422762452300, -0.0000000000000000000, -0.5270832698930804100 ) ) ;
#2365 = PRESENTATION_LAYER_ASSIGNMENT (  '', '', ( #1655 ) ) ;
#2366 = VERTEX_POINT ( 'NONE', #1330 ) ;
#2367 = CARTESIAN_POINT ( 'NONE',  ( 12.50000000000000000, 3.500000000000000000, 4.000000000000000000 ) ) ;
#2368 = FACE_OUTER_BOUND ( 'NONE', #1964, .T. ) ;
#2369 = FILL_AREA_STYLE ('',( #3992 ) ) ;
#2370 = ORIENTED_EDGE ( 'NONE', *, *, #1974, .F. ) ;
#2371 = ORIENTED_EDGE ( 'NONE', *, *, #4335, .T. ) ;
#2372 = CARTESIAN_POINT ( 'NONE',  ( 12.00000000000008000, 3.500000000000000000, -3.999999999999998200 ) ) ;
#2373 = LINE ( 'NONE', #5911, #5074 ) ;
#2374 = VECTOR ( 'NONE', #6700, 1000.000000000000000 ) ;
#2375 = EDGE_CURVE ( 'NONE', #5079, #5034, #2556, .T. ) ;
#2376 = ADVANCED_FACE ( 'NONE', ( #1135 ), #3475, .F. ) ;
#2377 = LINE ( 'NONE', #6637, #3824 ) ;
#2378 = ORIENTED_EDGE ( 'NONE', *, *, #4772, .T. ) ;
#2379 = DIRECTION ( 'NONE',  ( 0.8524342904835907600, 0.0000000000000000000, -0.5228343718690816600 ) ) ;
#2380 = FACE_OUTER_BOUND ( 'NONE', #6202, .T. ) ;
#2381 = EDGE_LOOP ( 'NONE', ( #6789, #1331, #5442, #6066 ) ) ;
#2382 = LINE ( 'NONE', #800, #3829 ) ;
#2383 = EDGE_CURVE ( 'NONE', #5979, #1957, #2382, .T. ) ;
#2384 = CIRCLE ( 'NONE', #3523, 1.500000000000001300 ) ;
#2385 = PRESENTATION_STYLE_ASSIGNMENT (( #4450 ) ) ;
#2386 = ORIENTED_EDGE ( 'NONE', *, *, #5576, .T. ) ;
#2387 = ORIENTED_EDGE ( 'NONE', *, *, #6561, .F. ) ;
#2388 = ORIENTED_EDGE ( 'NONE', *, *, #4472, .T. ) ;
#2389 = CARTESIAN_POINT ( 'NONE',  ( 13.25000000000000200, -4.500000000000000000, 0.0000000000000000000 ) ) ;
#2390 = DIRECTION ( 'NONE',  ( 0.0000000000000000000, 0.0000000000000000000, 1.000000000000000000 ) ) ;
#2391 = AXIS2_PLACEMENT_3D ( 'NONE', #5366, #1065, #1613 ) ;
#2392 = AXIS2_PLACEMENT_3D ( 'NONE', #5364, #2137, #5886 ) ;
#2393 = STYLED_ITEM ( 'NONE', ( #4629 ), #4425 ) ;
#2394 = CARTESIAN_POINT ( 'NONE',  ( 19.75000000000000400, -5.750000000000001800, 4.000000000000000000 ) ) ;
#2395 = VECTOR ( 'NONE', #4498, 1000.000000000000000 ) ;
#2396 = DIRECTION ( 'NONE',  ( -0.0000000000000000000, 0.0000000000000000000, 1.000000000000000000 ) ) ;
#2397 = DIRECTION ( 'NONE',  ( -0.0000000000000000000, 1.000000000000000000, -0.0000000000000000000 ) ) ;
#2398 = PLANE ( 'NONE',  #57 ) ;
#2399 = VERTEX_POINT ( 'NONE', #4550 ) ;
#2400 = EDGE_CURVE ( 'NONE', #4958, #3902, #5086, .T. ) ;
#2401 = DIRECTION ( 'NONE',  ( 1.000000000000000000, 0.0000000000000000000, 0.0000000000000000000 ) ) ;
#2402 = DIRECTION ( 'NONE',  ( 0.5275946911648330400, 0.0000000000000000000, -0.8494962282757260200 ) ) ;
#2403 = DIRECTION ( 'NONE',  ( 0.8498136422762455600, 0.0000000000000000000, 0.5270832698930799600 ) ) ;
#2404 = LINE ( 'NONE', #6132, #980 ) ;
#2405 = FACE_OUTER_BOUND ( 'NONE', #6221, .T. ) ;
#2406 = ADVANCED_FACE ( 'NONE', ( #6499 ), #236, .F. ) ;
#2407 = DIRECTION ( 'NONE',  ( 1.000000000000000000, 0.0000000000000000000, 0.0000000000000000000 ) ) ;
#2408 = VECTOR ( 'NONE', #2647, 1000.000000000000000 ) ;
#2409 = AXIS2_PLACEMENT_3D ( 'NONE', #3944, #2870, #6626 ) ;
#2410 = ADVANCED_FACE ( 'NONE', ( #5984 ), #6756, .F. ) ;
#2411 = LINE ( 'NONE', #6762, #3689 ) ;
#2412 = DIRECTION ( 'NONE',  ( -0.0000000000000000000, -1.000000000000000000, -0.0000000000000000000 ) ) ;
#2413 = VECTOR ( 'NONE', #6465, 1000.000000000000000 ) ;
#2414 = FILL_AREA_STYLE ('',( #1878 ) ) ;
#2415 = STYLED_ITEM ( 'NONE', ( #3292 ), #499 ) ;
#2416 = ORIENTED_EDGE ( 'NONE', *, *, #6321, .T. ) ;
#2417 = ORIENTED_EDGE ( 'NONE', *, *, #2614, .F. ) ;
#2418 =( LENGTH_UNIT ( ) NAMED_UNIT ( * ) SI_UNIT ( .MILLI., .METRE. ) );
#2419 = VERTEX_POINT ( 'NONE', #2423 ) ;
#2420 = VECTOR ( 'NONE', #4920, 1000.000000000000000 ) ;
#2421 = ORIENTED_EDGE ( 'NONE', *, *, #1024, .T. ) ;
#2422 = AXIS2_PLACEMENT_3D ( 'NONE', #2496, #6239, #3037 ) ;
#2423 = CARTESIAN_POINT ( 'NONE',  ( -0.3410933151353004500, 0.05000000000000000300, 1.240335208870860100 ) ) ;
#2424 = UNCERTAINTY_MEASURE_WITH_UNIT (LENGTH_MEASURE( 1.000000000000000100E-005 ), #4828, 'distance_accuracy_value', 'NONE');
#2425 = VERTEX_POINT ( 'NONE', #5688 ) ;
#2426 = VERTEX_POINT ( 'NONE', #6737 ) ;
#2427 = FACE_OUTER_BOUND ( 'NONE', #4503, .T. ) ;
#2428 = CARTESIAN_POINT ( 'NONE',  ( 19.75000000000000400, -5.749999999999947600, -1.499999999999998200 ) ) ;
#2429 = DIRECTION ( 'NONE',  ( 1.000000000000000000, 0.0000000000000000000, 0.0000000000000000000 ) ) ;
#2430 =( NAMED_UNIT ( * ) PLANE_ANGLE_UNIT ( ) SI_UNIT ( $, .RADIAN. ) );
#2431 = EDGE_CURVE ( 'NONE', #2251, #962, #5328, .T. ) ;
#2432 = MECHANICAL_DESIGN_GEOMETRIC_PRESENTATION_REPRESENTATION (  '', ( #1373 ), #2805 ) ;
#2433 = AXIS2_PLACEMENT_3D ( 'NONE', #4705, #1497, #5238 ) ;
#2434 = DIRECTION ( 'NONE',  ( -1.000000000000000000, 0.0000000000000000000, -0.0000000000000000000 ) ) ;
#2435 =( NAMED_UNIT ( * ) PLANE_ANGLE_UNIT ( ) SI_UNIT ( $, .RADIAN. ) );
#2436 = FILL_AREA_STYLE ('',( #1362 ) ) ;
#2437 = VECTOR ( 'NONE', #62, 1000.000000000000000 ) ;
#2438 = CARTESIAN_POINT ( 'NONE',  ( -9.882335357453893500, 0.05000000000000000300, -3.783294761366649900 ) ) ;
#2439 = VERTEX_POINT ( 'NONE', #2975 ) ;
#2440 = PRESENTATION_LAYER_ASSIGNMENT (  '', '', ( #2086 ) ) ;
#2441 = DIRECTION ( 'NONE',  ( 1.000000000000000000, 0.0000000000000000000, 0.0000000000000000000 ) ) ;
#2442 = AXIS2_PLACEMENT_3D ( 'NONE', #4234, #992, #4761 ) ;
#2443 = DIRECTION ( 'NONE',  ( 1.000000000000000000, 0.0000000000000000000, -0.0000000000000000000 ) ) ;
#2444 = PRESENTATION_STYLE_ASSIGNMENT (( #2964 ) ) ;
#2445 = DIRECTION ( 'NONE',  ( -0.0000000000000000000, 1.000000000000000000, -0.0000000000000000000 ) ) ;
#2446 = VECTOR ( 'NONE', #2747, 1000.000000000000000 ) ;
#2447 = EDGE_CURVE ( 'NONE', #4617, #4245, #2640, .T. ) ;
#2448 =( NAMED_UNIT ( * ) PLANE_ANGLE_UNIT ( ) SI_UNIT ( $, .RADIAN. ) );
#2449 = EDGE_LOOP ( 'NONE', ( #3022, #2563, #5710, #663 ) ) ;
#2450 = LINE ( 'NONE', #495, #6572 ) ;
#2451 = ORIENTED_EDGE ( 'NONE', *, *, #92, .F. ) ;
#2452 = DIRECTION ( 'NONE',  ( 0.0000000000000000000, 0.0000000000000000000, 1.000000000000000000 ) ) ;
#2453 =( LENGTH_UNIT ( ) NAMED_UNIT ( * ) SI_UNIT ( .MILLI., .METRE. ) );
#2454 = AXIS2_PLACEMENT_3D ( 'NONE', #41, #16, #3814 ) ;
#2455 = SURFACE_STYLE_FILL_AREA ( #5106 ) ;
#2456 = VERTEX_POINT ( 'NONE', #1913 ) ;
#2457 = ORIENTED_EDGE ( 'NONE', *, *, #6692, .F. ) ;
#2458 = PLANE ( 'NONE',  #5028 ) ;
#2459 = SURFACE_STYLE_FILL_AREA ( #4468 ) ;
#2460 = EDGE_CURVE ( 'NONE', #1526, #407, #1224, .T. ) ;
#2461 = EDGE_CURVE ( 'NONE', #4978, #1207, #4089, .T. ) ;
#2462 = CARTESIAN_POINT ( 'NONE',  ( 13.25000000000000200, -4.500000000000000000, 0.0000000000000000000 ) ) ;
#2463 = DIRECTION ( 'NONE',  ( 0.8498136422762455600, -0.0000000000000000000, 0.5270832698930799600 ) ) ;
#2464 = ORIENTED_EDGE ( 'NONE', *, *, #1962, .F. ) ;
#2465 = VECTOR ( 'NONE', #6753, 1000.000000000000000 ) ;
#2466 = PRESENTATION_STYLE_ASSIGNMENT (( #5810 ) ) ;
#2467 = AXIS2_PLACEMENT_3D ( 'NONE', #2694, #6441, #3231 ) ;
#2468 = UNCERTAINTY_MEASURE_WITH_UNIT (LENGTH_MEASURE( 1.000000000000000100E-005 ), #1077, 'distance_accuracy_value', 'NONE');
#2469 = SURFACE_SIDE_STYLE ('',( #4382 ) ) ;
#2470 = LINE ( 'NONE', #4350, #5164 ) ;
#2471 = CIRCLE ( 'NONE', #5915, 0.7500000000000006700 ) ;
#2472 = DIRECTION ( 'NONE',  ( -1.392757777031960500E-014, 1.000000000000000000, 0.0000000000000000000 ) ) ;
#2473 =( NAMED_UNIT ( * ) SI_UNIT ( $, .STERADIAN. ) SOLID_ANGLE_UNIT ( ) );
#2474 = ORIENTED_EDGE ( 'NONE', *, *, #4965, .T. ) ;
#2475 = ORIENTED_EDGE ( 'NONE', *, *, #2341, .T. ) ;
#2476 =( LENGTH_UNIT ( ) NAMED_UNIT ( * ) SI_UNIT ( .MILLI., .METRE. ) );
#2477 = VECTOR ( 'NONE', #4053, 1000.000000000000000 ) ;
#2478 = SURFACE_STYLE_FILL_AREA ( #65 ) ;
#2479 = ORIENTED_EDGE ( 'NONE', *, *, #2375, .T. ) ;
#2480 = MECHANICAL_DESIGN_GEOMETRIC_PRESENTATION_REPRESENTATION (  '', ( #1767 ), #2849 ) ;
#2481 = DIRECTION ( 'NONE',  ( 3.469446951953614200E-015, 0.0000000000000000000, -1.000000000000000000 ) ) ;
#2482 = UNCERTAINTY_MEASURE_WITH_UNIT (LENGTH_MEASURE( 1.000000000000000100E-005 ), #4035, 'distance_accuracy_value', 'NONE');
#2483 = COLOUR_RGB ( '',0.8980392156862745400, 0.8980392156862745400, 0.8980392156862745400 ) ;
#2484 =( NAMED_UNIT ( * ) SI_UNIT ( $, .STERADIAN. ) SOLID_ANGLE_UNIT ( ) );
#2485 = EDGE_LOOP ( 'NONE', ( #2349, #5980, #4146, #525 ) ) ;
#2486 = LINE ( 'NONE', #3877, #6776 ) ;
#2487 = AXIS2_PLACEMENT_3D ( 'NONE', #5317, #3178, #6947 ) ;
#2488 =( GEOMETRIC_REPRESENTATION_CONTEXT ( 3 ) GLOBAL_UNCERTAINTY_ASSIGNED_CONTEXT ( ( #4431 ) ) GLOBAL_UNIT_ASSIGNED_CONTEXT ( ( #3592, #368, #4147 ) ) REPRESENTATION_CONTEXT ( 'NONE', 'WORKASPACE' ) );
#2489 = STYLED_ITEM ( 'NONE', ( #1132 ), #5941 ) ;
#2490 = CARTESIAN_POINT ( 'NONE',  ( 0.2089066848647014300, 0.0000000000000000000, -1.670990180068217900 ) ) ;
#2491 = COLOUR_RGB ( '',0.8980392156862745400, 0.8980392156862745400, 0.8980392156862745400 ) ;
#2492 =( NAMED_UNIT ( * ) PLANE_ANGLE_UNIT ( ) SI_UNIT ( $, .RADIAN. ) );
#2493 = FACE_OUTER_BOUND ( 'NONE', #2577, .T. ) ;
#2494 = ORIENTED_EDGE ( 'NONE', *, *, #6327, .T. ) ;
#2495 = SURFACE_STYLE_USAGE ( .BOTH. , #5723 ) ;
#2496 = CARTESIAN_POINT ( 'NONE',  ( 0.0000000000000000000, 1.500000000000000000, 0.0000000000000000000 ) ) ;
#2497 = FACE_OUTER_BOUND ( 'NONE', #4750, .T. ) ;
#2498 = VECTOR ( 'NONE', #2056, 1000.000000000000000 ) ;
#2499 = CARTESIAN_POINT ( 'NONE',  ( 12.50000000000007800, 1.500000000000000000, -3.999999999999998200 ) ) ;
#2500 = STYLED_ITEM ( 'NONE', ( #22 ), #4837 ) ;
#2501 = ORIENTED_EDGE ( 'NONE', *, *, #2221, .T. ) ;
#2502 = ORIENTED_EDGE ( 'NONE', *, *, #6551, .F. ) ;
#2503 = PLANE ( 'NONE',  #3578 ) ;
#2504 = DIRECTION ( 'NONE',  ( 0.0000000000000000000, 1.000000000000000000, 0.0000000000000000000 ) ) ;
#2505 = ADVANCED_FACE ( 'NONE', ( #3739 ), #5677, .F. ) ;
#2506 = VERTEX_POINT ( 'NONE', #323 ) ;
#2507 = CARTESIAN_POINT ( 'NONE',  ( 12.00000000000005200, -4.499999999999992900, -0.9999999999999983300 ) ) ;
#2508 = EDGE_CURVE ( 'NONE', #4504, #246, #2302, .T. ) ;
#2509 = ORIENTED_EDGE ( 'NONE', *, *, #1328, .T. ) ;
#2510 = ORIENTED_EDGE ( 'NONE', *, *, #4119, .T. ) ;
#2511 = FACE_OUTER_BOUND ( 'NONE', #496, .T. ) ;
#2512 = FILL_AREA_STYLE ('',( #1976 ) ) ;
#2513 = SURFACE_STYLE_USAGE ( .BOTH. , #5734 ) ;
#2514 = VERTEX_POINT ( 'NONE', #4615 ) ;
#2515 = ORIENTED_EDGE ( 'NONE', *, *, #673, .F. ) ;
#2516 = DIRECTION ( 'NONE',  ( -4.832099224333226500E-029, 3.469446951953614200E-015, -1.000000000000000000 ) ) ;
#2517 = VECTOR ( 'NONE', #6064, 1000.000000000000000 ) ;
#2518 = LINE ( 'NONE', #756, #1098 ) ;
#2519 = DIRECTION ( 'NONE',  ( 0.0000000000000000000, 0.0000000000000000000, 1.000000000000000000 ) ) ;
#2520 =( NAMED_UNIT ( * ) PLANE_ANGLE_UNIT ( ) SI_UNIT ( $, .RADIAN. ) );
#2521 = EDGE_CURVE ( 'NONE', #5539, #1424, #5162, .T. ) ;
#2522 = SURFACE_SIDE_STYLE ('',( #6671 ) ) ;
#2523 = VECTOR ( 'NONE', #3913, 1000.000000000000000 ) ;
#2524 = CARTESIAN_POINT ( 'NONE',  ( 12.00000000000002700, 1.500000000000000000, 1.500000000000000900 ) ) ;
#2525 = FILL_AREA_STYLE ('',( #5206 ) ) ;
#2526 = PRESENTATION_LAYER_ASSIGNMENT (  '', '', ( #1814 ) ) ;
#2527 = STYLED_ITEM ( 'NONE', ( #785 ), #3313 ) ;
#2528 = AXIS2_PLACEMENT_3D ( 'NONE', #1008, #6376, #3166 ) ;
#2529 = FILL_AREA_STYLE ('',( #1993 ) ) ;
#2530 = CARTESIAN_POINT ( 'NONE',  ( -6.420229851527615500, 0.0000000000000000000, -1.365134884645989000 ) ) ;
#2531 = ORIENTED_EDGE ( 'NONE', *, *, #4502, .F. ) ;
#2532 = CARTESIAN_POINT ( 'NONE',  ( 13.50000000000000000, 0.0000000000000000000, -7.499999999999998200 ) ) ;
#2533 = CARTESIAN_POINT ( 'NONE',  ( 12.50000000000002700, -4.499999999999992900, 1.500000000000000900 ) ) ;
#2534 = DIRECTION ( 'NONE',  ( 1.000000000000000000, 0.0000000000000000000, 0.0000000000000000000 ) ) ;
#2535 = VECTOR ( 'NONE', #4252, 1000.000000000000000 ) ;
#2536 = SURFACE_STYLE_USAGE ( .BOTH. , #5757 ) ;
#2537 = ADVANCED_FACE ( 'NONE', ( #870 ), #344, .T. ) ;
#2538 = PRESENTATION_LAYER_ASSIGNMENT (  '', '', ( #2176 ) ) ;
#2539 = EDGE_CURVE ( 'NONE', #4026, #908, #1637, .T. ) ;
#2540 = ORIENTED_EDGE ( 'NONE', *, *, #3456, .T. ) ;
#2541 = ORIENTED_EDGE ( 'NONE', *, *, #1408, .T. ) ;
#2542 =( NAMED_UNIT ( * ) SI_UNIT ( $, .STERADIAN. ) SOLID_ANGLE_UNIT ( ) );
#2543 = LINE ( 'NONE', #6434, #943 ) ;
#2544 = VECTOR ( 'NONE', #1832, 1000.000000000000000 ) ;
#2545 = SURFACE_STYLE_FILL_AREA ( #4668 ) ;
#2546 = PRESENTATION_STYLE_ASSIGNMENT (( #3632 ) ) ;
#2547 = ORIENTED_EDGE ( 'NONE', *, *, #5577, .F. ) ;
#2548 = LINE ( 'NONE', #5008, #1307 ) ;
#2549 = CARTESIAN_POINT ( 'NONE',  ( 13.25000000000001400, -5.749999999999923600, -3.499999999999997800 ) ) ;
#2550 = FILL_AREA_STYLE_COLOUR ( '', #4862 ) ;
#2551 = FACE_OUTER_BOUND ( 'NONE', #2857, .T. ) ;
#2552 = PRESENTATION_LAYER_ASSIGNMENT (  '', '', ( #2185 ) ) ;
#2553 = ADVANCED_FACE ( 'NONE', ( #203 ), #3585, .F. ) ;
#2554 = DIRECTION ( 'NONE',  ( -0.0000000000000000000, -1.000000000000000000, -0.0000000000000000000 ) ) ;
#2555 = MECHANICAL_DESIGN_GEOMETRIC_PRESENTATION_REPRESENTATION (  '', ( #1838 ), #2923 ) ;
#2556 = LINE ( 'NONE', #6140, #5249 ) ;
#2557 = UNCERTAINTY_MEASURE_WITH_UNIT (LENGTH_MEASURE( 1.000000000000000100E-005 ), #5721, 'distance_accuracy_value', 'NONE');
#2558 = LINE ( 'NONE', #4730, #3832 ) ;
#2559 = FACE_OUTER_BOUND ( 'NONE', #1750, .T. ) ;
#2560 = EDGE_LOOP ( 'NONE', ( #5072, #6236 ) ) ;
#2561 = FILL_AREA_STYLE ('',( #5772 ) ) ;
#2562 = VERTEX_POINT ( 'NONE', #3564 ) ;
#2563 = ORIENTED_EDGE ( 'NONE', *, *, #4216, .F. ) ;
#2564 = AXIS2_PLACEMENT_3D ( 'NONE', #2915, #262, #4033 ) ;
#2565 = DIRECTION ( 'NONE',  ( 1.000000000000000000, 0.0000000000000000000, 0.0000000000000000000 ) ) ;
#2566 = CARTESIAN_POINT ( 'NONE',  ( -4.055661583331458400, 0.05000000000000000300, -4.300355183510403900 ) ) ;
#2567 = SURFACE_STYLE_USAGE ( .BOTH. , #2330 ) ;
#2568 = LINE ( 'NONE', #1997, #1148 ) ;
#2569 = DIRECTION ( 'NONE',  ( -0.5270832698930796300, 0.0000000000000000000, -0.8498136422762456700 ) ) ;
#2570 = CARTESIAN_POINT ( 'NONE',  ( -3.580661583331458300, 0.0000000000000000000, 3.548872037816159800 ) ) ;
#2571 = ADVANCED_FACE ( 'NONE', ( #1127 ), #1485, .F. ) ;
#2572 = COLOUR_RGB ( '',0.8980392156862745400, 0.8980392156862745400, 0.8980392156862745400 ) ;
#2573 = UNCERTAINTY_MEASURE_WITH_UNIT (LENGTH_MEASURE( 1.000000000000000100E-005 ), #2682, 'distance_accuracy_value', 'NONE');
#2574 = DIRECTION ( 'NONE',  ( 1.000000000000000000, 0.0000000000000000000, 0.0000000000000000000 ) ) ;
#2575 = ORIENTED_EDGE ( 'NONE', *, *, #3172, .T. ) ;
#2576 = ADVANCED_FACE ( 'NONE', ( #5240 ), #6287, .F. ) ;
#2577 = EDGE_LOOP ( 'NONE', ( #2889, #3724 ) ) ;
#2578 = DIRECTION ( 'NONE',  ( 1.392757777031960500E-014, -1.000000000000000000, -0.0000000000000000000 ) ) ;
#2579 = FACE_OUTER_BOUND ( 'NONE', #3551, .T. ) ;
#2580 = VECTOR ( 'NONE', #1321, 1000.000000000000000 ) ;
#2581 = AXIS2_PLACEMENT_3D ( 'NONE', #6195, #2992, #6745 ) ;
#2582 =( LENGTH_UNIT ( ) NAMED_UNIT ( * ) SI_UNIT ( .MILLI., .METRE. ) );
#2583 = CARTESIAN_POINT ( 'NONE',  ( -2.995557381772651100, 0.05000000000000000300, -4.767752686762338300 ) ) ;
#2584 = PRESENTATION_LAYER_ASSIGNMENT (  '', '', ( #1861 ) ) ;
#2585 = VECTOR ( 'NONE', #2569, 1000.000000000000200 ) ;
#2586 = CARTESIAN_POINT ( 'NONE',  ( 0.0000000000000000000, 1.500000000000000000, 0.0000000000000000000 ) ) ;
#2587 = DIRECTION ( 'NONE',  ( -3.469446951953614200E-015, -0.0000000000000000000, 1.000000000000000000 ) ) ;
#2588 = VECTOR ( 'NONE', #2077, 1000.000000000000000 ) ;
#2589 = EDGE_CURVE ( 'NONE', #4966, #5371, #3304, .T. ) ;
#2590 = ADVANCED_FACE ( 'NONE', ( #448 ), #6314, .T. ) ;
#2591 = CARTESIAN_POINT ( 'NONE',  ( 16.00000000000000000, 0.0000000000000000000, 10.00000000000000200 ) ) ;
#2592 = CARTESIAN_POINT ( 'NONE',  ( 13.50000000000000000, 0.0000000000000000000, 7.500000000000001800 ) ) ;
#2593 = ORIENTED_EDGE ( 'NONE', *, *, #5309, .F. ) ;
#2594 = ORIENTED_EDGE ( 'NONE', *, *, #6390, .T. ) ;
#2595 = ORIENTED_EDGE ( 'NONE', *, *, #6496, .T. ) ;
#2596 = VECTOR ( 'NONE', #3847, 1000.000000000000000 ) ;
#2597 = AXIS2_PLACEMENT_3D ( 'NONE', #6355, #3148, #6906 ) ;
#2598 = ORIENTED_EDGE ( 'NONE', *, *, #1022, .T. ) ;
#2599 =( LENGTH_UNIT ( ) NAMED_UNIT ( * ) SI_UNIT ( .MILLI., .METRE. ) );
#2600 = CARTESIAN_POINT ( 'NONE',  ( 0.2089066848647014300, 0.0000000000000000000, 2.287777753867636000 ) ) ;
#2601 = ORIENTED_EDGE ( 'NONE', *, *, #1692, .F. ) ;
#2602 = VERTEX_POINT ( 'NONE', #4739 ) ;
#2603 = EDGE_CURVE ( 'NONE', #2309, #6718, #5978, .T. ) ;
#2604 = EDGE_CURVE ( 'NONE', #4219, #1488, #4741, .T. ) ;
#2605 = ADVANCED_FACE ( 'NONE', ( #623 ), #5807, .F. ) ;
#2606 = EDGE_CURVE ( 'NONE', #6452, #4074, #2628, .T. ) ;
#2607 =( NAMED_UNIT ( * ) SI_UNIT ( $, .STERADIAN. ) SOLID_ANGLE_UNIT ( ) );
#2608 = DIRECTION ( 'NONE',  ( 0.4592070539422891100, -0.0000000000000000000, 0.8883292641862270400 ) ) ;
#2609 = ADVANCED_FACE ( 'NONE', ( #6921 ), #5316, .T. ) ;
#2610 =( LENGTH_UNIT ( ) NAMED_UNIT ( * ) SI_UNIT ( .MILLI., .METRE. ) );
#2611 =( NAMED_UNIT ( * ) PLANE_ANGLE_UNIT ( ) SI_UNIT ( $, .RADIAN. ) );
#2612 =( NAMED_UNIT ( * ) SI_UNIT ( $, .STERADIAN. ) SOLID_ANGLE_UNIT ( ) );
#2613 = FACE_OUTER_BOUND ( 'NONE', #5284, .T. ) ;
#2614 = EDGE_CURVE ( 'NONE', #4026, #6949, #6225, .T. ) ;
#2615 = COLOUR_RGB ( '',0.8980392156862745400, 0.8980392156862745400, 0.8980392156862745400 ) ;
#2616 = VECTOR ( 'NONE', #4036, 1000.000000000000000 ) ;
#2617 = VECTOR ( 'NONE', #4356, 1000.000000000000000 ) ;
#2618 = CARTESIAN_POINT ( 'NONE',  ( -3.800000000000002000, 6.896994759475080400, 8.216422155899984100 ) ) ;
#2619 = AXIS2_PLACEMENT_3D ( 'NONE', #6575, #3361, #1259 ) ;
#2620 =( GEOMETRIC_REPRESENTATION_CONTEXT ( 3 ) GLOBAL_UNCERTAINTY_ASSIGNED_CONTEXT ( ( #3196 ) ) GLOBAL_UNIT_ASSIGNED_CONTEXT ( ( #6680, #3454, #244 ) ) REPRESENTATION_CONTEXT ( 'NONE', 'WORKASPACE' ) );
#2621 = ORIENTED_EDGE ( 'NONE', *, *, #3678, .T. ) ;
#2622 = PRESENTATION_LAYER_ASSIGNMENT (  '', '', ( #2989 ) ) ;
#2623 = ORIENTED_EDGE ( 'NONE', *, *, #6703, .T. ) ;
#2624 = DIRECTION ( 'NONE',  ( 0.8883292641862274900, 0.0000000000000000000, 0.4592070539422885000 ) ) ;
#2625 = SURFACE_STYLE_FILL_AREA ( #1978 ) ;
#2626 = DIRECTION ( 'NONE',  ( 1.000000000000000000, 0.0000000000000000000, 0.0000000000000000000 ) ) ;
#2627 = DIRECTION ( 'NONE',  ( -0.0000000000000000000, -1.000000000000000000, -0.0000000000000000000 ) ) ;
#2628 = LINE ( 'NONE', #4784, #5486 ) ;
#2629 = ORIENTED_EDGE ( 'NONE', *, *, #5576, .F. ) ;
#2630 = ORIENTED_EDGE ( 'NONE', *, *, #6528, .T. ) ;
#2631 = LINE ( 'NONE', #6576, #5324 ) ;
#2632 = CARTESIAN_POINT ( 'NONE',  ( -3.800000000000002900, 1.500000000000000000, 0.0000000000000000000 ) ) ;
#2633 = EDGE_CURVE ( 'NONE', #2748, #4555, #3559, .T. ) ;
#2634 = CARTESIAN_POINT ( 'NONE',  ( -3.655661583331457200, 0.05000000000000000300, -3.729561558723129400 ) ) ;
#2635 = DIRECTION ( 'NONE',  ( 1.000000000000000000, -0.0000000000000000000, -0.0000000000000000000 ) ) ;
#2636 = DIRECTION ( 'NONE',  ( 0.0000000000000000000, 0.0000000000000000000, 1.000000000000000000 ) ) ;
#2637 = ORIENTED_EDGE ( 'NONE', *, *, #2095, .F. ) ;
#2638 = ADVANCED_FACE ( 'NONE', ( #698 ), #12, .F. ) ;
#2639 = SURFACE_STYLE_USAGE ( .BOTH. , #5849 ) ;
#2640 = LINE ( 'NONE', #300, #5491 ) ;
#2641 = FILL_AREA_STYLE_COLOUR ( '', #5607 ) ;
#2642 = LINE ( 'NONE', #3149, #1044 ) ;
#2643 = VERTEX_POINT ( 'NONE', #3323 ) ;
#2644 = EDGE_LOOP ( 'NONE', ( #1417, #1434 ) ) ;
#2645 = VECTOR ( 'NONE', #6719, 1000.000000000000000 ) ;
#2646 = EDGE_CURVE ( 'NONE', #5358, #329, #1468, .T. ) ;
#2647 = DIRECTION ( 'NONE',  ( 1.000000000000000000, 0.0000000000000000000, 0.0000000000000000000 ) ) ;
#2648 = UNCERTAINTY_MEASURE_WITH_UNIT (LENGTH_MEASURE( 1.000000000000000100E-005 ), #952, 'distance_accuracy_value', 'NONE');
#2649 = ADVANCED_FACE ( 'NONE', ( #4323 ), #650, .T. ) ;
#2650 = ORIENTED_EDGE ( 'NONE', *, *, #3051, .T. ) ;
#2651 = FILL_AREA_STYLE_COLOUR ( '', #602 ) ;
#2652 = CARTESIAN_POINT ( 'NONE',  ( -6.970229851527613500, 0.05000000000000000300, 4.825265866064569300 ) ) ;
#2653 = VECTOR ( 'NONE', #1409, 1000.000000000000000 ) ;
#2654 = MECHANICAL_DESIGN_GEOMETRIC_PRESENTATION_REPRESENTATION (  '', ( #1932 ), #3017 ) ;
#2655 =( LENGTH_UNIT ( ) NAMED_UNIT ( * ) SI_UNIT ( .MILLI., .METRE. ) );
#2656 = ORIENTED_EDGE ( 'NONE', *, *, #6707, .T. ) ;
#2657 = PRESENTATION_STYLE_ASSIGNMENT (( #6413 ) ) ;
#2658 = EDGE_CURVE ( 'NONE', #5025, #2673, #6483, .T. ) ;
#2659 = DIRECTION ( 'NONE',  ( -0.0000000000000000000, -1.000000000000000000, -0.0000000000000000000 ) ) ;
#2660 = LINE ( 'NONE', #1701, #5351 ) ;
#2661 = FILL_AREA_STYLE_COLOUR ( '', #3602 ) ;
#2662 = SURFACE_SIDE_STYLE ('',( #5516 ) ) ;
#2663 = PLANE ( 'NONE',  #5373 ) ;
#2664 = VECTOR ( 'NONE', #322, 1000.000000000000000 ) ;
#2665 = EDGE_CURVE ( 'NONE', #6827, #5022, #3640, .T. ) ;
#2666 = LINE ( 'NONE', #1785, #3949 ) ;
#2667 = STYLED_ITEM ( 'NONE', ( #1043 ), #3163 ) ;
#2668 = ORIENTED_EDGE ( 'NONE', *, *, #1621, .T. ) ;
#2669 = DIRECTION ( 'NONE',  ( -0.8494962282757259100, 0.0000000000000000000, 0.5275946911648331500 ) ) ;
#2670 = VECTOR ( 'NONE', #6878, 1000.000000000000200 ) ;
#2671 = VERTEX_POINT ( 'NONE', #6035 ) ;
#2672 = CIRCLE ( 'NONE', #6482, 0.5000000000000004400 ) ;
#2673 = VERTEX_POINT ( 'NONE', #1770 ) ;
#2674 = SURFACE_STYLE_FILL_AREA ( #2525 ) ;
#2675 = AXIS2_PLACEMENT_3D ( 'NONE', #1193, #5470, #2259 ) ;
#2676 =( LENGTH_UNIT ( ) NAMED_UNIT ( * ) SI_UNIT ( .MILLI., .METRE. ) );
#2677 = DIRECTION ( 'NONE',  ( -0.0000000000000000000, -1.000000000000000000, -0.0000000000000000000 ) ) ;
#2678 =( GEOMETRIC_REPRESENTATION_CONTEXT ( 3 ) GLOBAL_UNCERTAINTY_ASSIGNED_CONTEXT ( ( #3001 ) ) GLOBAL_UNIT_ASSIGNED_CONTEXT ( ( #549, #4321, #1092 ) ) REPRESENTATION_CONTEXT ( 'NONE', 'WORKASPACE' ) );
#2679 = ORIENTED_EDGE ( 'NONE', *, *, #6562, .T. ) ;
#2680 = FILL_AREA_STYLE_COLOUR ( '', #4432 ) ;
#2681 = ORIENTED_EDGE ( 'NONE', *, *, #5918, .F. ) ;
#2682 =( LENGTH_UNIT ( ) NAMED_UNIT ( * ) SI_UNIT ( .MILLI., .METRE. ) );
#2683 = ORIENTED_EDGE ( 'NONE', *, *, #3129, .F. ) ;
#2684 = ADVANCED_FACE ( 'NONE', ( #6307 ), #2318, .F. ) ;
#2685 = EDGE_CURVE ( 'NONE', #3618, #1597, #4400, .T. ) ;
#2686 = CARTESIAN_POINT ( 'NONE',  ( 12.00000000000002700, -4.499999999999992900, 1.500000000000000900 ) ) ;
#2687 =( NAMED_UNIT ( * ) PLANE_ANGLE_UNIT ( ) SI_UNIT ( $, .RADIAN. ) );
#2688 = DIRECTION ( 'NONE',  ( 0.8498136422762459000, 0.0000000000000000000, 0.5270832698930793000 ) ) ;
#2689 = UNCERTAINTY_MEASURE_WITH_UNIT (LENGTH_MEASURE( 1.000000000000000100E-005 ), #584, 'distance_accuracy_value', 'NONE');
#2690 = CARTESIAN_POINT ( 'NONE',  ( 13.25000000000001400, -5.749999999999976000, 1.500000000000000900 ) ) ;
#2691 = ORIENTED_EDGE ( 'NONE', *, *, #3612, .T. ) ;
#2692 = AXIS2_PLACEMENT_3D ( 'NONE', #2845, #6605, #3379 ) ;
#2693 = SURFACE_STYLE_FILL_AREA ( #3430 ) ;
#2694 = CARTESIAN_POINT ( 'NONE',  ( 13.25000000000001400, -5.749999999999949400, -0.9999999999999983300 ) ) ;
#2695 = EDGE_CURVE ( 'NONE', #5880, #6186, #1706, .T. ) ;
#2696 = EDGE_CURVE ( 'NONE', #751, #2707, #2961, .T. ) ;
#2697 = DIRECTION ( 'NONE',  ( -1.000000000000000000, 0.0000000000000000000, -0.0000000000000000000 ) ) ;
#2698 = LINE ( 'NONE', #6019, #5553 ) ;
#2699 = ORIENTED_EDGE ( 'NONE', *, *, #5608, .T. ) ;
#2700 = DIRECTION ( 'NONE',  ( -0.0000000000000000000, -1.000000000000000000, -0.0000000000000000000 ) ) ;
#2701 = PRESENTATION_STYLE_ASSIGNMENT (( #5289 ) ) ;
#2702 = CARTESIAN_POINT ( 'NONE',  ( 12.00000000000002700, -4.499999999999992900, 1.500000000000000900 ) ) ;
#2703 = DIRECTION ( 'NONE',  ( 0.0000000000000000000, 0.0000000000000000000, 1.000000000000000000 ) ) ;
#2704 = DIRECTION ( 'NONE',  ( 1.000000000000000000, 0.0000000000000000000, 0.0000000000000000000 ) ) ;
#2705 = CARTESIAN_POINT ( 'NONE',  ( -3.380661583331452800, 0.0000000000000000000, -3.900355183510405800 ) ) ;
#2706 = FACE_BOUND ( 'NONE', #729, .T. ) ;
#2707 = VERTEX_POINT ( 'NONE', #3978 ) ;
#2708 = PLANE ( 'NONE',  #2391 ) ;
#2709 = CARTESIAN_POINT ( 'NONE',  ( 12.00000000000002800, 3.500000000000000000, 1.000000000000000900 ) ) ;
#2710 = FACE_OUTER_BOUND ( 'NONE', #5090, .T. ) ;
#2711 = CARTESIAN_POINT ( 'NONE',  ( 12.00000000000002800, -4.499999999999992900, 1.000000000000000900 ) ) ;
#2712 = VECTOR ( 'NONE', #492, 1000.000000000000000 ) ;
#2713 = LINE ( 'NONE', #3582, #1299 ) ;
#2714 = ORIENTED_EDGE ( 'NONE', *, *, #4459, .T. ) ;
#2715 = ORIENTED_EDGE ( 'NONE', *, *, #256, .F. ) ;
#2716 = FILL_AREA_STYLE ('',( #552 ) ) ;
#2717 = ADVANCED_FACE ( 'NONE', ( #4243 ), #5552, .F. ) ;
#2718 = PRESENTATION_LAYER_ASSIGNMENT (  '', '', ( #2358 ) ) ;
#2719 = AXIS2_PLACEMENT_3D ( 'NONE', #4506, #1295, #5048 ) ;
#2720 = CARTESIAN_POINT ( 'NONE',  ( 19.75000000000000400, -5.749999999999921800, -3.999999999999998200 ) ) ;
#2721 = EDGE_LOOP ( 'NONE', ( #2971, #4708, #6945, #4706 ) ) ;
#2722 = LINE ( 'NONE', #3905, #5582 ) ;
#2723 = VECTOR ( 'NONE', #17, 1000.000000000000000 ) ;
#2724 = DIRECTION ( 'NONE',  ( 0.0000000000000000000, 0.0000000000000000000, 1.000000000000000000 ) ) ;
#2725 = LINE ( 'NONE', #5686, #4173 ) ;
#2726 = CARTESIAN_POINT ( 'NONE',  ( -0.7524089893314011000, 0.05000000000000000300, -6.159029468782984300 ) ) ;
#2727 = CIRCLE ( 'NONE', #1128, 1.500000000000003100 ) ;
#2728 = FACE_OUTER_BOUND ( 'NONE', #6093, .T. ) ;
#2729 = FILL_AREA_STYLE ('',( #5397 ) ) ;
#2730 = LINE ( 'NONE', #4185, #4010 ) ;
#2731 = VECTOR ( 'NONE', #1744, 1000.000000000000000 ) ;
#2732 = DIRECTION ( 'NONE',  ( -0.0000000000000000000, -1.000000000000000000, -0.0000000000000000000 ) ) ;
#2733 = DIRECTION ( 'NONE',  ( -0.0000000000000000000, -1.000000000000000000, -0.0000000000000000000 ) ) ;
#2734 = MECHANICAL_DESIGN_GEOMETRIC_PRESENTATION_REPRESENTATION (  '', ( #1655 ), #3086 ) ;
#2735 =( NAMED_UNIT ( * ) PLANE_ANGLE_UNIT ( ) SI_UNIT ( $, .RADIAN. ) );
#2736 = ORIENTED_EDGE ( 'NONE', *, *, #4216, .T. ) ;
#2737 = ORIENTED_EDGE ( 'NONE', *, *, #6927, .T. ) ;
#2738 = DIRECTION ( 'NONE',  ( 0.0000000000000000000, 0.0000000000000000000, -1.000000000000000000 ) ) ;
#2739 = VECTOR ( 'NONE', #896, 1000.000000000000000 ) ;
#2740 = EDGE_CURVE ( 'NONE', #660, #2707, #5144, .T. ) ;
#2741 = CARTESIAN_POINT ( 'NONE',  ( 12.00000000000005200, 1.500000000000000000, -0.9999999999999983300 ) ) ;
#2742 = CIRCLE ( 'NONE', #3400, 8.705697048393359300 ) ;
#2743 = FILL_AREA_STYLE ('',( #1667 ) ) ;
#2744 = ORIENTED_EDGE ( 'NONE', *, *, #4521, .T. ) ;
#2745 = PRESENTATION_STYLE_ASSIGNMENT (( #1484 ) ) ;
#2746 = LINE ( 'NONE', #3197, #1502 ) ;
#2747 = DIRECTION ( 'NONE',  ( -1.392757777031960500E-014, 1.000000000000000000, 0.0000000000000000000 ) ) ;
#2748 = VERTEX_POINT ( 'NONE', #1844 ) ;
#2749 = CARTESIAN_POINT ( 'NONE',  ( -3.800000000000002900, 16.00000000000000000, 0.0000000000000000000 ) ) ;
#2750 = DIRECTION ( 'NONE',  ( 0.0000000000000000000, 0.0000000000000000000, 1.000000000000000000 ) ) ;
#2751 = EDGE_CURVE ( 'NONE', #5049, #6581, #6394, .T. ) ;
#2752 = CYLINDRICAL_SURFACE ( 'NONE', #3058, 1.500000000000002200 ) ;
#2753 = DIRECTION ( 'NONE',  ( -1.000000000000000000, -0.0000000000000000000, -0.0000000000000000000 ) ) ;
#2754 = ADVANCED_FACE ( 'NONE', ( #2285 ), #6131, .F. ) ;
#2755 = VECTOR ( 'NONE', #2344, 1000.000000000000000 ) ;
#2756 = CARTESIAN_POINT ( 'NONE',  ( 3.600000000000000100, -5.000000000000000000, 9.800000000000006000 ) ) ;
#2757 = LINE ( 'NONE', #4210, #6873 ) ;
#2758 = CARTESIAN_POINT ( 'NONE',  ( 13.50000000000000000, 1.500000000000000000, 5.999999999999999100 ) ) ;
#2759 = VECTOR ( 'NONE', #6369, 999.9999999999998900 ) ;
#2760 = STYLED_ITEM ( 'NONE', ( #4859 ), #642 ) ;
#2761 = AXIS2_PLACEMENT_3D ( 'NONE', #3289, #73, #3848 ) ;
#2762 = AXIS2_PLACEMENT_3D ( 'NONE', #2771, #6520, #3306 ) ;
#2763 = VERTEX_POINT ( 'NONE', #6685 ) ;
#2764 = ORIENTED_EDGE ( 'NONE', *, *, #1880, .T. ) ;
#2765 = VERTEX_POINT ( 'NONE', #1345 ) ;
#2766 = DIRECTION ( 'NONE',  ( 1.000000000000000000, 0.0000000000000000000, 0.0000000000000000000 ) ) ;
#2767 = ORIENTED_EDGE ( 'NONE', *, *, #882, .F. ) ;
#2768 = DIRECTION ( 'NONE',  ( 1.000000000000000000, -0.0000000000000000000, -0.0000000000000000000 ) ) ;
#2769 = ORIENTED_EDGE ( 'NONE', *, *, #428, .F. ) ;
#2770 = ORIENTED_EDGE ( 'NONE', *, *, #6190, .T. ) ;
#2771 = CARTESIAN_POINT ( 'NONE',  ( 12.00000000000002700, 3.500000000000000000, 1.500000000000000900 ) ) ;
#2772 = LINE ( 'NONE', #3370, #5634 ) ;
#2773 = EDGE_CURVE ( 'NONE', #1623, #1756, #2111, .T. ) ;
#2774 = PLANE ( 'NONE',  #524 ) ;
#2775 = CARTESIAN_POINT ( 'NONE',  ( -5.651917560564885300, 0.05000000000000000300, 1.859030876677710600 ) ) ;
#2776 = UNCERTAINTY_MEASURE_WITH_UNIT (LENGTH_MEASURE( 1.000000000000000100E-005 ), #6476, 'distance_accuracy_value', 'NONE');
#2777 =( NAMED_UNIT ( * ) PLANE_ANGLE_UNIT ( ) SI_UNIT ( $, .RADIAN. ) );
#2778 = DIRECTION ( 'NONE',  ( -0.0000000000000000000, 0.0000000000000000000, -1.000000000000000000 ) ) ;
#2779 = FILL_AREA_STYLE ('',( #1531 ) ) ;
#2780 = DIRECTION ( 'NONE',  ( 0.0000000000000000000, 0.0000000000000000000, -1.000000000000000000 ) ) ;
#2781 = CARTESIAN_POINT ( 'NONE',  ( 12.50000000000005300, -4.499999999999992900, -0.9999999999999983300 ) ) ;
#2782 = DIRECTION ( 'NONE',  ( 0.0000000000000000000, 0.0000000000000000000, -1.000000000000000000 ) ) ;
#2783 = AXIS2_PLACEMENT_3D ( 'NONE', #206, #2402, #4523 ) ;
#2784 = LINE ( 'NONE', #4840, #4236 ) ;
#2785 = ADVANCED_FACE ( 'NONE', ( #3549 ), #6149, .F. ) ;
#2786 = UNCERTAINTY_MEASURE_WITH_UNIT (LENGTH_MEASURE( 1.000000000000000100E-005 ), #1786, 'distance_accuracy_value', 'NONE');
#2787 = DIRECTION ( 'NONE',  ( 0.0000000000000000000, 3.469446951953611000E-015, -1.000000000000000000 ) ) ;
#2788 = SURFACE_STYLE_FILL_AREA ( #98 ) ;
#2789 = PRESENTATION_LAYER_ASSIGNMENT (  '', '', ( #2061 ) ) ;
#2790 = LINE ( 'NONE', #2394, #1377 ) ;
#2791 = LINE ( 'NONE', #2175, #1547 ) ;
#2792 =( NAMED_UNIT ( * ) PLANE_ANGLE_UNIT ( ) SI_UNIT ( $, .RADIAN. ) );
#2793 = PRESENTATION_STYLE_ASSIGNMENT (( #2359 ) ) ;
#2794 = VERTEX_POINT ( 'NONE', #3459 ) ;
#2795 = ORIENTED_EDGE ( 'NONE', *, *, #84, .F. ) ;
#2796 = FACE_OUTER_BOUND ( 'NONE', #1017, .T. ) ;
#2797 =( NAMED_UNIT ( * ) SI_UNIT ( $, .STERADIAN. ) SOLID_ANGLE_UNIT ( ) );
#2798 = SURFACE_STYLE_FILL_AREA ( #1394 ) ;
#2799 = SURFACE_SIDE_STYLE ('',( #320 ) ) ;
#2800 = CARTESIAN_POINT ( 'NONE',  ( -0.7507960402540931900, 0.05000000000000000300, -5.512829155905854400 ) ) ;
#2801 = FACE_OUTER_BOUND ( 'NONE', #6404, .T. ) ;
#2802 = CARTESIAN_POINT ( 'NONE',  ( -6.008914177331514700, 0.0000000000000000000, -6.159029468782984300 ) ) ;
#2803 = EDGE_CURVE ( 'NONE', #6766, #1209, #3721, .T. ) ;
#2804 = CARTESIAN_POINT ( 'NONE',  ( 13.25000000000001400, -5.750000000000001800, 4.000000000000000000 ) ) ;
#2805 =( GEOMETRIC_REPRESENTATION_CONTEXT ( 3 ) GLOBAL_UNCERTAINTY_ASSIGNED_CONTEXT ( ( #1234 ) ) GLOBAL_UNIT_ASSIGNED_CONTEXT ( ( #6283, #3079, #6837 ) ) REPRESENTATION_CONTEXT ( 'NONE', 'WORKASPACE' ) );
#2806 = PRESENTATION_LAYER_ASSIGNMENT (  '', '', ( #2076 ) ) ;
#2807 = VERTEX_POINT ( 'NONE', #4562 ) ;
#2808 = COLOUR_RGB ( '',0.7921568627450980000, 0.8196078431372548800, 0.9333333333333333500 ) ;
#2809 = FACE_OUTER_BOUND ( 'NONE', #4480, .T. ) ;
#2810 =( NAMED_UNIT ( * ) PLANE_ANGLE_UNIT ( ) SI_UNIT ( $, .RADIAN. ) );
#2811 = DIRECTION ( 'NONE',  ( -0.0000000000000000000, -1.000000000000000000, -0.0000000000000000000 ) ) ;
#2812 = ORIENTED_EDGE ( 'NONE', *, *, #345, .F. ) ;
#2813 = LINE ( 'NONE', #5803, #5670 ) ;
#2814 = MECHANICAL_DESIGN_GEOMETRIC_PRESENTATION_REPRESENTATION (  '', ( #2086 ), #3165 ) ;
#2815 = ORIENTED_EDGE ( 'NONE', *, *, #134, .F. ) ;
#2816 = EDGE_LOOP ( 'NONE', ( #3098, #2451, #5900, #6715 ) ) ;
#2817 = AXIS2_PLACEMENT_3D ( 'NONE', #3657, #4211, #973 ) ;
#2818 = DIRECTION ( 'NONE',  ( -1.000000000000000000, 0.0000000000000000000, -0.0000000000000000000 ) ) ;
#2819 = LINE ( 'NONE', #3469, #6938 ) ;
#2820 = SURFACE_STYLE_FILL_AREA ( #3534 ) ;
#2821 = DIRECTION ( 'NONE',  ( -0.0000000000000000000, -1.000000000000000000, -0.0000000000000000000 ) ) ;
#2822 = EDGE_CURVE ( 'NONE', #366, #6451, #4811, .T. ) ;
#2823 = CIRCLE ( 'NONE', #6133, 0.7500000000000006700 ) ;
#2824 = CARTESIAN_POINT ( 'NONE',  ( 0.2089066848647014300, 0.05000000000000000300, 2.287777753867636000 ) ) ;
#2825 = EDGE_LOOP ( 'NONE', ( #6277, #2812, #4660, #662, #1381, #6965 ) ) ;
#2826 = DIRECTION ( 'NONE',  ( 0.8494962282757259100, -0.0000000000000000000, 0.5275946911648331500 ) ) ;
#2827 = STYLED_ITEM ( 'NONE', ( #2315 ), #5315 ) ;
#2828 = SURFACE_STYLE_USAGE ( .BOTH. , #6029 ) ;
#2829 = ORIENTED_EDGE ( 'NONE', *, *, #3257, .F. ) ;
#2830 = ORIENTED_EDGE ( 'NONE', *, *, #3359, .T. ) ;
#2831 = CIRCLE ( 'NONE', #4980, 0.7499999999999746900 ) ;
#2832 = LINE ( 'NONE', #2206, #5517 ) ;
#2833 = DIRECTION ( 'NONE',  ( -0.8498136422762456700, 0.0000000000000000000, -0.5270832698930797400 ) ) ;
#2834 = EDGE_CURVE ( 'NONE', #202, #1867, #1943, .T. ) ;
#2835 = EDGE_CURVE ( 'NONE', #1866, #6414, #6219, .T. ) ;
#2836 = PRESENTATION_LAYER_ASSIGNMENT (  '', '', ( #2104 ) ) ;
#2837 = DIRECTION ( 'NONE',  ( -0.8498136422762461200, 0.0000000000000000000, 0.5270832698930790800 ) ) ;
#2838 = DIRECTION ( 'NONE',  ( 0.0000000000000000000, 1.000000000000000000, 0.0000000000000000000 ) ) ;
#2839 = DIRECTION ( 'NONE',  ( -4.832099224333226500E-029, 3.469446951953614200E-015, -1.000000000000000000 ) ) ;
#2840 = EDGE_LOOP ( 'NONE', ( #3183, #3515, #5498, #1676 ) ) ;
#2841 = CARTESIAN_POINT ( 'NONE',  ( -6.970229851527613500, 0.05000000000000000300, 0.8403352088708592200 ) ) ;
#2842 = VECTOR ( 'NONE', #4200, 1000.000000000000000 ) ;
#2843 = EDGE_LOOP ( 'NONE', ( #5047, #3985, #3619, #449 ) ) ;
#2844 = TOROIDAL_SURFACE ( 'NONE', #6852, 8.705697048393359300, 0.5000000000000004400 ) ;
#2845 = CARTESIAN_POINT ( 'NONE',  ( -6.420229851527615500, 0.05000000000000000300, 2.287777753867636000 ) ) ;
#2846 = DIRECTION ( 'NONE',  ( 0.0000000000000000000, -0.0000000000000000000, 1.000000000000000000 ) ) ;
#2847 = CLOSED_SHELL ( 'NONE', ( #4224, #6838, #2037, #5593, #5846, #1567 ) ) ;
#2848 = CARTESIAN_POINT ( 'NONE',  ( -6.420229851527615500, 0.0000000000000000000, 1.887777753867637000 ) ) ;
#2849 =( GEOMETRIC_REPRESENTATION_CONTEXT ( 3 ) GLOBAL_UNCERTAINTY_ASSIGNED_CONTEXT ( ( #1966 ) ) GLOBAL_UNIT_ASSIGNED_CONTEXT ( ( #2582, #6328, #3115 ) ) REPRESENTATION_CONTEXT ( 'NONE', 'WORKASPACE' ) );
#2850 = ORIENTED_EDGE ( 'NONE', *, *, #4289, .F. ) ;
#2851 = DIRECTION ( 'NONE',  ( -1.000000000000000000, 0.0000000000000000000, 0.0000000000000000000 ) ) ;
#2852 = COLOUR_RGB ( '',0.8980392156862745400, 0.8980392156862745400, 0.8980392156862745400 ) ;
#2853 = CARTESIAN_POINT ( 'NONE',  ( 13.25000000000000200, -4.500000000000000000, -0.9999999999999983300 ) ) ;
#2854 = FILL_AREA_STYLE ('',( #185 ) ) ;
#2855 = ORIENTED_EDGE ( 'NONE', *, *, #1895, .F. ) ;
#2856 =( NAMED_UNIT ( * ) SI_UNIT ( $, .STERADIAN. ) SOLID_ANGLE_UNIT ( ) );
#2857 = EDGE_LOOP ( 'NONE', ( #321, #5939, #4266, #6194 ) ) ;
#2858 = EDGE_LOOP ( 'NONE', ( #1636, #6573, #5790, #6269, #5254, #6977, #3663, #1477, #3179, #4986 ) ) ;
#2859 = STYLED_ITEM ( 'NONE', ( #5429 ), #1062 ) ;
#2860 = SURFACE_SIDE_STYLE ('',( #5071 ) ) ;
#2861 = AXIS2_PLACEMENT_3D ( 'NONE', #4602, #1402, #5139 ) ;
#2862 = CARTESIAN_POINT ( 'NONE',  ( 12.00000000000002800, 3.500000000000000000, 1.000000000000000900 ) ) ;
#2863 = LINE ( 'NONE', #5075, #5377 ) ;
#2864 = CARTESIAN_POINT ( 'NONE',  ( -9.882335357453893500, 0.05000000000000000300, 0.08134923437046887000 ) ) ;
#2865 = CARTESIAN_POINT ( 'NONE',  ( -6.970229851527613500, 0.05000000000000000300, -1.670990180068217900 ) ) ;
#2866 = UNCERTAINTY_MEASURE_WITH_UNIT (LENGTH_MEASURE( 1.000000000000000100E-005 ), #1439, 'distance_accuracy_value', 'NONE');
#2867 =( LENGTH_UNIT ( ) NAMED_UNIT ( * ) SI_UNIT ( .MILLI., .METRE. ) );
#2868 = PRESENTATION_LAYER_ASSIGNMENT (  '', '', ( #2500 ) ) ;
#2869 = CARTESIAN_POINT ( 'NONE',  ( 13.50000000000000000, 1.500000000000000000, 7.500000000000001800 ) ) ;
#2870 = DIRECTION ( 'NONE',  ( -0.0000000000000000000, -1.000000000000000000, -0.0000000000000000000 ) ) ;
#2871 = CARTESIAN_POINT ( 'NONE',  ( 12.00000000000008000, -2.500000000000000000, -3.999999999999998200 ) ) ;
#2872 = VERTEX_POINT ( 'NONE', #4066 ) ;
#2873 = CARTESIAN_POINT ( 'NONE',  ( 13.50000000000000200, -2.500000000000000000, -5.000000000000000900 ) ) ;
#2874 = CARTESIAN_POINT ( 'NONE',  ( -13.49999999999999800, 1.500000000000000000, 7.500000000000005300 ) ) ;
#2875 = CARTESIAN_POINT ( 'NONE',  ( 12.50000000000005300, 3.500000000000000000, -1.499999999999998200 ) ) ;
#2876 = SURFACE_STYLE_USAGE ( .BOTH. , #6075 ) ;
#2877 = EDGE_CURVE ( 'NONE', #2562, #6310, #1780, .T. ) ;
#2878 = COLOUR_RGB ( '',0.8980392156862745400, 0.8980392156862745400, 0.8980392156862745400 ) ;
#2879 = UNCERTAINTY_MEASURE_WITH_UNIT (LENGTH_MEASURE( 1.000000000000000100E-005 ), #779, 'distance_accuracy_value', 'NONE');
#2880 = DIRECTION ( 'NONE',  ( -0.8494962282757256800, -0.0000000000000000000, -0.5275946911648336000 ) ) ;
#2881 = FACE_BOUND ( 'NONE', #4093, .T. ) ;
#2882 = ORIENTED_EDGE ( 'NONE', *, *, #3239, .F. ) ;
#2883 = LINE ( 'NONE', #4981, #4157 ) ;
#2884 = PRESENTATION_STYLE_ASSIGNMENT (( #2266 ) ) ;
#2885 = VECTOR ( 'NONE', #873, 1000.000000000000000 ) ;
#2886 = VERTEX_POINT ( 'NONE', #3506 ) ;
#2887 = EDGE_CURVE ( 'NONE', #3246, #1623, #5887, .T. ) ;
#2888 = DIRECTION ( 'NONE',  ( -0.8498136422762456700, 0.0000000000000000000, -0.5270832698930797400 ) ) ;
#2889 = ORIENTED_EDGE ( 'NONE', *, *, #230, .F. ) ;
#2890 = VECTOR ( 'NONE', #687, 1000.000000000000100 ) ;
#2891 = LINE ( 'NONE', #1086, #5583 ) ;
#2892 = MECHANICAL_DESIGN_GEOMETRIC_PRESENTATION_REPRESENTATION (  '', ( #1814 ), #3247 ) ;
#2893 = DIRECTION ( 'NONE',  ( -0.0000000000000000000, -0.0000000000000000000, 1.000000000000000000 ) ) ;
#2894 = AXIS2_PLACEMENT_3D ( 'NONE', #6088, #6645, #3427 ) ;
#2895 = DIRECTION ( 'NONE',  ( -1.000000000000000000, 0.0000000000000000000, 0.0000000000000000000 ) ) ;
#2896 = STYLED_ITEM ( 'NONE', ( #432 ), #4315 ) ;
#2897 = SURFACE_STYLE_USAGE ( .BOTH. , #6098 ) ;
#2898 =( NAMED_UNIT ( * ) PLANE_ANGLE_UNIT ( ) SI_UNIT ( $, .RADIAN. ) );
#2899 = LINE ( 'NONE', #6628, #4334 ) ;
#2900 =( NAMED_UNIT ( * ) PLANE_ANGLE_UNIT ( ) SI_UNIT ( $, .RADIAN. ) );
#2901 =( NAMED_UNIT ( * ) PLANE_ANGLE_UNIT ( ) SI_UNIT ( $, .RADIAN. ) );
#2902 = ORIENTED_EDGE ( 'NONE', *, *, #3736, .F. ) ;
#2903 = EDGE_LOOP ( 'NONE', ( #2940, #2003 ) ) ;
#2904 = DIRECTION ( 'NONE',  ( -0.8524342904835903200, 0.0000000000000000000, 0.5228343718690823300 ) ) ;
#2905 = LINE ( 'NONE', #189, #6339 ) ;
#2906 = MECHANICAL_DESIGN_GEOMETRIC_PRESENTATION_REPRESENTATION (  '', ( #2176 ), #3256 ) ;
#2907 = EDGE_CURVE ( 'NONE', #1871, #6371, #352, .T. ) ;
#2908 =( NAMED_UNIT ( * ) PLANE_ANGLE_UNIT ( ) SI_UNIT ( $, .RADIAN. ) );
#2909 = CARTESIAN_POINT ( 'NONE',  ( -2.705661583331457500, 0.05000000000000000300, -4.300355183510403900 ) ) ;
#2910 = VECTOR ( 'NONE', #572, 1000.000000000000000 ) ;
#2911 = VECTOR ( 'NONE', #5020, 1000.000000000000000 ) ;
#2912 = SURFACE_STYLE_USAGE ( .BOTH. , #6115 ) ;
#2913 = ADVANCED_FACE ( 'NONE', ( #3039, #517, #1622, #183, #5731, #4318, #2881, #1461, #3, #5559, #4154, #2706, #1291 ), #832, .F. ) ;
#2914 = SURFACE_STYLE_USAGE ( .BOTH. , #6118 ) ;
#2915 = CARTESIAN_POINT ( 'NONE',  ( -1.109405606098030200, 0.05000000000000000300, 1.859030876677710600 ) ) ;
#2916 = ORIENTED_EDGE ( 'NONE', *, *, #6759, .T. ) ;
#2917 = FACE_OUTER_BOUND ( 'NONE', #3350, .T. ) ;
#2918 = MECHANICAL_DESIGN_GEOMETRIC_PRESENTATION_REPRESENTATION (  '', ( #2185 ), #3271 ) ;
#2919 = SURFACE_STYLE_USAGE ( .BOTH. , #6125 ) ;
#2920 = ORIENTED_EDGE ( 'NONE', *, *, #5213, .F. ) ;
#2921 = SURFACE_STYLE_USAGE ( .BOTH. , #6127 ) ;
#2922 = CARTESIAN_POINT ( 'NONE',  ( -0.3410933151353004500, 0.05000000000000000300, -1.365134884645989000 ) ) ;
#2923 =( GEOMETRIC_REPRESENTATION_CONTEXT ( 3 ) GLOBAL_UNCERTAINTY_ASSIGNED_CONTEXT ( ( #6513 ) ) GLOBAL_UNIT_ASSIGNED_CONTEXT ( ( #5134, #2448, #2999 ) ) REPRESENTATION_CONTEXT ( 'NONE', 'WORKASPACE' ) );
#2924 = FILL_AREA_STYLE_COLOUR ( '', #2970 ) ;
#2925 = VECTOR ( 'NONE', #1801, 1000.000000000000200 ) ;
#2926 = DIRECTION ( 'NONE',  ( 0.8498136422762459000, 0.0000000000000000000, 0.5270832698930793000 ) ) ;
#2927 = LINE ( 'NONE', #4662, #4205 ) ;
#2928 = PRESENTATION_LAYER_ASSIGNMENT (  '', '', ( #2190 ) ) ;
#2929 = DIRECTION ( 'NONE',  ( -0.0000000000000000000, -0.0000000000000000000, -1.000000000000000000 ) ) ;
#2930 = VECTOR ( 'NONE', #6896, 1000.000000000000000 ) ;
#2931 = FACE_OUTER_BOUND ( 'NONE', #1261, .T. ) ;
#2932 = ORIENTED_EDGE ( 'NONE', *, *, #6470, .T. ) ;
#2933 = ORIENTED_EDGE ( 'NONE', *, *, #3759, .F. ) ;
#2934 = VERTEX_POINT ( 'NONE', #342 ) ;
#2935 = CARTESIAN_POINT ( 'NONE',  ( -3.580661583331458300, 0.05000000000000000300, 2.929732241150968100 ) ) ;
#2936 = AXIS2_PLACEMENT_3D ( 'NONE', #222, #4000, #759 ) ;
#2937 = ORIENTED_EDGE ( 'NONE', *, *, #175, .T. ) ;
#2938 = DIRECTION ( 'NONE',  ( 0.0000000000000000000, 0.0000000000000000000, 1.000000000000000000 ) ) ;
#2939 = DIRECTION ( 'NONE',  ( 3.469446951953614200E-015, 0.0000000000000000000, -1.000000000000000000 ) ) ;
#2940 = ORIENTED_EDGE ( 'NONE', *, *, #6629, .T. ) ;
#2941 = VERTEX_POINT ( 'NONE', #875 ) ;
#2942 = FACE_OUTER_BOUND ( 'NONE', #335, .T. ) ;
#2943 = PLANE ( 'NONE',  #94 ) ;
#2944 = CARTESIAN_POINT ( 'NONE',  ( -6.970229851527613500, 0.0000000000000000000, -1.670990180068217900 ) ) ;
#2945 = PRESENTATION_LAYER_ASSIGNMENT (  '', '', ( #2213 ) ) ;
#2946 = DIRECTION ( 'NONE',  ( 1.000000000000000000, 0.0000000000000000000, 0.0000000000000000000 ) ) ;
#2947 = MECHANICAL_DESIGN_GEOMETRIC_PRESENTATION_REPRESENTATION (  '', ( #1861 ), #3303 ) ;
#2948 = ADVANCED_FACE ( 'NONE', ( #1405 ), #881, .F. ) ;
#2949 = SURFACE_SIDE_STYLE ('',( #6526 ) ) ;
#2950 = UNCERTAINTY_MEASURE_WITH_UNIT (LENGTH_MEASURE( 1.000000000000000100E-005 ), #5131, 'distance_accuracy_value', 'NONE');
#2951 = EDGE_CURVE ( 'NONE', #835, #550, #5011, .T. ) ;
#2952 = FILL_AREA_STYLE_COLOUR ( '', #2808 ) ;
#2953 = SURFACE_SIDE_STYLE ('',( #2545 ) ) ;
#2954 = STYLED_ITEM ( 'NONE', ( #3723 ), #5257 ) ;
#2955 = CARTESIAN_POINT ( 'NONE',  ( 13.50000000000000000, 1.500000000000000000, -5.999999999999999100 ) ) ;
#2956 = DIRECTION ( 'NONE',  ( -0.0000000000000000000, -1.000000000000000000, -0.0000000000000000000 ) ) ;
#2957 = LINE ( 'NONE', #5907, #270 ) ;
#2958 = EDGE_CURVE ( 'NONE', #3625, #3390, #6421, .T. ) ;
#2959 = EDGE_CURVE ( 'NONE', #488, #3625, #6940, .T. ) ;
#2960 = FILL_AREA_STYLE_COLOUR ( '', #4589 ) ;
#2961 = LINE ( 'NONE', #199, #5653 ) ;
#2962 = ORIENTED_EDGE ( 'NONE', *, *, #3787, .F. ) ;
#2963 = ORIENTED_EDGE ( 'NONE', *, *, #4257, .F. ) ;
#2964 = SURFACE_STYLE_USAGE ( .BOTH. , #6169 ) ;
#2965 = EDGE_CURVE ( 'NONE', #4222, #4533, #2136, .T. ) ;
#2966 = STYLED_ITEM ( 'NONE', ( #3434 ), #1854 ) ;
#2967 = CARTESIAN_POINT ( 'NONE',  ( 19.75000000000000400, -5.749999999999923600, -3.499999999999997800 ) ) ;
#2968 =( NAMED_UNIT ( * ) SI_UNIT ( $, .STERADIAN. ) SOLID_ANGLE_UNIT ( ) );
#2969 = LINE ( 'NONE', #5149, #5819 ) ;
#2970 = COLOUR_RGB ( '',0.3098039215686274600, 0.6901960784313725400, 1.000000000000000000 ) ;
#2971 = ORIENTED_EDGE ( 'NONE', *, *, #3693, .T. ) ;
#2972 = DIRECTION ( 'NONE',  ( 0.0000000000000000000, 0.0000000000000000000, 1.000000000000000000 ) ) ;
#2973 = LINE ( 'NONE', #1849, #1560 ) ;
#2974 = LINE ( 'NONE', #640, #4255 ) ;
#2975 = CARTESIAN_POINT ( 'NONE',  ( -2.995557381772651100, 0.0000000000000000000, -4.767752686762338300 ) ) ;
#2976 = CARTESIAN_POINT ( 'NONE',  ( -3.380661583331455900, 0.0000000000000000000, 7.051637962466203100 ) ) ;
#2977 = FILL_AREA_STYLE_COLOUR ( '', #1948 ) ;
#2978 = ORIENTED_EDGE ( 'NONE', *, *, #2658, .F. ) ;
#2979 = SURFACE_STYLE_FILL_AREA ( #951 ) ;
#2980 = EDGE_CURVE ( 'NONE', #6196, #1586, #3406, .T. ) ;
#2981 = SURFACE_STYLE_FILL_AREA ( #2743 ) ;
#2982 = AXIS2_PLACEMENT_3D ( 'NONE', #287, #2412, #6739 ) ;
#2983 = ORIENTED_EDGE ( 'NONE', *, *, #1796, .T. ) ;
#2984 = VERTEX_POINT ( 'NONE', #4682 ) ;
#2985 = SURFACE_SIDE_STYLE ('',( #6071 ) ) ;
#2986 = VECTOR ( 'NONE', #2364, 1000.000000000000100 ) ;
#2987 = FACE_OUTER_BOUND ( 'NONE', #1875, .T. ) ;
#2988 = PRESENTATION_LAYER_ASSIGNMENT (  '', '', ( #2269 ) ) ;
#2989 = STYLED_ITEM ( 'NONE', ( #6601 ), #4661 ) ;
#2990 = SURFACE_STYLE_USAGE ( .BOTH. , #6192 ) ;
#2991 = MANIFOLD_SOLID_BREP ( 'Бобышка-Вытянуть4[3]', #2847 ) ;
#2992 = DIRECTION ( 'NONE',  ( 1.000000000000000000, 1.392757777031960500E-014, 0.0000000000000000000 ) ) ;
#2993 = CARTESIAN_POINT ( 'NONE',  ( 12.00000000000008000, 3.500000000000000000, -3.999999999999998200 ) ) ;
#2994 = DIRECTION ( 'NONE',  ( -0.0000000000000000000, -1.000000000000000000, -0.0000000000000000000 ) ) ;
#2995 = FILL_AREA_STYLE_COLOUR ( '', #4850 ) ;
#2996 = CARTESIAN_POINT ( 'NONE',  ( -2.705661583331457500, 0.05000000000000000300, -2.833691923126678600 ) ) ;
#2997 = EDGE_LOOP ( 'NONE', ( #4613, #4182, #6034, #210 ) ) ;
#2998 = EDGE_CURVE ( 'NONE', #2941, #5394, #545, .T. ) ;
#2999 =( NAMED_UNIT ( * ) SI_UNIT ( $, .STERADIAN. ) SOLID_ANGLE_UNIT ( ) );
#3000 = CARTESIAN_POINT ( 'NONE',  ( -13.49999999999999800, 1.500000000000000000, -8.999999999999996400 ) ) ;
#3001 = UNCERTAINTY_MEASURE_WITH_UNIT (LENGTH_MEASURE( 1.000000000000000100E-005 ), #549, 'distance_accuracy_value', 'NONE');
#3002 =( NAMED_UNIT ( * ) SI_UNIT ( $, .STERADIAN. ) SOLID_ANGLE_UNIT ( ) );
#3003 = ORIENTED_EDGE ( 'NONE', *, *, #946, .T. ) ;
#3004 = CARTESIAN_POINT ( 'NONE',  ( -0.3410933151353004500, 0.05000000000000000300, 2.287777753867636000 ) ) ;
#3005 = EDGE_CURVE ( 'NONE', #3770, #4732, #4666, .T. ) ;
#3006 = COLOUR_RGB ( '',0.8980392156862745400, 0.8980392156862745400, 0.8980392156862745400 ) ;
#3007 = VECTOR ( 'NONE', #957, 1000.000000000000000 ) ;
#3008 = CARTESIAN_POINT ( 'NONE',  ( -1.109405606098030200, 0.05000000000000000300, 1.859030876677710600 ) ) ;
#3009 = CARTESIAN_POINT ( 'NONE',  ( -3.765765784890264800, 0.05000000000000000300, -4.767752686762338300 ) ) ;
#3010 = VERTEX_POINT ( 'NONE', #1503 ) ;
#3011 =( LENGTH_UNIT ( ) NAMED_UNIT ( * ) SI_UNIT ( .MILLI., .METRE. ) );
#3012 = CARTESIAN_POINT ( 'NONE',  ( 12.50000000000002700, 1.500000000000000000, 1.000000000000000900 ) ) ;
#3013 = EDGE_LOOP ( 'NONE', ( #4515, #490, #4901, #5490 ) ) ;
#3014 = FACE_OUTER_BOUND ( 'NONE', #1071, .T. ) ;
#3015 = CARTESIAN_POINT ( 'NONE',  ( 0.0000000000000000000, 0.0000000000000000000, 0.0000000000000000000 ) ) ;
#3016 = EDGE_LOOP ( 'NONE', ( #5091, #1441, #6687, #743 ) ) ;
#3017 =( GEOMETRIC_REPRESENTATION_CONTEXT ( 3 ) GLOBAL_UNCERTAINTY_ASSIGNED_CONTEXT ( ( #4845 ) ) GLOBAL_UNIT_ASSIGNED_CONTEXT ( ( #2071, #5830, #2612 ) ) REPRESENTATION_CONTEXT ( 'NONE', 'WORKASPACE' ) );
#3018 =( NAMED_UNIT ( * ) SI_UNIT ( $, .STERADIAN. ) SOLID_ANGLE_UNIT ( ) );
#3019 = FILL_AREA_STYLE_COLOUR ( '', #2129 ) ;
#3020 = ORIENTED_EDGE ( 'NONE', *, *, #2696, .T. ) ;
#3021 = EDGE_CURVE ( 'NONE', #4403, #2050, #2730, .T. ) ;
#3022 = ORIENTED_EDGE ( 'NONE', *, *, #6561, .T. ) ;
#3023 = SURFACE_STYLE_FILL_AREA ( #4206 ) ;
#3024 = CARTESIAN_POINT ( 'NONE',  ( -3.580661583331458300, 0.0000000000000000000, 2.929732241150968100 ) ) ;
#3025 = DIRECTION ( 'NONE',  ( -1.000000000000000000, 0.0000000000000000000, 0.0000000000000000000 ) ) ;
#3026 = EDGE_CURVE ( 'NONE', #1424, #6220, #6844, .T. ) ;
#3027 = CIRCLE ( 'NONE', #6122, 0.5000000000000004400 ) ;
#3028 = AXIS2_PLACEMENT_3D ( 'NONE', #582, #1153, #4907 ) ;
#3029 = AXIS2_PLACEMENT_3D ( 'NONE', #90, #3863, #636 ) ;
#3030 = CARTESIAN_POINT ( 'NONE',  ( 13.50000000000000000, -2.500000000000000000, 4.999999999999999100 ) ) ;
#3031 = CARTESIAN_POINT ( 'NONE',  ( 11.00000000000000400, -2.500000000000000000, -5.000000000000000900 ) ) ;
#3032 = DIRECTION ( 'NONE',  ( 0.0000000000000000000, 0.0000000000000000000, -1.000000000000000000 ) ) ;
#3033 = CARTESIAN_POINT ( 'NONE',  ( -0.7410933151353015200, 0.0000000000000000000, 2.087777753867637600 ) ) ;
#3034 = ORIENTED_EDGE ( 'NONE', *, *, #5478, .T. ) ;
#3035 = PRESENTATION_LAYER_ASSIGNMENT (  '', '', ( #2321 ) ) ;
#3036 =( NAMED_UNIT ( * ) PLANE_ANGLE_UNIT ( ) SI_UNIT ( $, .RADIAN. ) );
#3037 = DIRECTION ( 'NONE',  ( 0.0000000000000000000, -0.0000000000000000000, -1.000000000000000000 ) ) ;
#3038 = CARTESIAN_POINT ( 'NONE',  ( -4.055661583331458400, 0.05000000000000000300, -4.300355183510403900 ) ) ;
#3039 = FACE_BOUND ( 'NONE', #1185, .T. ) ;
#3040 = ORIENTED_EDGE ( 'NONE', *, *, #5620, .T. ) ;
#3041 = ORIENTED_EDGE ( 'NONE', *, *, #6048, .T. ) ;
#3042 = SURFACE_SIDE_STYLE ('',( #4175 ) ) ;
#3043 = PRESENTATION_LAYER_ASSIGNMENT (  '', '', ( #2334 ) ) ;
#3044 = VECTOR ( 'NONE', #1414, 1000.000000000000000 ) ;
#3045 = ORIENTED_EDGE ( 'NONE', *, *, #218, .T. ) ;
#3046 = DIRECTION ( 'NONE',  ( -0.0000000000000000000, -0.0000000000000000000, -1.000000000000000000 ) ) ;
#3047 = COLOUR_RGB ( '',0.007843137254901960700, 0.2392156862745097900, 0.8235294117647058400 ) ;
#3048 = VECTOR ( 'NONE', #212, 1000.000000000000000 ) ;
#3049 = VECTOR ( 'NONE', #2362, 1000.000000000000000 ) ;
#3050 = STYLED_ITEM ( 'NONE', ( #197 ), #356 ) ;
#3051 = EDGE_CURVE ( 'NONE', #1388, #3738, #5589, .T. ) ;
#3052 = EDGE_CURVE ( 'NONE', #3444, #276, #2558, .T. ) ;
#3053 = SURFACE_STYLE_USAGE ( .BOTH. , #6254 ) ;
#3054 =( NAMED_UNIT ( * ) PLANE_ANGLE_UNIT ( ) SI_UNIT ( $, .RADIAN. ) );
#3055 = ORIENTED_EDGE ( 'NONE', *, *, #5113, .F. ) ;
#3056 = COLOUR_RGB ( '',0.8980392156862745400, 0.8980392156862745400, 0.8980392156862745400 ) ;
#3057 = LINE ( 'NONE', #6584, #5903 ) ;
#3058 = AXIS2_PLACEMENT_3D ( 'NONE', #6502, #4891, #95 ) ;
#3059 = PLANE ( 'NONE',  #1387 ) ;
#3060 = CARTESIAN_POINT ( 'NONE',  ( -3.105661583331458700, 0.05000000000000000300, -0.4766489202095020000 ) ) ;
#3061 = CARTESIAN_POINT ( 'NONE',  ( 0.2089066848647014300, 0.05000000000000000300, 2.287777753867636000 ) ) ;
#3062 = ORIENTED_EDGE ( 'NONE', *, *, #5761, .F. ) ;
#3063 = FILL_AREA_STYLE_COLOUR ( '', #5606 ) ;
#3064 = ORIENTED_EDGE ( 'NONE', *, *, #3494, .T. ) ;
#3065 = VERTEX_POINT ( 'NONE', #426 ) ;
#3066 = SURFACE_STYLE_USAGE ( .BOTH. , #6266 ) ;
#3067 = ADVANCED_FACE ( 'NONE', ( #5250 ), #5245, .T. ) ;
#3068 = SURFACE_STYLE_USAGE ( .BOTH. , #6270 ) ;
#3069 = UNCERTAINTY_MEASURE_WITH_UNIT (LENGTH_MEASURE( 1.000000000000000100E-005 ), #4051, 'distance_accuracy_value', 'NONE');
#3070 = LINE ( 'NONE', #5933, #4347 ) ;
#3071 = SURFACE_STYLE_FILL_AREA ( #2337 ) ;
#3072 = MECHANICAL_DESIGN_GEOMETRIC_PRESENTATION_REPRESENTATION (  '', ( #2358 ), #3442 ) ;
#3073 = CARTESIAN_POINT ( 'NONE',  ( -6.970229851527613500, 0.05000000000000000300, 2.287777753867637800 ) ) ;
#3074 = CARTESIAN_POINT ( 'NONE',  ( -3.180661583331457500, 0.05000000000000000300, 2.929732241150968100 ) ) ;
#3075 = DIRECTION ( 'NONE',  ( 0.0000000000000000000, 0.0000000000000000000, 1.000000000000000000 ) ) ;
#3076 = AXIS2_PLACEMENT_3D ( 'NONE', #3368, #151, #3934 ) ;
#3077 = DIRECTION ( 'NONE',  ( -0.0000000000000000000, 0.0000000000000000000, 1.000000000000000000 ) ) ;
#3078 = LINE ( 'NONE', #2084, #5765 ) ;
#3079 =( NAMED_UNIT ( * ) PLANE_ANGLE_UNIT ( ) SI_UNIT ( $, .RADIAN. ) );
#3080 = ORIENTED_EDGE ( 'NONE', *, *, #5963, .F. ) ;
#3081 = ORIENTED_EDGE ( 'NONE', *, *, #4286, .F. ) ;
#3082 = DIRECTION ( 'NONE',  ( 0.0000000000000000000, -1.000000000000000000, 0.0000000000000000000 ) ) ;
#3083 = DIRECTION ( 'NONE',  ( 0.0000000000000000000, -1.000000000000000000, 0.0000000000000000000 ) ) ;
#3084 = CARTESIAN_POINT ( 'NONE',  ( 0.0000000000000000000, 0.05000000000000000300, 0.0000000000000000000 ) ) ;
#3085 = LINE ( 'NONE', #5532, #1665 ) ;
#3086 =( GEOMETRIC_REPRESENTATION_CONTEXT ( 3 ) GLOBAL_UNCERTAINTY_ASSIGNED_CONTEXT ( ( #894 ) ) GLOBAL_UNIT_ASSIGNED_CONTEXT ( ( #2418, #6171, #2968 ) ) REPRESENTATION_CONTEXT ( 'NONE', 'WORKASPACE' ) );
#3087 = ORIENTED_EDGE ( 'NONE', *, *, #1173, .T. ) ;
#3088 = EDGE_CURVE ( 'NONE', #3811, #4701, #2384, .T. ) ;
#3089 = ORIENTED_EDGE ( 'NONE', *, *, #575, .T. ) ;
#3090 = ORIENTED_EDGE ( 'NONE', *, *, #972, .T. ) ;
#3091 = ORIENTED_EDGE ( 'NONE', *, *, #85, .T. ) ;
#3092 = FACE_OUTER_BOUND ( 'NONE', #5594, .T. ) ;
#3093 = CARTESIAN_POINT ( 'NONE',  ( 0.0000000000000000000, 0.0000000000000000000, 0.0000000000000000000 ) ) ;
#3094 = SURFACE_STYLE_USAGE ( .BOTH. , #6299 ) ;
#3095 = ORIENTED_EDGE ( 'NONE', *, *, #1536, .T. ) ;
#3096 = FILL_AREA_STYLE ('',( #3774 ) ) ;
#3097 = CARTESIAN_POINT ( 'NONE',  ( 13.25000000000001400, -5.749999999999923600, -3.499999999999997800 ) ) ;
#3098 = ORIENTED_EDGE ( 'NONE', *, *, #5298, .T. ) ;
#3099 =( NAMED_UNIT ( * ) PLANE_ANGLE_UNIT ( ) SI_UNIT ( $, .RADIAN. ) );
#3100 = ORIENTED_EDGE ( 'NONE', *, *, #6041, .F. ) ;
#3101 = DIRECTION ( 'NONE',  ( 0.0000000000000000000, 0.0000000000000000000, 1.000000000000000000 ) ) ;
#3102 = ADVANCED_FACE ( 'NONE', ( #1137 ), #4232, .T. ) ;
#3103 = CARTESIAN_POINT ( 'NONE',  ( -2.705661583331457500, 0.05000000000000000300, -3.481134468123456800 ) ) ;
#3104 = CARTESIAN_POINT ( 'NONE',  ( 19.74999999999999600, -5.249999999999975100, 1.500000000000000900 ) ) ;
#3105 = CARTESIAN_POINT ( 'NONE',  ( 12.00000000000007800, 3.500000000000000000, -3.499999999999997800 ) ) ;
#3106 = EDGE_CURVE ( 'NONE', #2006, #5712, #4575, .T. ) ;
#3107 = DIRECTION ( 'NONE',  ( -0.0000000000000000000, -0.0000000000000000000, -1.000000000000000000 ) ) ;
#3108 = VECTOR ( 'NONE', #1280, 1000.000000000000100 ) ;
#3109 = CARTESIAN_POINT ( 'NONE',  ( 13.25000000000000700, -5.250000000000000900, 4.000000000000000000 ) ) ;
#3110 = CARTESIAN_POINT ( 'NONE',  ( -6.420229851527615500, 0.05000000000000000300, 1.240335208870860100 ) ) ;
#3111 = PRESENTATION_LAYER_ASSIGNMENT (  '', '', ( #2760 ) ) ;
#3112 = AXIS2_PLACEMENT_3D ( 'NONE', #6475, #45, #3820 ) ;
#3113 = ADVANCED_FACE ( 'NONE', ( #1724 ), #5, .F. ) ;
#3114 = PRESENTATION_LAYER_ASSIGNMENT (  '', '', ( #2393 ) ) ;
#3115 =( NAMED_UNIT ( * ) SI_UNIT ( $, .STERADIAN. ) SOLID_ANGLE_UNIT ( ) );
#3116 = DIRECTION ( 'NONE',  ( 1.000000000000000000, 1.392757777031960500E-014, 0.0000000000000000000 ) ) ;
#3117 = DIRECTION ( 'NONE',  ( 0.0000000000000000000, 0.0000000000000000000, -1.000000000000000000 ) ) ;
#3118 = LINE ( 'NONE', #4275, #4551 ) ;
#3119 = CARTESIAN_POINT ( 'NONE',  ( -4.055661583331458400, 0.05000000000000000300, -2.833691923126678600 ) ) ;
#3120 = DIRECTION ( 'NONE',  ( 0.0000000000000000000, 0.0000000000000000000, -1.000000000000000000 ) ) ;
#3121 = EDGE_CURVE ( 'NONE', #526, #854, #291, .T. ) ;
#3122 = ORIENTED_EDGE ( 'NONE', *, *, #816, .T. ) ;
#3123 = LINE ( 'NONE', #968, #3464 ) ;
#3124 = ORIENTED_EDGE ( 'NONE', *, *, #4152, .F. ) ;
#3125 = ORIENTED_EDGE ( 'NONE', *, *, #3005, .F. ) ;
#3126 = CARTESIAN_POINT ( 'NONE',  ( -6.970229851527613500, 0.05000000000000000300, 2.287777753867637800 ) ) ;
#3127 = ADVANCED_FACE ( 'NONE', ( #5832 ), #5391, .F. ) ;
#3128 = DIRECTION ( 'NONE',  ( 0.0000000000000000000, 0.0000000000000000000, 1.000000000000000000 ) ) ;
#3129 = EDGE_CURVE ( 'NONE', #4514, #4555, #4424, .T. ) ;
#3130 = PRESENTATION_STYLE_ASSIGNMENT (( #5301 ) ) ;
#3131 = LINE ( 'NONE', #1288, #4565 ) ;
#3132 = ORIENTED_EDGE ( 'NONE', *, *, #5679, .T. ) ;
#3133 = PRESENTATION_STYLE_ASSIGNMENT (( #271 ) ) ;
#3134 =( NAMED_UNIT ( * ) SI_UNIT ( $, .STERADIAN. ) SOLID_ANGLE_UNIT ( ) );
#3135 = DIRECTION ( 'NONE',  ( 0.0000000000000000000, 0.0000000000000000000, -1.000000000000000000 ) ) ;
#3136 = AXIS2_PLACEMENT_3D ( 'NONE', #6607, #727, #4494 ) ;
#3137 = ADVANCED_FACE ( 'NONE', ( #1883 ), #5329, .T. ) ;
#3138 = EDGE_LOOP ( 'NONE', ( #1517, #5764, #3762, #273 ) ) ;
#3139 = SURFACE_SIDE_STYLE ('',( #3954 ) ) ;
#3140 = VERTEX_POINT ( 'NONE', #1126 ) ;
#3141 = PRESENTATION_LAYER_ASSIGNMENT (  '', '', ( #2415 ) ) ;
#3142 = SURFACE_STYLE_FILL_AREA ( #3527 ) ;
#3143 = COLOUR_RGB ( '',0.8980392156862745400, 0.8980392156862745400, 0.8980392156862745400 ) ;
#3144 = EDGE_LOOP ( 'NONE', ( #6632, #2014, #6913, #3396 ) ) ;
#3145 = EDGE_LOOP ( 'NONE', ( #891, #6933, #1822, #3267 ) ) ;
#3146 = DIRECTION ( 'NONE',  ( 0.0000000000000000000, 0.0000000000000000000, 1.000000000000000000 ) ) ;
#3147 = MECHANICAL_DESIGN_GEOMETRIC_PRESENTATION_REPRESENTATION (  '', ( #2061 ), #3509 ) ;
#3148 = DIRECTION ( 'NONE',  ( 0.0000000000000000000, -1.000000000000000000, 0.0000000000000000000 ) ) ;
#3149 = CARTESIAN_POINT ( 'NONE',  ( -0.3410933151353004500, 0.0000000000000000000, 0.8403352088708592200 ) ) ;
#3150 = PRESENTATION_STYLE_ASSIGNMENT (( #4333 ) ) ;
#3151 = CARTESIAN_POINT ( 'NONE',  ( -2.705661583331457500, 0.0000000000000000000, -2.833691923126678600 ) ) ;
#3152 = CARTESIAN_POINT ( 'NONE',  ( 12.50000000000002700, 3.500000000000000000, 1.000000000000000900 ) ) ;
#3153 = SURFACE_STYLE_FILL_AREA ( #2281 ) ;
#3154 = LINE ( 'NONE', #4017, #5999 ) ;
#3155 = EDGE_CURVE ( 'NONE', #1227, #2399, #2470, .T. ) ;
#3156 = PRESENTATION_STYLE_ASSIGNMENT (( #1905 ) ) ;
#3157 = MECHANICAL_DESIGN_GEOMETRIC_PRESENTATION_REPRESENTATION (  '', ( #2076 ), #3525 ) ;
#3158 = VERTEX_POINT ( 'NONE', #5435 ) ;
#3159 = CARTESIAN_POINT ( 'NONE',  ( -1.109405606098030200, 0.0000000000000000000, 1.859030876677710600 ) ) ;
#3160 = ORIENTED_EDGE ( 'NONE', *, *, #5352, .T. ) ;
#3161 = UNCERTAINTY_MEASURE_WITH_UNIT (LENGTH_MEASURE( 1.000000000000000100E-005 ), #3011, 'distance_accuracy_value', 'NONE');
#3162 = CARTESIAN_POINT ( 'NONE',  ( -3.800000000000002900, 16.00000000000000000, 0.0000000000000000000 ) ) ;
#3163 = ADVANCED_FACE ( 'NONE', ( #3921 ), #87, .T. ) ;
#3164 = LINE ( 'NONE', #6174, #6012 ) ;
#3165 =( GEOMETRIC_REPRESENTATION_CONTEXT ( 3 ) GLOBAL_UNCERTAINTY_ASSIGNED_CONTEXT ( ( #668 ) ) GLOBAL_UNIT_ASSIGNED_CONTEXT ( ( #1524, #5265, #2045 ) ) REPRESENTATION_CONTEXT ( 'NONE', 'WORKASPACE' ) );
#3166 = DIRECTION ( 'NONE',  ( 0.0000000000000000000, 0.0000000000000000000, 1.000000000000000000 ) ) ;
#3167 = STYLED_ITEM ( 'NONE', ( #1902 ), #6473 ) ;
#3168 = VECTOR ( 'NONE', #4405, 1000.000000000000000 ) ;
#3169 = ORIENTED_EDGE ( 'NONE', *, *, #2887, .F. ) ;
#3170 = DIRECTION ( 'NONE',  ( 0.5270832698930796300, 0.0000000000000000000, -0.8498136422762457800 ) ) ;
#3171 = ADVANCED_FACE ( 'NONE', ( #537 ), #109, .F. ) ;
#3172 = EDGE_CURVE ( 'NONE', #4792, #1500, #2722, .T. ) ;
#3173 = DIRECTION ( 'NONE',  ( -0.8494962282757269100, 0.0000000000000000000, 0.5275946911648317100 ) ) ;
#3174 = LINE ( 'NONE', #4377, #839 ) ;
#3175 = CARTESIAN_POINT ( 'NONE',  ( 13.25000000000000700, -5.249999999999922700, -3.499999999999997800 ) ) ;
#3176 =( NAMED_UNIT ( * ) PLANE_ANGLE_UNIT ( ) SI_UNIT ( $, .RADIAN. ) );
#3177 = EDGE_LOOP ( 'NONE', ( #5031, #876, #3783, #1119 ) ) ;
#3178 = DIRECTION ( 'NONE',  ( -1.000000000000000000, 0.0000000000000000000, 0.0000000000000000000 ) ) ;
#3179 = ORIENTED_EDGE ( 'NONE', *, *, #313, .T. ) ;
#3180 = PRESENTATION_LAYER_ASSIGNMENT (  '', '', ( #2827 ) ) ;
#3181 = ORIENTED_EDGE ( 'NONE', *, *, #4885, .F. ) ;
#3182 = DIRECTION ( 'NONE',  ( -0.0000000000000000000, -1.000000000000000000, -0.0000000000000000000 ) ) ;
#3183 = ORIENTED_EDGE ( 'NONE', *, *, #807, .T. ) ;
#3184 = ORIENTED_EDGE ( 'NONE', *, *, #4885, .T. ) ;
#3185 = EDGE_CURVE ( 'NONE', #2763, #6030, #25, .T. ) ;
#3186 = CIRCLE ( 'NONE', #1007, 1.249999999999923000 ) ;
#3187 = EDGE_CURVE ( 'NONE', #5327, #2050, #4170, .T. ) ;
#3188 = MECHANICAL_DESIGN_GEOMETRIC_PRESENTATION_REPRESENTATION (  '', ( #2104 ), #3554 ) ;
#3189 = DIRECTION ( 'NONE',  ( -0.5270832698930797400, 0.0000000000000000000, 0.8498136422762457800 ) ) ;
#3190 = FILL_AREA_STYLE ('',( #4799 ) ) ;
#3191 =( NAMED_UNIT ( * ) SI_UNIT ( $, .STERADIAN. ) SOLID_ANGLE_UNIT ( ) );
#3192 = CARTESIAN_POINT ( 'NONE',  ( 12.00000000000007800, -2.500000000000000000, -3.499999999999997800 ) ) ;
#3193 = PLANE ( 'NONE',  #2392 ) ;
#3194 = DIRECTION ( 'NONE',  ( -0.0000000000000000000, -1.000000000000000000, -0.0000000000000000000 ) ) ;
#3195 =( LENGTH_UNIT ( ) NAMED_UNIT ( * ) SI_UNIT ( .MILLI., .METRE. ) );
#3196 = UNCERTAINTY_MEASURE_WITH_UNIT (LENGTH_MEASURE( 1.000000000000000100E-005 ), #6680, 'distance_accuracy_value', 'NONE');
#3197 = CARTESIAN_POINT ( 'NONE',  ( 13.25000000000001400, -5.749999999999949400, -0.9999999999999983300 ) ) ;
#3198 = VERTEX_POINT ( 'NONE', #5510 ) ;
#3199 = FILL_AREA_STYLE_COLOUR ( '', #6357 ) ;
#3200 = ADVANCED_FACE ( 'NONE', ( #5403 ), #6565, .F. ) ;
#3201 = AXIS2_PLACEMENT_3D ( 'NONE', #3730, #5346, #2118 ) ;
#3202 = VECTOR ( 'NONE', #295, 1000.000000000000000 ) ;
#3203 = ORIENTED_EDGE ( 'NONE', *, *, #2447, .T. ) ;
#3204 = FACE_OUTER_BOUND ( 'NONE', #6333, .T. ) ;
#3205 = STYLED_ITEM ( 'NONE', ( #4915 ), #4745 ) ;
#3206 = EDGE_LOOP ( 'NONE', ( #3971, #1505, #548, #836, #5913, #833, #4042, #437, #5180, #4558 ) ) ;
#3207 = PRESENTATION_LAYER_ASSIGNMENT (  '', '', ( #2489 ) ) ;
#3208 = VERTEX_POINT ( 'NONE', #1759 ) ;
#3209 = COLOUR_RGB ( '',0.8980392156862745400, 0.8980392156862745400, 0.8980392156862745400 ) ;
#3210 = ADVANCED_BREP_SHAPE_REPRESENTATION ( '-рЄўшъ урчр MQ6 (яЁюярэ, сєЄрэ)', ( #6733, #5664, #5360, #3372, #2991, #364, #1326, #3945 ), #681 ) ;
#3211 =( NAMED_UNIT ( * ) SI_UNIT ( $, .STERADIAN. ) SOLID_ANGLE_UNIT ( ) );
#3212 = CARTESIAN_POINT ( 'NONE',  ( 12.50000000000005300, 3.500000000000000000, -0.9999999999999983300 ) ) ;
#3213 = LINE ( 'NONE', #6768, #5894 ) ;
#3214 = ORIENTED_EDGE ( 'NONE', *, *, #1620, .T. ) ;
#3215 = VECTOR ( 'NONE', #1592, 1000.000000000000000 ) ;
#3216 = FACE_OUTER_BOUND ( 'NONE', #2721, .T. ) ;
#3217 = FILL_AREA_STYLE ('',( #513 ) ) ;
#3218 = LINE ( 'NONE', #1279, #3049 ) ;
#3219 =( NAMED_UNIT ( * ) SI_UNIT ( $, .STERADIAN. ) SOLID_ANGLE_UNIT ( ) );
#3220 = MECHANICAL_DESIGN_GEOMETRIC_PRESENTATION_REPRESENTATION (  '', ( #2500 ), #3591 ) ;
#3221 = SURFACE_STYLE_USAGE ( .BOTH. , #6985 ) ;
#3222 = FILL_AREA_STYLE ('',( #5343 ) ) ;
#3223 = ORIENTED_EDGE ( 'NONE', *, *, #1578, .T. ) ;
#3224 = CIRCLE ( 'NONE', #1779, 6.383577844100016400 ) ;
#3225 = DIRECTION ( 'NONE',  ( 0.0000000000000000000, 3.469446951953614200E-015, -1.000000000000000000 ) ) ;
#3226 = COLOUR_RGB ( '',0.8980392156862745400, 0.8980392156862745400, 0.8980392156862745400 ) ;
#3227 = VECTOR ( 'NONE', #819, 1000.000000000000000 ) ;
#3228 = ORIENTED_EDGE ( 'NONE', *, *, #3785, .F. ) ;
#3229 = COLOUR_RGB ( '',0.8980392156862745400, 0.8980392156862745400, 0.8980392156862745400 ) ;
#3230 = EDGE_CURVE ( 'NONE', #2765, #4987, #2548, .T. ) ;
#3231 = DIRECTION ( 'NONE',  ( 1.000000000000000000, 0.0000000000000000000, -0.0000000000000000000 ) ) ;
#3232 = COLOUR_RGB ( '',0.7921568627450980000, 0.8196078431372548800, 0.9333333333333333500 ) ;
#3233 = CIRCLE ( 'NONE', #4622, 9.300000000000000700 ) ;
#3234 = ORIENTED_EDGE ( 'NONE', *, *, #4521, .F. ) ;
#3235 = ORIENTED_EDGE ( 'NONE', *, *, #2907, .T. ) ;
#3236 = DIRECTION ( 'NONE',  ( 1.000000000000000000, 0.0000000000000000000, 0.0000000000000000000 ) ) ;
#3237 = COLOUR_RGB ( '',0.3098039215686274600, 0.6901960784313725400, 1.000000000000000000 ) ;
#3238 = DIRECTION ( 'NONE',  ( -0.0000000000000000000, -1.000000000000000000, -0.0000000000000000000 ) ) ;
#3239 = EDGE_CURVE ( 'NONE', #1209, #1586, #1130, .T. ) ;
#3240 = DIRECTION ( 'NONE',  ( -0.8883292641862270400, -0.0000000000000000000, 0.4592070539422890600 ) ) ;
#3241 = PLANE ( 'NONE',  #6792 ) ;
#3242 = ADVANCED_FACE ( 'NONE', ( #2380 ), #6057, .F. ) ;
#3243 = DIRECTION ( 'NONE',  ( -0.0000000000000000000, -1.000000000000000000, -0.0000000000000000000 ) ) ;
#3244 = DIRECTION ( 'NONE',  ( -0.0000000000000000000, -0.0000000000000000000, -1.000000000000000000 ) ) ;
#3245 = CARTESIAN_POINT ( 'NONE',  ( -2.995557381772651100, 0.0000000000000000000, -4.767752686762338300 ) ) ;
#3246 = VERTEX_POINT ( 'NONE', #1775 ) ;
#3247 =( GEOMETRIC_REPRESENTATION_CONTEXT ( 3 ) GLOBAL_UNCERTAINTY_ASSIGNED_CONTEXT ( ( #2689 ) ) GLOBAL_UNIT_ASSIGNED_CONTEXT ( ( #584, #4351, #1131 ) ) REPRESENTATION_CONTEXT ( 'NONE', 'WORKASPACE' ) );
#3248 = COLOUR_RGB ( '',0.8980392156862745400, 0.8980392156862745400, 0.8980392156862745400 ) ;
#3249 = PRESENTATION_LAYER_ASSIGNMENT (  '', '', ( #2527 ) ) ;
#3250 = VERTEX_POINT ( 'NONE', #718 ) ;
#3251 = AXIS2_PLACEMENT_3D ( 'NONE', #1585, #3189, #6958 ) ;
#3252 = SURFACE_STYLE_USAGE ( .BOTH. , #6462 ) ;
#3253 = CONICAL_SURFACE ( 'NONE', #1644, 8.216422155899984100, 0.2074962264352029100 ) ;
#3254 = CARTESIAN_POINT ( 'NONE',  ( -0.3410933151353004500, 0.05000000000000000300, -1.365134884645989000 ) ) ;
#3255 = DIRECTION ( 'NONE',  ( 0.0000000000000000000, 0.0000000000000000000, 1.000000000000000000 ) ) ;
#3256 =( GEOMETRIC_REPRESENTATION_CONTEXT ( 3 ) GLOBAL_UNCERTAINTY_ASSIGNED_CONTEXT ( ( #6214 ) ) GLOBAL_UNIT_ASSIGNED_CONTEXT ( ( #710, #4473, #1265 ) ) REPRESENTATION_CONTEXT ( 'NONE', 'WORKASPACE' ) );
#3257 = EDGE_CURVE ( 'NONE', #4573, #6425, #6677, .T. ) ;
#3258 = EDGE_LOOP ( 'NONE', ( #2131, #409, #2767, #2319 ) ) ;
#3259 = ORIENTED_EDGE ( 'NONE', *, *, #4060, .F. ) ;
#3260 = SURFACE_STYLE_USAGE ( .BOTH. , #6471 ) ;
#3261 = ORIENTED_EDGE ( 'NONE', *, *, #1013, .T. ) ;
#3262 = VERTEX_POINT ( 'NONE', #1804 ) ;
#3263 = CARTESIAN_POINT ( 'NONE',  ( 12.50000000000007800, -4.499999999999992900, -3.499999999999997800 ) ) ;
#3264 = LINE ( 'NONE', #4872, #6116 ) ;
#3265 = DIRECTION ( 'NONE',  ( -1.000000000000000000, -0.0000000000000000000, 2.551063935260010500E-016 ) ) ;
#3266 = SURFACE_STYLE_USAGE ( .BOTH. , #46 ) ;
#3267 = ORIENTED_EDGE ( 'NONE', *, *, #590, .F. ) ;
#3268 = CARTESIAN_POINT ( 'NONE',  ( -0.3410933151353004500, 0.0000000000000000000, 1.887777753867637000 ) ) ;
#3269 = ORIENTED_EDGE ( 'NONE', *, *, #1588, .F. ) ;
#3270 = VERTEX_POINT ( 'NONE', #5032 ) ;
#3271 =( GEOMETRIC_REPRESENTATION_CONTEXT ( 3 ) GLOBAL_UNCERTAINTY_ASSIGNED_CONTEXT ( ( #4548 ) ) GLOBAL_UNIT_ASSIGNED_CONTEXT ( ( #43, #3816, #591 ) ) REPRESENTATION_CONTEXT ( 'NONE', 'WORKASPACE' ) );
#3272 = PRESENTATION_STYLE_ASSIGNMENT (( #5033 ) ) ;
#3273 = PLANE ( 'NONE',  #6055 ) ;
#3274 = EDGE_LOOP ( 'NONE', ( #6803, #613, #1566, #4699 ) ) ;
#3275 = ADVANCED_FACE ( 'NONE', ( #4002 ), #2345, .F. ) ;
#3276 = SURFACE_STYLE_USAGE ( .BOTH. , #6490 ) ;
#3277 = FACE_OUTER_BOUND ( 'NONE', #5480, .T. ) ;
#3278 = MECHANICAL_DESIGN_GEOMETRIC_PRESENTATION_REPRESENTATION (  '', ( #2190 ), #3649 ) ;
#3279 = DIRECTION ( 'NONE',  ( 0.0000000000000000000, -0.0000000000000000000, -1.000000000000000000 ) ) ;
#3280 = PLANE ( 'NONE',  #2762 ) ;
#3281 = DIRECTION ( 'NONE',  ( -4.832099224333226500E-029, 3.469446951953614200E-015, -1.000000000000000000 ) ) ;
#3282 = DIRECTION ( 'NONE',  ( 0.0000000000000000000, 0.0000000000000000000, -1.000000000000000000 ) ) ;
#3283 = DIRECTION ( 'NONE',  ( -1.392757777031960500E-014, 1.000000000000000000, 0.0000000000000000000 ) ) ;
#3284 = CIRCLE ( 'NONE', #5059, 1.500000000000001300 ) ;
#3285 = UNCERTAINTY_MEASURE_WITH_UNIT (LENGTH_MEASURE( 1.000000000000000100E-005 ), #4172, 'distance_accuracy_value', 'NONE');
#3286 = CARTESIAN_POINT ( 'NONE',  ( -3.655661583331457200, 0.0000000000000000000, -3.729561558723129400 ) ) ;
#3287 = CARTESIAN_POINT ( 'NONE',  ( -3.180661583331457500, 0.0000000000000000000, 2.929732241150968100 ) ) ;
#3288 = CARTESIAN_POINT ( 'NONE',  ( 11.00000000000000200, 0.0000000000000000000, 4.999999999999999100 ) ) ;
#3289 = CARTESIAN_POINT ( 'NONE',  ( -13.49999999999999800, 0.0000000000000000000, -7.499999999999994700 ) ) ;
#3290 = DIRECTION ( 'NONE',  ( 0.0000000000000000000, -0.0000000000000000000, 1.000000000000000000 ) ) ;
#3291 = DIRECTION ( 'NONE',  ( -0.0000000000000000000, 1.000000000000000000, -0.0000000000000000000 ) ) ;
#3292 = PRESENTATION_STYLE_ASSIGNMENT (( #1456 ) ) ;
#3293 = CARTESIAN_POINT ( 'NONE',  ( 0.2089066848647014300, 0.05000000000000000300, -1.670990180068217900 ) ) ;
#3294 = CARTESIAN_POINT ( 'NONE',  ( 12.50000000000000000, 3.500000000000000000, 4.000000000000000000 ) ) ;
#3295 = ORIENTED_EDGE ( 'NONE', *, *, #5623, .F. ) ;
#3296 = VECTOR ( 'NONE', #1525, 1000.000000000000000 ) ;
#3297 = ORIENTED_EDGE ( 'NONE', *, *, #4326, .T. ) ;
#3298 = ORIENTED_EDGE ( 'NONE', *, *, #1350, .T. ) ;
#3299 = COLOUR_RGB ( '',0.8980392156862745400, 0.8980392156862745400, 0.8980392156862745400 ) ;
#3300 = LINE ( 'NONE', #5681, #1869 ) ;
#3301 = UNCERTAINTY_MEASURE_WITH_UNIT (LENGTH_MEASURE( 1.000000000000000100E-005 ), #5443, 'distance_accuracy_value', 'NONE');
#3302 = MECHANICAL_DESIGN_GEOMETRIC_PRESENTATION_REPRESENTATION (  '', ( #2213 ), #3670 ) ;
#3303 =( GEOMETRIC_REPRESENTATION_CONTEXT ( 3 ) GLOBAL_UNCERTAINTY_ASSIGNED_CONTEXT ( ( #2272 ) ) GLOBAL_UNIT_ASSIGNED_CONTEXT ( ( #2476, #6215, #3018 ) ) REPRESENTATION_CONTEXT ( 'NONE', 'WORKASPACE' ) );
#3304 = LINE ( 'NONE', #3105, #6150 ) ;
#3305 = EDGE_LOOP ( 'NONE', ( #3828, #2932, #275, #5021 ) ) ;
#3306 = DIRECTION ( 'NONE',  ( 3.469446951953614200E-015, 0.0000000000000000000, -1.000000000000000000 ) ) ;
#3307 = EDGE_CURVE ( 'NONE', #440, #378, #950, .T. ) ;
#3308 = PLANE ( 'NONE',  #3029 ) ;
#3309 = ORIENTED_EDGE ( 'NONE', *, *, #5273, .T. ) ;
#3310 = CARTESIAN_POINT ( 'NONE',  ( -13.49999999999999800, 0.0000000000000000000, 9.000000000000003600 ) ) ;
#3311 = DIRECTION ( 'NONE',  ( 1.000000000000000000, 0.0000000000000000000, 0.0000000000000000000 ) ) ;
#3312 = COLOUR_RGB ( '',0.007843137254901960700, 0.2392156862745097900, 0.8235294117647058400 ) ;
#3313 = ADVANCED_FACE ( 'NONE', ( #6493 ), #4568, .T. ) ;
#3314 = DIRECTION ( 'NONE',  ( 0.5275946911648332600, -0.0000000000000000000, 0.8494962282757260200 ) ) ;
#3315 = FILL_AREA_STYLE ('',( #6503 ) ) ;
#3316 = AXIS2_PLACEMENT_3D ( 'NONE', #5843, #6380, #3170 ) ;
#3317 = ORIENTED_EDGE ( 'NONE', *, *, #2980, .T. ) ;
#3318 = DIRECTION ( 'NONE',  ( -0.8494962282757259100, 0.0000000000000000000, 0.5275946911648331500 ) ) ;
#3319 = VERTEX_POINT ( 'NONE', #4522 ) ;
#3320 = DIRECTION ( 'NONE',  ( 0.8524342904835906500, 0.0000000000000000000, 0.5228343718690817700 ) ) ;
#3321 = EDGE_LOOP ( 'NONE', ( #940, #6365, #1992, #6405 ) ) ;
#3322 = DIRECTION ( 'NONE',  ( 1.000000000000000000, 0.0000000000000000000, -0.0000000000000000000 ) ) ;
#3323 = CARTESIAN_POINT ( 'NONE',  ( 12.50000000000002700, 3.500000000000000000, 1.500000000000000900 ) ) ;
#3324 = EDGE_CURVE ( 'NONE', #3701, #732, #5824, .T. ) ;
#3325 = VECTOR ( 'NONE', #191, 1000.000000000000000 ) ;
#3326 = EDGE_CURVE ( 'NONE', #2426, #2366, #1714, .T. ) ;
#3327 = EDGE_CURVE ( 'NONE', #3878, #1218, #2973, .T. ) ;
#3328 = AXIS2_PLACEMENT_3D ( 'NONE', #928, #4693, #1489 ) ;
#3329 = LINE ( 'NONE', #5472, #5997 ) ;
#3330 = LINE ( 'NONE', #5061, #473 ) ;
#3331 = ORIENTED_EDGE ( 'NONE', *, *, #787, .F. ) ;
#3332 = CARTESIAN_POINT ( 'NONE',  ( 12.50000000000000000, 1.500000000000000000, 4.000000000000000000 ) ) ;
#3333 = EDGE_LOOP ( 'NONE', ( #2593, #1764 ) ) ;
#3334 = SURFACE_STYLE_FILL_AREA ( #1552 ) ;
#3335 = VECTOR ( 'NONE', #6457, 1000.000000000000000 ) ;
#3336 = CARTESIAN_POINT ( 'NONE',  ( 12.00000000000007800, -4.499999999999992900, -3.499999999999997800 ) ) ;
#3337 = FILL_AREA_STYLE ('',( #3918 ) ) ;
#3338 = CARTESIAN_POINT ( 'NONE',  ( 13.25000000000000700, -5.250000000000000900, 4.000000000000000000 ) ) ;
#3339 = AXIS2_PLACEMENT_3D ( 'NONE', #4582, #1929, #5692 ) ;
#3340 = DIRECTION ( 'NONE',  ( -0.5228343718690816600, 0.0000000000000000000, 0.8524342904835907600 ) ) ;
#3341 = CARTESIAN_POINT ( 'NONE',  ( -9.332335357453892800, 0.05000000000000000300, -0.2247228132164734400 ) ) ;
#3342 = PLANE ( 'NONE',  #1823 ) ;
#3343 = VECTOR ( 'NONE', #2750, 1000.000000000000000 ) ;
#3344 = ORIENTED_EDGE ( 'NONE', *, *, #5715, .T. ) ;
#3345 = PLANE ( 'NONE',  #2138 ) ;
#3346 = MECHANICAL_DESIGN_GEOMETRIC_PRESENTATION_REPRESENTATION (  '', ( #2269 ), #3711 ) ;
#3347 = STYLED_ITEM ( 'NONE', ( #2444 ), #3706 ) ;
#3348 = AXIS2_PLACEMENT_3D ( 'NONE', #1830, #5590, #766 ) ;
#3349 = PRESENTATION_STYLE_ASSIGNMENT (( #3266 ) ) ;
#3350 = EDGE_LOOP ( 'NONE', ( #4876, #3939, #122, #4852 ) ) ;
#3351 = VERTEX_POINT ( 'NONE', #788 ) ;
#3352 = EDGE_LOOP ( 'NONE', ( #632, #2510, #796, #1836 ) ) ;
#3353 = DIRECTION ( 'NONE',  ( -1.734723475976807100E-016, -0.0000000000000000000, 1.000000000000000000 ) ) ;
#3354 = SURFACE_STYLE_USAGE ( .BOTH. , #6566 ) ;
#3355 = EDGE_LOOP ( 'NONE', ( #6860, #4038, #4655, #6742, #1847 ) ) ;
#3356 = CARTESIAN_POINT ( 'NONE',  ( 12.00000000000005200, 3.500000000000000000, -0.9999999999999983300 ) ) ;
#3357 = ORIENTED_EDGE ( 'NONE', *, *, #1674, .T. ) ;
#3358 = EDGE_LOOP ( 'NONE', ( #521, #5454, #4453, #846 ) ) ;
#3359 = EDGE_CURVE ( 'NONE', #6506, #2123, #5661, .T. ) ;
#3360 = DIRECTION ( 'NONE',  ( 1.000000000000000000, -0.0000000000000000000, -0.0000000000000000000 ) ) ;
#3361 = DIRECTION ( 'NONE',  ( 0.0000000000000000000, -1.000000000000000000, -3.469446951953614200E-015 ) ) ;
#3362 = DIRECTION ( 'NONE',  ( 0.0000000000000000000, 0.0000000000000000000, -1.000000000000000000 ) ) ;
#3363 =( NAMED_UNIT ( * ) PLANE_ANGLE_UNIT ( ) SI_UNIT ( $, .RADIAN. ) );
#3364 = CARTESIAN_POINT ( 'NONE',  ( 12.50000000000002700, 1.500000000000000000, 1.500000000000000900 ) ) ;
#3365 = EDGE_CURVE ( 'NONE', #488, #1241, #285, .T. ) ;
#3366 = DIRECTION ( 'NONE',  ( -0.0000000000000000000, -0.0000000000000000000, 1.000000000000000000 ) ) ;
#3367 = VECTOR ( 'NONE', #1187, 1000.000000000000000 ) ;
#3368 = CARTESIAN_POINT ( 'NONE',  ( -6.970229851527613500, 0.05000000000000000300, 2.287777753867637800 ) ) ;
#3369 = ORIENTED_EDGE ( 'NONE', *, *, #2221, .F. ) ;
#3370 = CARTESIAN_POINT ( 'NONE',  ( 19.75000000000000400, -5.749999999999949400, -0.9999999999999983300 ) ) ;
#3371 = COLOUR_RGB ( '',0.8980392156862745400, 0.8980392156862745400, 0.8980392156862745400 ) ;
#3372 = MANIFOLD_SOLID_BREP ( 'Бобышка-Вытянуть4[2]', #6881 ) ;
#3373 = EDGE_CURVE ( 'NONE', #6368, #5253, #2297, .T. ) ;
#3374 = CARTESIAN_POINT ( 'NONE',  ( 13.25000000000000200, -4.500000000000000000, -3.999999999999998200 ) ) ;
#3375 = VECTOR ( 'NONE', #2397, 1000.000000000000000 ) ;
#3376 = ORIENTED_EDGE ( 'NONE', *, *, #4594, .T. ) ;
#3377 = ORIENTED_EDGE ( 'NONE', *, *, #1157, .T. ) ;
#3378 = ORIENTED_EDGE ( 'NONE', *, *, #383, .F. ) ;
#3379 = DIRECTION ( 'NONE',  ( 0.0000000000000000000, 0.0000000000000000000, -1.000000000000000000 ) ) ;
#3380 = FACE_BOUND ( 'NONE', #1354, .T. ) ;
#3381 = CARTESIAN_POINT ( 'NONE',  ( -1.109405606098030200, 0.05000000000000000300, 1.859030876677710600 ) ) ;
#3382 = CARTESIAN_POINT ( 'NONE',  ( 13.25000000000001400, -5.749999999999976000, 1.500000000000000900 ) ) ;
#3383 = VECTOR ( 'NONE', #3628, 1000.000000000000000 ) ;
#3384 = EDGE_CURVE ( 'NONE', #2251, #1756, #5158, .T. ) ;
#3385 = DIRECTION ( 'NONE',  ( 1.000000000000000000, 0.0000000000000000000, 0.0000000000000000000 ) ) ;
#3386 = PRESENTATION_LAYER_ASSIGNMENT (  '', '', ( #2667 ) ) ;
#3387 = SURFACE_STYLE_USAGE ( .BOTH. , #171 ) ;
#3388 = COLOUR_RGB ( '',0.007843137254901960700, 0.2392156862745097900, 0.8235294117647058400 ) ;
#3389 = STYLED_ITEM ( 'NONE', ( #1942 ), #4224 ) ;
#3390 = VERTEX_POINT ( 'NONE', #5652 ) ;
#3391 = ORIENTED_EDGE ( 'NONE', *, *, #1022, .F. ) ;
#3392 = DIRECTION ( 'NONE',  ( 1.000000000000000000, 0.0000000000000000000, 0.0000000000000000000 ) ) ;
#3393 = LINE ( 'NONE', #500, #6406 ) ;
#3394 = FILL_AREA_STYLE ('',( #1244 ) ) ;
#3395 =( LENGTH_UNIT ( ) NAMED_UNIT ( * ) SI_UNIT ( .MILLI., .METRE. ) );
#3396 = ORIENTED_EDGE ( 'NONE', *, *, #3365, .F. ) ;
#3397 = PRESENTATION_STYLE_ASSIGNMENT (( #5885 ) ) ;
#3398 = COLOUR_RGB ( '',0.8980392156862745400, 0.8980392156862745400, 0.8980392156862745400 ) ;
#3399 = ORIENTED_EDGE ( 'NONE', *, *, #6100, .F. ) ;
#3400 = AXIS2_PLACEMENT_3D ( 'NONE', #1681, #5426, #2203 ) ;
#3401 = DIRECTION ( 'NONE',  ( -0.5270832698930789700, 0.0000000000000000000, 0.8498136422762462300 ) ) ;
#3402 = DIRECTION ( 'NONE',  ( -1.000000000000000000, 0.0000000000000000000, -0.0000000000000000000 ) ) ;
#3403 = PLANE ( 'NONE',  #890 ) ;
#3404 = COLOUR_RGB ( '',0.8980392156862745400, 0.8980392156862745400, 0.8980392156862745400 ) ;
#3405 = FACE_OUTER_BOUND ( 'NONE', #4169, .T. ) ;
#3406 = LINE ( 'NONE', #6814, #6078 ) ;
#3407 =( NAMED_UNIT ( * ) SI_UNIT ( $, .STERADIAN. ) SOLID_ANGLE_UNIT ( ) );
#3408 = VERTEX_POINT ( 'NONE', #2428 ) ;
#3409 = DIRECTION ( 'NONE',  ( -0.0000000000000000000, 1.000000000000000000, -0.0000000000000000000 ) ) ;
#3410 = MECHANICAL_DESIGN_GEOMETRIC_PRESENTATION_REPRESENTATION (  '', ( #2334 ), #3779 ) ;
#3411 = CARTESIAN_POINT ( 'NONE',  ( 13.25000000000000700, -5.249999999999949400, -0.9999999999999983300 ) ) ;
#3412 =( NAMED_UNIT ( * ) PLANE_ANGLE_UNIT ( ) SI_UNIT ( $, .RADIAN. ) );
#3413 = VECTOR ( 'NONE', #6788, 1000.000000000000000 ) ;
#3414 =( NAMED_UNIT ( * ) PLANE_ANGLE_UNIT ( ) SI_UNIT ( $, .RADIAN. ) );
#3415 = AXIS2_PLACEMENT_3D ( 'NONE', #6801, #6263, #5096 ) ;
#3416 = VERTEX_POINT ( 'NONE', #2976 ) ;
#3417 = CARTESIAN_POINT ( 'NONE',  ( -0.7507960402540931900, 0.05000000000000000300, -5.512829155905854400 ) ) ;
#3418 = EDGE_CURVE ( 'NONE', #3158, #3270, #701, .T. ) ;
#3419 = ORIENTED_EDGE ( 'NONE', *, *, #2103, .T. ) ;
#3420 = EDGE_CURVE ( 'NONE', #1867, #4978, #2124, .T. ) ;
#3421 = AXIS2_PLACEMENT_3D ( 'NONE', #2800, #3340, #120 ) ;
#3422 = UNCERTAINTY_MEASURE_WITH_UNIT (LENGTH_MEASURE( 1.000000000000000100E-005 ), #6435, 'distance_accuracy_value', 'NONE');
#3423 = CARTESIAN_POINT ( 'NONE',  ( -6.008914177331514700, 0.05000000000000000300, -6.159029468782984300 ) ) ;
#3424 = CIRCLE ( 'NONE', #6173, 0.5000000000000004400 ) ;
#3425 = ORIENTED_EDGE ( 'NONE', *, *, #3121, .F. ) ;
#3426 = LINE ( 'NONE', #3381, #4684 ) ;
#3427 = DIRECTION ( 'NONE',  ( 0.8498136422762452300, 0.0000000000000000000, 0.5270832698930804100 ) ) ;
#3428 = DIRECTION ( 'NONE',  ( -1.000000000000000000, 0.0000000000000000000, 0.0000000000000000000 ) ) ;
#3429 = ORIENTED_EDGE ( 'NONE', *, *, #3630, .F. ) ;
#3430 = FILL_AREA_STYLE ('',( #6375 ) ) ;
#3431 = VECTOR ( 'NONE', #592, 1000.000000000000000 ) ;
#3432 = VECTOR ( 'NONE', #1773, 1000.000000000000000 ) ;
#3433 = PLANE ( 'NONE',  #3880 ) ;
#3434 = PRESENTATION_STYLE_ASSIGNMENT (( #4195 ) ) ;
#3435 = FILL_AREA_STYLE_COLOUR ( '', #1892 ) ;
#3436 = ORIENTED_EDGE ( 'NONE', *, *, #6703, .F. ) ;
#3437 =( NAMED_UNIT ( * ) PLANE_ANGLE_UNIT ( ) SI_UNIT ( $, .RADIAN. ) );
#3438 = ORIENTED_EDGE ( 'NONE', *, *, #882, .T. ) ;
#3439 = ORIENTED_EDGE ( 'NONE', *, *, #6275, .F. ) ;
#3440 = ORIENTED_EDGE ( 'NONE', *, *, #5971, .F. ) ;
#3441 = LINE ( 'NONE', #568, #581 ) ;
#3442 =( GEOMETRIC_REPRESENTATION_CONTEXT ( 3 ) GLOBAL_UNCERTAINTY_ASSIGNED_CONTEXT ( ( #4221 ) ) GLOBAL_UNIT_ASSIGNED_CONTEXT ( ( #2313, #6046, #2856 ) ) REPRESENTATION_CONTEXT ( 'NONE', 'WORKASPACE' ) );
#3443 = ADVANCED_FACE ( 'NONE', ( #3563 ), #5847, .F. ) ;
#3444 = VERTEX_POINT ( 'NONE', #4781 ) ;
#3445 = EDGE_LOOP ( 'NONE', ( #2149, #4265, #6611, #2011 ) ) ;
#3446 = ORIENTED_EDGE ( 'NONE', *, *, #4571, .F. ) ;
#3447 = EDGE_CURVE ( 'NONE', #2366, #5161, #4821, .T. ) ;
#3448 = PLANE ( 'NONE',  #2783 ) ;
#3449 = CARTESIAN_POINT ( 'NONE',  ( 19.75000000000000400, -5.749999999999974200, 1.000000000000000900 ) ) ;
#3450 =( NAMED_UNIT ( * ) PLANE_ANGLE_UNIT ( ) SI_UNIT ( $, .RADIAN. ) );
#3451 = ORIENTED_EDGE ( 'NONE', *, *, #740, .T. ) ;
#3452 =( NAMED_UNIT ( * ) PLANE_ANGLE_UNIT ( ) SI_UNIT ( $, .RADIAN. ) );
#3453 =( NAMED_UNIT ( * ) PLANE_ANGLE_UNIT ( ) SI_UNIT ( $, .RADIAN. ) );
#3454 =( NAMED_UNIT ( * ) PLANE_ANGLE_UNIT ( ) SI_UNIT ( $, .RADIAN. ) );
#3455 = DIRECTION ( 'NONE',  ( 0.0000000000000000000, 0.0000000000000000000, -1.000000000000000000 ) ) ;
#3456 = EDGE_CURVE ( 'NONE', #4504, #6425, #3393, .T. ) ;
#3457 = FACE_OUTER_BOUND ( 'NONE', #5817, .T. ) ;
#3458 = FILL_AREA_STYLE ('',( #2924 ) ) ;
#3459 = CARTESIAN_POINT ( 'NONE',  ( 12.00000000000002700, -4.499999999999992900, 1.500000000000000900 ) ) ;
#3460 = SURFACE_STYLE_FILL_AREA ( #2779 ) ;
#3461 = CARTESIAN_POINT ( 'NONE',  ( 16.00000000000000000, 1.500000000000000000, -9.999999999999998200 ) ) ;
#3462 = DIRECTION ( 'NONE',  ( 0.0000000000000000000, 0.0000000000000000000, 1.000000000000000000 ) ) ;
#3463 = CARTESIAN_POINT ( 'NONE',  ( -6.420229851527615500, 0.05000000000000000300, 2.287777753867636000 ) ) ;
#3464 = VECTOR ( 'NONE', #5266, 1000.000000000000000 ) ;
#3465 = ORIENTED_EDGE ( 'NONE', *, *, #6660, .F. ) ;
#3466 = ORIENTED_EDGE ( 'NONE', *, *, #2685, .F. ) ;
#3467 = LINE ( 'NONE', #4873, #2036 ) ;
#3468 = EDGE_CURVE ( 'NONE', #863, #1129, #6062, .T. ) ;
#3469 = CARTESIAN_POINT ( 'NONE',  ( 12.00000000000000200, -4.499999999999992900, 3.500000000000000000 ) ) ;
#3470 = SURFACE_STYLE_FILL_AREA ( #2436 ) ;
#3471 = ADVANCED_FACE ( 'NONE', ( #4649, #1959, #1793, #360, #5897, #4486 ), #3193, .T. ) ;
#3472 = EDGE_LOOP ( 'NONE', ( #5509, #1845, #6430, #5497 ) ) ;
#3473 = FILL_AREA_STYLE_COLOUR ( '', #944 ) ;
#3474 = VECTOR ( 'NONE', #67, 1000.000000000000000 ) ;
#3475 = PLANE ( 'NONE',  #2564 ) ;
#3476 = MECHANICAL_DESIGN_GEOMETRIC_PRESENTATION_REPRESENTATION (  '', ( #2760 ), #3854 ) ;
#3477 = STYLED_ITEM ( 'NONE', ( #1868 ), #3639 ) ;
#3478 = SURFACE_SIDE_STYLE ('',( #6423 ) ) ;
#3479 = MECHANICAL_DESIGN_GEOMETRIC_PRESENTATION_REPRESENTATION (  '', ( #2393 ), #3856 ) ;
#3480 = CARTESIAN_POINT ( 'NONE',  ( -0.3410933151353004500, 0.0000000000000000000, 2.287777753867636000 ) ) ;
#3481 = VERTEX_POINT ( 'NONE', #2110 ) ;
#3482 = FACE_OUTER_BOUND ( 'NONE', #574, .T. ) ;
#3483 = DIRECTION ( 'NONE',  ( 1.000000000000000000, 0.0000000000000000000, 0.0000000000000000000 ) ) ;
#3484 = CARTESIAN_POINT ( 'NONE',  ( 13.50000000000000200, -2.500000000000000000, -5.000000000000000900 ) ) ;
#3485 = EDGE_LOOP ( 'NONE', ( #692, #1358, #403, #6331 ) ) ;
#3486 = EDGE_LOOP ( 'NONE', ( #6023, #5084, #2352, #1710 ) ) ;
#3487 = EDGE_LOOP ( 'NONE', ( #2494, #5487, #1685, #2650, #3095, #2143 ) ) ;
#3488 =( LENGTH_UNIT ( ) NAMED_UNIT ( * ) SI_UNIT ( .MILLI., .METRE. ) );
#3489 = LINE ( 'NONE', #6074, #3325 ) ;
#3490 = EDGE_CURVE ( 'NONE', #908, #3870, #1121, .T. ) ;
#3491 = SURFACE_SIDE_STYLE ('',( #1390 ) ) ;
#3492 =( NAMED_UNIT ( * ) PLANE_ANGLE_UNIT ( ) SI_UNIT ( $, .RADIAN. ) );
#3493 = CARTESIAN_POINT ( 'NONE',  ( 12.00000000000008000, 1.500000000000000000, -3.999999999999998200 ) ) ;
#3494 = EDGE_CURVE ( 'NONE', #2506, #2794, #6669, .T. ) ;
#3495 = FILL_AREA_STYLE ('',( #1873 ) ) ;
#3496 = ORIENTED_EDGE ( 'NONE', *, *, #5876, .T. ) ;
#3497 = FACE_OUTER_BOUND ( 'NONE', #4490, .T. ) ;
#3498 = VECTOR ( 'NONE', #6988, 1000.000000000000000 ) ;
#3499 = STYLED_ITEM ( 'NONE', ( #4487 ), #5846 ) ;
#3500 = DIRECTION ( 'NONE',  ( 0.8498136422762461200, 0.0000000000000000000, -0.5270832698930789700 ) ) ;
#3501 =( NAMED_UNIT ( * ) PLANE_ANGLE_UNIT ( ) SI_UNIT ( $, .RADIAN. ) );
#3502 = MECHANICAL_DESIGN_GEOMETRIC_PRESENTATION_REPRESENTATION (  '', ( #2415 ), #3881 ) ;
#3503 = UNCERTAINTY_MEASURE_WITH_UNIT (LENGTH_MEASURE( 1.000000000000000100E-005 ), #2867, 'distance_accuracy_value', 'NONE');
#3504 = DIRECTION ( 'NONE',  ( -4.832099224333222000E-029, 3.469446951953611000E-015, -1.000000000000000000 ) ) ;
#3505 = CARTESIAN_POINT ( 'NONE',  ( 12.00000000000000200, 3.500000000000000000, 3.500000000000000000 ) ) ;
#3506 = CARTESIAN_POINT ( 'NONE',  ( -0.3410933151353004500, 0.05000000000000000300, 0.8403352088708592200 ) ) ;
#3507 = LINE ( 'NONE', #6022, #2073 ) ;
#3508 = ORIENTED_EDGE ( 'NONE', *, *, #2751, .F. ) ;
#3509 =( GEOMETRIC_REPRESENTATION_CONTEXT ( 3 ) GLOBAL_UNCERTAINTY_ASSIGNED_CONTEXT ( ( #1101 ) ) GLOBAL_UNIT_ASSIGNED_CONTEXT ( ( #5744, #2520, #6261 ) ) REPRESENTATION_CONTEXT ( 'NONE', 'WORKASPACE' ) );
#3510 = FILL_AREA_STYLE ('',( #5649 ) ) ;
#3511 = DIRECTION ( 'NONE',  ( 0.0000000000000000000, 0.0000000000000000000, 1.000000000000000000 ) ) ;
#3512 = LINE ( 'NONE', #2507, #2079 ) ;
#3513 = CARTESIAN_POINT ( 'NONE',  ( 12.50000000000000000, 3.500000000000000000, 3.500000000000000000 ) ) ;
#3514 = PLANE ( 'NONE',  #4018 ) ;
#3515 = ORIENTED_EDGE ( 'NONE', *, *, #1157, .F. ) ;
#3516 = ORIENTED_EDGE ( 'NONE', *, *, #4597, .F. ) ;
#3517 = ORIENTED_EDGE ( 'NONE', *, *, #1447, .F. ) ;
#3518 = ORIENTED_EDGE ( 'NONE', *, *, #6274, .T. ) ;
#3519 = DIRECTION ( 'NONE',  ( -5.421010862427522200E-017, 0.0000000000000000000, 1.000000000000000000 ) ) ;
#3520 = UNCERTAINTY_MEASURE_WITH_UNIT (LENGTH_MEASURE( 1.000000000000000100E-005 ), #834, 'distance_accuracy_value', 'NONE');
#3521 = COLOUR_RGB ( '',0.3098039215686274600, 0.6901960784313725400, 1.000000000000000000 ) ;
#3522 = EDGE_CURVE ( 'NONE', #6969, #4573, #2543, .T. ) ;
#3523 = AXIS2_PLACEMENT_3D ( 'NONE', #4757, #1548, #5296 ) ;
#3524 = ORIENTED_EDGE ( 'NONE', *, *, #2958, .F. ) ;
#3525 =( GEOMETRIC_REPRESENTATION_CONTEXT ( 3 ) GLOBAL_UNCERTAINTY_ASSIGNED_CONTEXT ( ( #1745 ) ) GLOBAL_UNIT_ASSIGNED_CONTEXT ( ( #5264, #2043, #5799 ) ) REPRESENTATION_CONTEXT ( 'NONE', 'WORKASPACE' ) );
#3526 =( LENGTH_UNIT ( ) NAMED_UNIT ( * ) SI_UNIT ( .MILLI., .METRE. ) );
#3527 = FILL_AREA_STYLE ('',( #6722 ) ) ;
#3528 = ORIENTED_EDGE ( 'NONE', *, *, #5679, .F. ) ;
#3529 = ORIENTED_EDGE ( 'NONE', *, *, #1915, .T. ) ;
#3530 = DIRECTION ( 'NONE',  ( 0.0000000000000000000, 0.0000000000000000000, 1.000000000000000000 ) ) ;
#3531 =( NAMED_UNIT ( * ) PLANE_ANGLE_UNIT ( ) SI_UNIT ( $, .RADIAN. ) );
#3532 = DIRECTION ( 'NONE',  ( 0.8494962282757259100, -0.0000000000000000000, 0.5275946911648331500 ) ) ;
#3533 = CARTESIAN_POINT ( 'NONE',  ( -0.3410933151353004500, 0.05000000000000000300, 1.887777753867637000 ) ) ;
#3534 = FILL_AREA_STYLE ('',( #4114 ) ) ;
#3535 = VECTOR ( 'NONE', #6517, 1000.000000000000000 ) ;
#3536 = PRESENTATION_LAYER_ASSIGNMENT (  '', '', ( #3167 ) ) ;
#3537 = CARTESIAN_POINT ( 'NONE',  ( 12.00000000000000000, 3.500000000000000000, 4.000000000000000000 ) ) ;
#3538 = EDGE_CURVE ( 'NONE', #1709, #5155, #2373, .T. ) ;
#3539 = DIRECTION ( 'NONE',  ( 1.000000000000000000, 0.0000000000000000000, 1.275531967630005200E-016 ) ) ;
#3540 = EDGE_LOOP ( 'NONE', ( #2008, #3744, #5766, #2540 ) ) ;
#3541 = FILL_AREA_STYLE ('',( #4077 ) ) ;
#3542 = CARTESIAN_POINT ( 'NONE',  ( 0.0000000000000000000, -5.000000000000000000, 0.0000000000000000000 ) ) ;
#3543 = MECHANICAL_DESIGN_GEOMETRIC_PRESENTATION_REPRESENTATION (  '', ( #2827 ), #3924 ) ;
#3544 = DIRECTION ( 'NONE',  ( -0.0000000000000000000, -1.000000000000000000, -0.0000000000000000000 ) ) ;
#3545 = FACE_OUTER_BOUND ( 'NONE', #6109, .T. ) ;
#3546 = EDGE_CURVE ( 'NONE', #3390, #366, #6487, .T. ) ;
#3547 = EDGE_CURVE ( 'NONE', #3625, #249, #3644, .T. ) ;
#3548 = SURFACE_SIDE_STYLE ('',( #4103 ) ) ;
#3549 = FACE_OUTER_BOUND ( 'NONE', #2122, .T. ) ;
#3550 = ORIENTED_EDGE ( 'NONE', *, *, #1372, .F. ) ;
#3551 = EDGE_LOOP ( 'NONE', ( #1333, #5167, #3440, #2937 ) ) ;
#3552 = ORIENTED_EDGE ( 'NONE', *, *, #2308, .F. ) ;
#3553 = VECTOR ( 'NONE', #304, 1000.000000000000100 ) ;
#3554 =( GEOMETRIC_REPRESENTATION_CONTEXT ( 3 ) GLOBAL_UNCERTAINTY_ASSIGNED_CONTEXT ( ( #4624 ) ) GLOBAL_UNIT_ASSIGNED_CONTEXT ( ( #30, #3802, #576 ) ) REPRESENTATION_CONTEXT ( 'NONE', 'WORKASPACE' ) );
#3555 =( NAMED_UNIT ( * ) SI_UNIT ( $, .STERADIAN. ) SOLID_ANGLE_UNIT ( ) );
#3556 = DIRECTION ( 'NONE',  ( -0.0000000000000000000, -1.000000000000000000, -0.0000000000000000000 ) ) ;
#3557 = LINE ( 'NONE', #4678, #4643 ) ;
#3558 = DIRECTION ( 'NONE',  ( 0.0000000000000000000, -0.0000000000000000000, 1.000000000000000000 ) ) ;
#3559 = CIRCLE ( 'NONE', #5882, 0.5000000000000004400 ) ;
#3560 = ORIENTED_EDGE ( 'NONE', *, *, #2773, .T. ) ;
#3561 = VERTEX_POINT ( 'NONE', #1113 ) ;
#3562 = CARTESIAN_POINT ( 'NONE',  ( 13.25000000000001400, -5.749999999999947600, -1.499999999999998200 ) ) ;
#3563 = FACE_OUTER_BOUND ( 'NONE', #1382, .T. ) ;
#3564 = CARTESIAN_POINT ( 'NONE',  ( 12.00000000000005300, -4.499999999999992900, -1.499999999999998200 ) ) ;
#3565 = DIRECTION ( 'NONE',  ( -0.0000000000000000000, -1.000000000000000000, -0.0000000000000000000 ) ) ;
#3566 = ORIENTED_EDGE ( 'NONE', *, *, #3932, .T. ) ;
#3567 = VECTOR ( 'NONE', #6774, 1000.000000000000200 ) ;
#3568 = VECTOR ( 'NONE', #6408, 1000.000000000000000 ) ;
#3569 = CARTESIAN_POINT ( 'NONE',  ( 12.00000000000000000, 3.500000000000000000, 4.000000000000000000 ) ) ;
#3570 = DIRECTION ( 'NONE',  ( -0.0000000000000000000, -0.0000000000000000000, -1.000000000000000000 ) ) ;
#3571 = VERTEX_POINT ( 'NONE', #2705 ) ;
#3572 = DIRECTION ( 'NONE',  ( -1.734723475976807100E-016, 0.0000000000000000000, 1.000000000000000000 ) ) ;
#3573 = VECTOR ( 'NONE', #2851, 1000.000000000000000 ) ;
#3574 = VECTOR ( 'NONE', #5199, 1000.000000000000100 ) ;
#3575 = PRESENTATION_STYLE_ASSIGNMENT (( #264 ) ) ;
#3576 = PRESENTATION_LAYER_ASSIGNMENT (  '', '', ( #2859 ) ) ;
#3577 = CARTESIAN_POINT ( 'NONE',  ( -6.970229851527613500, 0.05000000000000000300, 2.287777753867637800 ) ) ;
#3578 = AXIS2_PLACEMENT_3D ( 'NONE', #4673, #1464, #5205 ) ;
#3579 = CARTESIAN_POINT ( 'NONE',  ( -6.420229851527615500, 0.05000000000000000300, 1.887777753867637000 ) ) ;
#3580 = MECHANICAL_DESIGN_GEOMETRIC_PRESENTATION_REPRESENTATION (  '', ( #2489 ), #3959 ) ;
#3581 = ORIENTED_EDGE ( 'NONE', *, *, #5171, .F. ) ;
#3582 = CARTESIAN_POINT ( 'NONE',  ( 19.74999999999999600, -5.249999999999949400, -0.9999999999999983300 ) ) ;
#3583 = DIRECTION ( 'NONE',  ( -0.0000000000000000000, -1.000000000000000000, -0.0000000000000000000 ) ) ;
#3584 = VERTEX_POINT ( 'NONE', #570 ) ;
#3585 = PLANE ( 'NONE',  #4590 ) ;
#3586 = ORIENTED_EDGE ( 'NONE', *, *, #4126, .T. ) ;
#3587 = SURFACE_STYLE_FILL_AREA ( #3222 ) ;
#3588 = FACE_OUTER_BOUND ( 'NONE', #15, .T. ) ;
#3589 = ORIENTED_EDGE ( 'NONE', *, *, #6692, .T. ) ;
#3590 = FILL_AREA_STYLE ('',( #4483 ) ) ;
#3591 =( GEOMETRIC_REPRESENTATION_CONTEXT ( 3 ) GLOBAL_UNCERTAINTY_ASSIGNED_CONTEXT ( ( #6296 ) ) GLOBAL_UNIT_ASSIGNED_CONTEXT ( ( #716, #4476, #1270 ) ) REPRESENTATION_CONTEXT ( 'NONE', 'WORKASPACE' ) );
#3592 =( LENGTH_UNIT ( ) NAMED_UNIT ( * ) SI_UNIT ( .MILLI., .METRE. ) );
#3593 = PLANE ( 'NONE',  #3328 ) ;
#3594 = SURFACE_STYLE_FILL_AREA ( #2854 ) ;
#3595 = VERTEX_POINT ( 'NONE', #1654 ) ;
#3596 = ORIENTED_EDGE ( 'NONE', *, *, #2539, .T. ) ;
#3597 = CARTESIAN_POINT ( 'NONE',  ( -3.800000000000002900, 16.00000000000000000, -5.894302951606641200 ) ) ;
#3598 = EDGE_CURVE ( 'NONE', #3770, #5979, #3467, .T. ) ;
#3599 = UNCERTAINTY_MEASURE_WITH_UNIT (LENGTH_MEASURE( 1.000000000000000100E-005 ), #405, 'distance_accuracy_value', 'NONE');
#3600 = LINE ( 'NONE', #3263, #3431 ) ;
#3601 =( NAMED_UNIT ( * ) PLANE_ANGLE_UNIT ( ) SI_UNIT ( $, .RADIAN. ) );
#3602 = COLOUR_RGB ( '',0.8980392156862745400, 0.8980392156862745400, 0.8980392156862745400 ) ;
#3603 = DIRECTION ( 'NONE',  ( 0.0000000000000000000, 0.0000000000000000000, -1.000000000000000000 ) ) ;
#3604 = CARTESIAN_POINT ( 'NONE',  ( 12.00000000000005200, -2.500000000000000000, -0.9999999999999983300 ) ) ;
#3605 = VECTOR ( 'NONE', #1465, 1000.000000000000000 ) ;
#3606 = DIRECTION ( 'NONE',  ( -0.0000000000000000000, 1.000000000000000000, -0.0000000000000000000 ) ) ;
#3607 = ADVANCED_FACE ( 'NONE', ( #4902 ), #5931, .F. ) ;
#3608 = EDGE_LOOP ( 'NONE', ( #1266, #750, #1551, #2128 ) ) ;
#3609 = CARTESIAN_POINT ( 'NONE',  ( -3.800000000000002000, 7.000000000000000900, 8.705697048393359300 ) ) ;
#3610 = DIRECTION ( 'NONE',  ( -0.0000000000000000000, 0.0000000000000000000, 1.000000000000000000 ) ) ;
#3611 = ORIENTED_EDGE ( 'NONE', *, *, #2877, .T. ) ;
#3612 = EDGE_CURVE ( 'NONE', #995, #5533, #3812, .T. ) ;
#3613 = ORIENTED_EDGE ( 'NONE', *, *, #4597, .T. ) ;
#3614 = DIRECTION ( 'NONE',  ( 0.0000000000000000000, 0.0000000000000000000, 1.000000000000000000 ) ) ;
#3615 = EDGE_LOOP ( 'NONE', ( #3357, #699, #5554, #3317 ) ) ;
#3616 = SURFACE_SIDE_STYLE ('',( #6326 ) ) ;
#3617 =( NAMED_UNIT ( * ) PLANE_ANGLE_UNIT ( ) SI_UNIT ( $, .RADIAN. ) );
#3618 = VERTEX_POINT ( 'NONE', #4893 ) ;
#3619 = ORIENTED_EDGE ( 'NONE', *, *, #5714, .F. ) ;
#3620 = VECTOR ( 'NONE', #5645, 1000.000000000000000 ) ;
#3621 = MECHANICAL_DESIGN_GEOMETRIC_PRESENTATION_REPRESENTATION (  '', ( #2527 ), #3991 ) ;
#3622 = PRESENTATION_LAYER_ASSIGNMENT (  '', '', ( #2896 ) ) ;
#3623 =( NAMED_UNIT ( * ) PLANE_ANGLE_UNIT ( ) SI_UNIT ( $, .RADIAN. ) );
#3624 = EDGE_LOOP ( 'NONE', ( #4853, #2296, #1359, #885 ) ) ;
#3625 = VERTEX_POINT ( 'NONE', #1679 ) ;
#3626 = DIRECTION ( 'NONE',  ( -0.0000000000000000000, -1.000000000000000000, -0.0000000000000000000 ) ) ;
#3627 = DIRECTION ( 'NONE',  ( 0.0000000000000000000, 0.0000000000000000000, 1.000000000000000000 ) ) ;
#3628 = DIRECTION ( 'NONE',  ( -0.0000000000000000000, -1.000000000000000000, -0.0000000000000000000 ) ) ;
#3629 = PLANE ( 'NONE',  #4273 ) ;
#3630 = EDGE_CURVE ( 'NONE', #1488, #4219, #4737, .T. ) ;
#3631 = CARTESIAN_POINT ( 'NONE',  ( 12.00000000000005300, -4.499999999999992900, -1.499999999999998200 ) ) ;
#3632 = SURFACE_STYLE_USAGE ( .BOTH. , #6840 ) ;
#3633 = LINE ( 'NONE', #4274, #4889 ) ;
#3634 = SURFACE_STYLE_USAGE ( .BOTH. , #2953 ) ;
#3635 = VECTOR ( 'NONE', #719, 1000.000000000000000 ) ;
#3636 = DIRECTION ( 'NONE',  ( -0.0000000000000000000, -1.000000000000000000, -0.0000000000000000000 ) ) ;
#3637 = VECTOR ( 'NONE', #5864, 1000.000000000000200 ) ;
#3638 = FILL_AREA_STYLE ('',( #2550 ) ) ;
#3639 = ADVANCED_FACE ( 'NONE', ( #6146 ), #2182, .T. ) ;
#3640 = LINE ( 'NONE', #1198, #772 ) ;
#3641 = ORIENTED_EDGE ( 'NONE', *, *, #1876, .F. ) ;
#3642 = ORIENTED_EDGE ( 'NONE', *, *, #4830, .F. ) ;
#3643 = CARTESIAN_POINT ( 'NONE',  ( -3.765765784890264800, 0.05000000000000000300, -4.767752686762338300 ) ) ;
#3644 = LINE ( 'NONE', #3799, #6313 ) ;
#3645 = STYLED_ITEM ( 'NONE', ( #6054 ), #436 ) ;
#3646 =( NAMED_UNIT ( * ) PLANE_ANGLE_UNIT ( ) SI_UNIT ( $, .RADIAN. ) );
#3647 =( NAMED_UNIT ( * ) PLANE_ANGLE_UNIT ( ) SI_UNIT ( $, .RADIAN. ) );
#3648 = VECTOR ( 'NONE', #734, 1000.000000000000000 ) ;
#3649 =( GEOMETRIC_REPRESENTATION_CONTEXT ( 3 ) GLOBAL_UNCERTAINTY_ASSIGNED_CONTEXT ( ( #880 ) ) GLOBAL_UNIT_ASSIGNED_CONTEXT ( ( #820, #4580, #1378 ) ) REPRESENTATION_CONTEXT ( 'NONE', 'WORKASPACE' ) );
#3650 = VERTEX_POINT ( 'NONE', #3873 ) ;
#3651 = DIRECTION ( 'NONE',  ( 1.000000000000000000, 0.0000000000000000000, -1.224646799147353200E-016 ) ) ;
#3652 = VECTOR ( 'NONE', #3980, 1000.000000000000000 ) ;
#3653 = VECTOR ( 'NONE', #2198, 1000.000000000000000 ) ;
#3654 = DIRECTION ( 'NONE',  ( -0.8494962282757259100, 0.0000000000000000000, -0.5275946911648332600 ) ) ;
#3655 = ADVANCED_FACE ( 'NONE', ( #2796 ), #5424, .F. ) ;
#3656 = DIRECTION ( 'NONE',  ( 0.0000000000000000000, 0.0000000000000000000, 1.000000000000000000 ) ) ;
#3657 = CARTESIAN_POINT ( 'NONE',  ( -5.651917560564885300, 0.05000000000000000300, 1.859030876677710600 ) ) ;
#3658 = ORIENTED_EDGE ( 'NONE', *, *, #2658, .T. ) ;
#3659 = VECTOR ( 'NONE', #6165, 1000.000000000000000 ) ;
#3660 = EDGE_LOOP ( 'NONE', ( #2092, #1292 ) ) ;
#3661 = ORIENTED_EDGE ( 'NONE', *, *, #6843, .T. ) ;
#3662 = AXIS2_PLACEMENT_3D ( 'NONE', #5064, #250, #4021 ) ;
#3663 = ORIENTED_EDGE ( 'NONE', *, *, #893, .T. ) ;
#3664 = CARTESIAN_POINT ( 'NONE',  ( 12.00000000000005300, 3.500000000000000000, -1.499999999999998200 ) ) ;
#3665 = CARTESIAN_POINT ( 'NONE',  ( 12.00000000000007800, -4.499999999999992900, -3.499999999999997800 ) ) ;
#3666 = VECTOR ( 'NONE', #5883, 1000.000000000000000 ) ;
#3667 = VECTOR ( 'NONE', #6630, 1000.000000000000000 ) ;
#3668 = CARTESIAN_POINT ( 'NONE',  ( 12.00000000000000000, -2.500000000000000000, 4.000000000000000000 ) ) ;
#3669 = ADVANCED_FACE ( 'NONE', ( #6916 ), #4944, .F. ) ;
#3670 =( GEOMETRIC_REPRESENTATION_CONTEXT ( 3 ) GLOBAL_UNCERTAINTY_ASSIGNED_CONTEXT ( ( #3161 ) ) GLOBAL_UNIT_ASSIGNED_CONTEXT ( ( #3011, #6767, #3555 ) ) REPRESENTATION_CONTEXT ( 'NONE', 'WORKASPACE' ) );
#3671 = DIRECTION ( 'NONE',  ( 0.0000000000000000000, 0.0000000000000000000, 1.000000000000000000 ) ) ;
#3672 = CARTESIAN_POINT ( 'NONE',  ( -6.970229851527613500, 0.05000000000000000300, 1.887535927521142500 ) ) ;
#3673 = CARTESIAN_POINT ( 'NONE',  ( -13.49999999999999800, 0.0000000000000000000, 7.500000000000005300 ) ) ;
#3674 = ORIENTED_EDGE ( 'NONE', *, *, #92, .T. ) ;
#3675 = LINE ( 'NONE', #5782, #6347 ) ;
#3676 = CARTESIAN_POINT ( 'NONE',  ( -0.7410933151353015200, 0.0000000000000000000, 2.287777753867636000 ) ) ;
#3677 = ADVANCED_FACE ( 'NONE', ( #3727 ), #5599, .F. ) ;
#3678 = EDGE_CURVE ( 'NONE', #5455, #3757, #2790, .T. ) ;
#3679 = DIRECTION ( 'NONE',  ( -0.8494962282757259100, 0.0000000000000000000, 0.5275946911648331500 ) ) ;
#3680 = PLANE ( 'NONE',  #5335 ) ;
#3681 = FILL_AREA_STYLE_COLOUR ( '', #4564 ) ;
#3682 = PRESENTATION_STYLE_ASSIGNMENT (( #6711 ) ) ;
#3683 = PRESENTATION_LAYER_ASSIGNMENT (  '', '', ( #2954 ) ) ;
#3684 = LINE ( 'NONE', #6067, #4947 ) ;
#3685 = CARTESIAN_POINT ( 'NONE',  ( 12.00000000000005200, -4.499999999999992900, -0.9999999999999983300 ) ) ;
#3686 = UNCERTAINTY_MEASURE_WITH_UNIT (LENGTH_MEASURE( 1.000000000000000100E-005 ), #2453, 'distance_accuracy_value', 'NONE');
#3687 = VECTOR ( 'NONE', #4285, 1000.000000000000000 ) ;
#3688 = EDGE_CURVE ( 'NONE', #2049, #4966, #4239, .T. ) ;
#3689 = VECTOR ( 'NONE', #5728, 1000.000000000000000 ) ;
#3690 = EDGE_CURVE ( 'NONE', #3262, #2254, #6905, .T. ) ;
#3691 = FACE_OUTER_BOUND ( 'NONE', #4869, .T. ) ;
#3692 =( LENGTH_UNIT ( ) NAMED_UNIT ( * ) SI_UNIT ( .MILLI., .METRE. ) );
#3693 = EDGE_CURVE ( 'NONE', #1487, #660, #6736, .T. ) ;
#3694 = PRESENTATION_LAYER_ASSIGNMENT (  '', '', ( #2966 ) ) ;
#3695 = EDGE_LOOP ( 'NONE', ( #1401, #4955, #6033, #6226 ) ) ;
#3696 = ORIENTED_EDGE ( 'NONE', *, *, #5839, .T. ) ;
#3697 = ORIENTED_EDGE ( 'NONE', *, *, #6179, .F. ) ;
#3698 = LINE ( 'NONE', #6002, #5120 ) ;
#3699 = DIRECTION ( 'NONE',  ( 0.0000000000000000000, 0.0000000000000000000, 1.000000000000000000 ) ) ;
#3700 = ORIENTED_EDGE ( 'NONE', *, *, #4106, .T. ) ;
#3701 = VERTEX_POINT ( 'NONE', #5104 ) ;
#3702 = ORIENTED_EDGE ( 'NONE', *, *, #435, .F. ) ;
#3703 = PRESENTATION_STYLE_ASSIGNMENT (( #4679 ) ) ;
#3704 = DIRECTION ( 'NONE',  ( 0.0000000000000000000, 0.0000000000000000000, 1.000000000000000000 ) ) ;
#3705 = DIRECTION ( 'NONE',  ( -0.0000000000000000000, 0.0000000000000000000, 1.000000000000000000 ) ) ;
#3706 = ADVANCED_FACE ( 'NONE', ( #1204 ), #265, .F. ) ;
#3707 = DIRECTION ( 'NONE',  ( 0.0000000000000000000, 0.0000000000000000000, 1.000000000000000000 ) ) ;
#3708 = PRESENTATION_LAYER_ASSIGNMENT (  '', '', ( #2255 ) ) ;
#3709 = CARTESIAN_POINT ( 'NONE',  ( -6.010527126408819100, 0.05000000000000000300, -5.512829155905854400 ) ) ;
#3710 = ADVANCED_FACE ( 'NONE', ( #6315 ), #5644, .F. ) ;
#3711 =( GEOMETRIC_REPRESENTATION_CONTEXT ( 3 ) GLOBAL_UNCERTAINTY_ASSIGNED_CONTEXT ( ( #2250 ) ) GLOBAL_UNIT_ASSIGNED_CONTEXT ( ( #5970, #4451, #4990 ) ) REPRESENTATION_CONTEXT ( 'NONE', 'WORKASPACE' ) );
#3712 = AXIS2_PLACEMENT_3D ( 'NONE', #776, #4536, #1339 ) ;
#3713 = MECHANICAL_DESIGN_GEOMETRIC_PRESENTATION_REPRESENTATION (  '', ( #2989 ), #4086 ) ;
#3714 = ORIENTED_EDGE ( 'NONE', *, *, #2606, .T. ) ;
#3715 = CARTESIAN_POINT ( 'NONE',  ( 12.00000000000007800, 1.500000000000000000, -3.499999999999997800 ) ) ;
#3716 = PRODUCT ( 'Датчик газа MQ6 (пропан, бутан)', 'Датчик газа MQ6 (пропан, бутан)', '', ( #981 ) ) ;
#3717 = VECTOR ( 'NONE', #5464, 1000.000000000000100 ) ;
#3718 = CARTESIAN_POINT ( 'NONE',  ( 3.600000000000000100, -5.000000000000000000, 9.800000000000006000 ) ) ;
#3719 = EDGE_CURVE ( 'NONE', #4746, #1518, #2969, .T. ) ;
#3720 = DIRECTION ( 'NONE',  ( -0.0000000000000000000, -1.000000000000000000, -0.0000000000000000000 ) ) ;
#3721 = LINE ( 'NONE', #3484, #3375 ) ;
#3722 = ORIENTED_EDGE ( 'NONE', *, *, #837, .F. ) ;
#3723 = PRESENTATION_STYLE_ASSIGNMENT (( #5866 ) ) ;
#3724 = ORIENTED_EDGE ( 'NONE', *, *, #5318, .F. ) ;
#3725 = CARTESIAN_POINT ( 'NONE',  ( 0.0000000000000000000, 1.500000000000000000, 0.0000000000000000000 ) ) ;
#3726 = DIRECTION ( 'NONE',  ( -1.000000000000000000, 0.0000000000000000000, 3.154042683594203900E-015 ) ) ;
#3727 = FACE_OUTER_BOUND ( 'NONE', #6231, .T. ) ;
#3728 = LINE ( 'NONE', #4099, #3553 ) ;
#3729 = UNCERTAINTY_MEASURE_WITH_UNIT (LENGTH_MEASURE( 1.000000000000000100E-005 ), #1931, 'distance_accuracy_value', 'NONE');
#3730 = CARTESIAN_POINT ( 'NONE',  ( 0.2089066848647014300, 0.05000000000000000300, 4.825265866064569300 ) ) ;
#3731 = SURFACE_STYLE_USAGE ( .BOTH. , #6948 ) ;
#3732 = COLOUR_RGB ( '',0.8980392156862745400, 0.8980392156862745400, 0.8980392156862745400 ) ;
#3733 = ORIENTED_EDGE ( 'NONE', *, *, #6229, .T. ) ;
#3734 = ORIENTED_EDGE ( 'NONE', *, *, #6731, .T. ) ;
#3735 = VECTOR ( 'NONE', #5310, 1000.000000000000200 ) ;
#3736 = EDGE_CURVE ( 'NONE', #1084, #6015, #4408, .T. ) ;
#3737 = CARTESIAN_POINT ( 'NONE',  ( 13.25000000000001400, -5.749999999999921800, -3.999999999999998200 ) ) ;
#3738 = VERTEX_POINT ( 'NONE', #1930 ) ;
#3739 = FACE_OUTER_BOUND ( 'NONE', #1757, .T. ) ;
#3740 = VECTOR ( 'NONE', #4194, 1000.000000000000000 ) ;
#3741 = COLOUR_RGB ( '',0.8980392156862745400, 0.8980392156862745400, 0.8980392156862745400 ) ;
#3742 = LINE ( 'NONE', #6961, #872 ) ;
#3743 = UNCERTAINTY_MEASURE_WITH_UNIT (LENGTH_MEASURE( 1.000000000000000100E-005 ), #6679, 'distance_accuracy_value', 'NONE');
#3744 = ORIENTED_EDGE ( 'NONE', *, *, #1063, .F. ) ;
#3745 = CARTESIAN_POINT ( 'NONE',  ( 0.2089066848647014300, 0.0000000000000000000, 2.287777753867636000 ) ) ;
#3746 = SURFACE_STYLE_USAGE ( .BOTH. , #6959 ) ;
#3747 = STYLED_ITEM ( 'NONE', ( #6749 ), #2609 ) ;
#3748 = DIRECTION ( 'NONE',  ( 0.0000000000000000000, 0.0000000000000000000, -1.000000000000000000 ) ) ;
#3749 = LINE ( 'NONE', #4992, #6419 ) ;
#3750 = EDGE_CURVE ( 'NONE', #1227, #6775, #108, .T. ) ;
#3751 = FILL_AREA_STYLE_COLOUR ( '', #4829 ) ;
#3752 = COLOUR_RGB ( '',0.007843137254901960700, 0.2392156862745097900, 0.8235294117647058400 ) ;
#3753 = ADVANCED_FACE ( 'NONE', ( #2801 ), #4111, .F. ) ;
#3754 = VECTOR ( 'NONE', #1310, 1000.000000000000000 ) ;
#3755 = SURFACE_SIDE_STYLE ('',( #1628 ) ) ;
#3756 =( NAMED_UNIT ( * ) SI_UNIT ( $, .STERADIAN. ) SOLID_ANGLE_UNIT ( ) );
#3757 = VERTEX_POINT ( 'NONE', #339 ) ;
#3758 = FILL_AREA_STYLE ('',( #2641 ) ) ;
#3759 = EDGE_CURVE ( 'NONE', #276, #830, #4250, .T. ) ;
#3760 = MECHANICAL_DESIGN_GEOMETRIC_PRESENTATION_REPRESENTATION (  '', ( #2667 ), #4127 ) ;
#3761 = AXIS2_PLACEMENT_3D ( 'NONE', #3074, #6831, #3627 ) ;
#3762 = ORIENTED_EDGE ( 'NONE', *, *, #5871, .F. ) ;
#3763 = DIRECTION ( 'NONE',  ( 1.000000000000000000, 0.0000000000000000000, 0.0000000000000000000 ) ) ;
#3764 = ORIENTED_EDGE ( 'NONE', *, *, #5160, .T. ) ;
#3765 = CIRCLE ( 'NONE', #1641, 1.500000000000003100 ) ;
#3766 = FILL_AREA_STYLE_COLOUR ( '', #64 ) ;
#3767 = VERTEX_POINT ( 'NONE', #354 ) ;
#3768 = CARTESIAN_POINT ( 'NONE',  ( -2.995557381772651100, 0.05000000000000000300, -4.767752686762338300 ) ) ;
#3769 = AXIS2_PLACEMENT_3D ( 'NONE', #1635, #5383, #2160 ) ;
#3770 = VERTEX_POINT ( 'NONE', #5717 ) ;
#3771 = SURFACE_STYLE_USAGE ( .BOTH. , #6981 ) ;
#3772 = CARTESIAN_POINT ( 'NONE',  ( 12.00000000000005200, 3.500000000000000000, -0.9999999999999983300 ) ) ;
#3773 = LINE ( 'NONE', #603, #6624 ) ;
#3774 = FILL_AREA_STYLE_COLOUR ( '', #6638 ) ;
#3775 = DIRECTION ( 'NONE',  ( -0.0000000000000000000, -0.0000000000000000000, -1.000000000000000000 ) ) ;
#3776 = FILL_AREA_STYLE ('',( #4848 ) ) ;
#3777 = SURFACE_STYLE_USAGE ( .BOTH. , #6986 ) ;
#3778 = CARTESIAN_POINT ( 'NONE',  ( 12.00000000000007800, -2.500000000000000000, -3.499999999999997800 ) ) ;
#3779 =( GEOMETRIC_REPRESENTATION_CONTEXT ( 3 ) GLOBAL_UNCERTAINTY_ASSIGNED_CONTEXT ( ( #5796 ) ) GLOBAL_UNIT_ASSIGNED_CONTEXT ( ( #6304, #3099, #6861 ) ) REPRESENTATION_CONTEXT ( 'NONE', 'WORKASPACE' ) );
#3780 = ORIENTED_EDGE ( 'NONE', *, *, #4201, .F. ) ;
#3781 = PRESENTATION_LAYER_ASSIGNMENT (  '', '', ( #3050 ) ) ;
#3782 = DIRECTION ( 'NONE',  ( 0.5270832698930799600, 0.0000000000000000000, -0.8498136422762455600 ) ) ;
#3783 = ORIENTED_EDGE ( 'NONE', *, *, #5190, .F. ) ;
#3784 = ORIENTED_EDGE ( 'NONE', *, *, #218, .F. ) ;
#3785 = EDGE_CURVE ( 'NONE', #202, #5784, #1556, .T. ) ;
#3786 = ADVANCED_FACE ( 'NONE', ( #6746 ), #4653, .F. ) ;
#3787 = EDGE_CURVE ( 'NONE', #6186, #6539, #695, .T. ) ;
#3788 = CARTESIAN_POINT ( 'NONE',  ( 13.25000000000001400, -5.749999999999921800, -3.999999999999998200 ) ) ;
#3789 = PRESENTATION_LAYER_ASSIGNMENT (  '', '', ( #2343 ) ) ;
#3790 = PLANE ( 'NONE',  #2165 ) ;
#3791 = VERTEX_POINT ( 'NONE', #1998 ) ;
#3792 = ORIENTED_EDGE ( 'NONE', *, *, #1408, .F. ) ;
#3793 = DIRECTION ( 'NONE',  ( 0.0000000000000000000, 1.000000000000000000, 0.0000000000000000000 ) ) ;
#3794 = CARTESIAN_POINT ( 'NONE',  ( -0.3410933151353004500, 0.05000000000000000300, 2.287777753867636000 ) ) ;
#3795 = VECTOR ( 'NONE', #1340, 1000.000000000000000 ) ;
#3796 = FILL_AREA_STYLE ('',( #2680 ) ) ;
#3797 = CARTESIAN_POINT ( 'NONE',  ( 3.121012190790982900, 0.05000000000000000300, 0.08134923437046540100 ) ) ;
#3798 = CARTESIAN_POINT ( 'NONE',  ( 3.121012190790982900, 0.05000000000000000300, -3.783294761366649900 ) ) ;
#3799 = CARTESIAN_POINT ( 'NONE',  ( 13.25000000000001400, -5.749999999999974200, 1.000000000000000900 ) ) ;
#3800 = CARTESIAN_POINT ( 'NONE',  ( -3.380661583331455900, 0.05000000000000000300, 7.051637962466203100 ) ) ;
#3801 = COLOUR_RGB ( '',0.1098039215686274500, 0.1098039215686274500, 0.1098039215686274500 ) ;
#3802 =( NAMED_UNIT ( * ) PLANE_ANGLE_UNIT ( ) SI_UNIT ( $, .RADIAN. ) );
#3803 = PRESENTATION_LAYER_ASSIGNMENT (  '', '', ( #4178 ) ) ;
#3804 = EDGE_LOOP ( 'NONE', ( #996, #1923, #35, #1927 ) ) ;
#3805 = DIRECTION ( 'NONE',  ( 0.0000000000000000000, -0.0000000000000000000, 1.000000000000000000 ) ) ;
#3806 = SURFACE_STYLE_USAGE ( .BOTH. , #37 ) ;
#3807 = VECTOR ( 'NONE', #2088, 1000.000000000000000 ) ;
#3808 = EDGE_CURVE ( 'NONE', #5122, #4735, #4815, .T. ) ;
#3809 = CARTESIAN_POINT ( 'NONE',  ( 13.25000000000001400, -5.750000000000001800, 4.000000000000000000 ) ) ;
#3810 = VERTEX_POINT ( 'NONE', #1474 ) ;
#3811 = VERTEX_POINT ( 'NONE', #4180 ) ;
#3812 = LINE ( 'NONE', #595, #614 ) ;
#3813 = SURFACE_STYLE_FILL_AREA ( #4032 ) ;
#3814 = DIRECTION ( 'NONE',  ( 0.0000000000000000000, 0.0000000000000000000, -1.000000000000000000 ) ) ;
#3815 = UNCERTAINTY_MEASURE_WITH_UNIT (LENGTH_MEASURE( 1.000000000000000100E-005 ), #2676, 'distance_accuracy_value', 'NONE');
#3816 =( NAMED_UNIT ( * ) PLANE_ANGLE_UNIT ( ) SI_UNIT ( $, .RADIAN. ) );
#3817 = DIRECTION ( 'NONE',  ( -0.0000000000000000000, -1.000000000000000000, -0.0000000000000000000 ) ) ;
#3818 = ADVANCED_FACE ( 'NONE', ( #6223 ), #399, .F. ) ;
#3819 = FILL_AREA_STYLE ('',( #44 ) ) ;
#3820 = DIRECTION ( 'NONE',  ( 0.0000000000000000000, 0.0000000000000000000, -1.000000000000000000 ) ) ;
#3821 = AXIS2_PLACEMENT_3D ( 'NONE', #317, #4092, #845 ) ;
#3822 = CARTESIAN_POINT ( 'NONE',  ( 12.00000000000000000, 1.500000000000000000, 4.000000000000000000 ) ) ;
#3823 = COLOUR_RGB ( '',0.8980392156862745400, 0.8980392156862745400, 0.8980392156862745400 ) ;
#3824 = VECTOR ( 'NONE', #2833, 1000.000000000000100 ) ;
#3825 = EDGE_LOOP ( 'NONE', ( #184, #6290, #5844, #629 ) ) ;
#3826 = DIRECTION ( 'NONE',  ( -0.0000000000000000000, -1.000000000000000000, -0.0000000000000000000 ) ) ;
#3827 = SURFACE_STYLE_FILL_AREA ( #1825 ) ;
#3828 = ORIENTED_EDGE ( 'NONE', *, *, #5183, .T. ) ;
#3829 = VECTOR ( 'NONE', #6701, 1000.000000000000000 ) ;
#3830 = EDGE_CURVE ( 'NONE', #2562, #1728, #2120, .T. ) ;
#3831 = CARTESIAN_POINT ( 'NONE',  ( 12.50000000000007800, 3.500000000000000000, -3.999999999999998200 ) ) ;
#3832 = VECTOR ( 'NONE', #5269, 1000.000000000000000 ) ;
#3833 = SURFACE_STYLE_FILL_AREA ( #3916 ) ;
#3834 = UNCERTAINTY_MEASURE_WITH_UNIT (LENGTH_MEASURE( 1.000000000000000100E-005 ), #6676, 'distance_accuracy_value', 'NONE');
#3835 = ORIENTED_EDGE ( 'NONE', *, *, #4711, .F. ) ;
#3836 = EDGE_LOOP ( 'NONE', ( #4427, #4700, #484, #624 ) ) ;
#3837 =( NAMED_UNIT ( * ) PLANE_ANGLE_UNIT ( ) SI_UNIT ( $, .RADIAN. ) );
#3838 = EDGE_LOOP ( 'NONE', ( #4767, #3295, #1355, #3700 ) ) ;
#3839 = FILL_AREA_STYLE_COLOUR ( '', #1016 ) ;
#3840 = CARTESIAN_POINT ( 'NONE',  ( -6.970229851527613500, 0.05000000000000000300, 0.8403352088708592200 ) ) ;
#3841 = FACE_OUTER_BOUND ( 'NONE', #661, .T. ) ;
#3842 = SURFACE_SIDE_STYLE ('',( #2478 ) ) ;
#3843 = EDGE_CURVE ( 'NONE', #4769, #5204, #3557, .T. ) ;
#3844 = CARTESIAN_POINT ( 'NONE',  ( 11.00000000000000400, 0.0000000000000000000, -5.000000000000000900 ) ) ;
#3845 = LINE ( 'NONE', #5550, #2395 ) ;
#3846 =( GEOMETRIC_REPRESENTATION_CONTEXT ( 3 ) GLOBAL_UNCERTAINTY_ASSIGNED_CONTEXT ( ( #3743 ) ) GLOBAL_UNIT_ASSIGNED_CONTEXT ( ( #6679, #3453, #241 ) ) REPRESENTATION_CONTEXT ( 'NONE', 'WORKASPACE' ) );
#3847 = DIRECTION ( 'NONE',  ( 1.734723475976807100E-016, 0.0000000000000000000, -1.000000000000000000 ) ) ;
#3848 = DIRECTION ( 'NONE',  ( 0.0000000000000000000, 0.0000000000000000000, 1.000000000000000000 ) ) ;
#3849 = CARTESIAN_POINT ( 'NONE',  ( 13.25000000000000700, -5.249999999999975100, 1.500000000000000900 ) ) ;
#3850 = FILL_AREA_STYLE_COLOUR ( '', #2572 ) ;
#3851 = PLANE ( 'NONE',  #1996 ) ;
#3852 = EDGE_LOOP ( 'NONE', ( #5323, #79, #1056, #1523 ) ) ;
#3853 = DIRECTION ( 'NONE',  ( -1.000000000000000000, 0.0000000000000000000, 0.0000000000000000000 ) ) ;
#3854 =( GEOMETRIC_REPRESENTATION_CONTEXT ( 3 ) GLOBAL_UNCERTAINTY_ASSIGNED_CONTEXT ( ( #277 ) ) GLOBAL_UNIT_ASSIGNED_CONTEXT ( ( #4803, #1037, #4282 ) ) REPRESENTATION_CONTEXT ( 'NONE', 'WORKASPACE' ) );
#3855 = PRESENTATION_LAYER_ASSIGNMENT (  '', '', ( #3477 ) ) ;
#3856 =( GEOMETRIC_REPRESENTATION_CONTEXT ( 3 ) GLOBAL_UNCERTAINTY_ASSIGNED_CONTEXT ( ( #4262 ) ) GLOBAL_UNIT_ASSIGNED_CONTEXT ( ( #5993, #2792, #6550 ) ) REPRESENTATION_CONTEXT ( 'NONE', 'WORKASPACE' ) );
#3857 = ADVANCED_FACE ( 'NONE', ( #6056 ), #4204, .T. ) ;
#3858 = LINE ( 'NONE', #1348, #4029 ) ;
#3859 = LINE ( 'NONE', #6285, #2239 ) ;
#3860 = FILL_AREA_STYLE ('',( #6516 ) ) ;
#3861 = FACE_OUTER_BOUND ( 'NONE', #5401, .T. ) ;
#3862 = DIRECTION ( 'NONE',  ( 1.275531967630005200E-016, 0.0000000000000000000, -1.000000000000000000 ) ) ;
#3863 = DIRECTION ( 'NONE',  ( 1.000000000000000000, -0.0000000000000000000, 0.0000000000000000000 ) ) ;
#3864 = VECTOR ( 'NONE', #1446, 1000.000000000000000 ) ;
#3865 = EDGE_CURVE ( 'NONE', #5204, #2052, #1296, .T. ) ;
#3866 = FILL_AREA_STYLE_COLOUR ( '', #4667 ) ;
#3867 = DIRECTION ( 'NONE',  ( 0.5275946911648332600, -0.0000000000000000000, 0.8494962282757259100 ) ) ;
#3868 = VERTEX_POINT ( 'NONE', #447 ) ;
#3869 = ORIENTED_EDGE ( 'NONE', *, *, #804, .T. ) ;
#3870 = VERTEX_POINT ( 'NONE', #4229 ) ;
#3871 = CARTESIAN_POINT ( 'NONE',  ( 12.00000000000005300, 1.500000000000000000, -1.499999999999998200 ) ) ;
#3872 = VECTOR ( 'NONE', #1697, 1000.000000000000000 ) ;
#3873 = CARTESIAN_POINT ( 'NONE',  ( 13.50000000000000000, 1.500000000000000000, -8.999999999999998200 ) ) ;
#3874 = PLANE ( 'NONE',  #130 ) ;
#3875 = EDGE_CURVE ( 'NONE', #6459, #6097, #5564, .T. ) ;
#3876 = VERTEX_POINT ( 'NONE', #3672 ) ;
#3877 = CARTESIAN_POINT ( 'NONE',  ( 12.00000000000000200, -4.499999999999992900, 3.500000000000000000 ) ) ;
#3878 = VERTEX_POINT ( 'NONE', #1545 ) ;
#3879 = ORIENTED_EDGE ( 'NONE', *, *, #6660, .T. ) ;
#3880 = AXIS2_PLACEMENT_3D ( 'NONE', #3987, #4511, #1306 ) ;
#3881 =( GEOMETRIC_REPRESENTATION_CONTEXT ( 3 ) GLOBAL_UNCERTAINTY_ASSIGNED_CONTEXT ( ( #186 ) ) GLOBAL_UNIT_ASSIGNED_CONTEXT ( ( #2610, #902, #2542 ) ) REPRESENTATION_CONTEXT ( 'NONE', 'WORKASPACE' ) );
#3882 = CARTESIAN_POINT ( 'NONE',  ( -16.00000000000000000, 1.500000000000000000, 10.00000000000000500 ) ) ;
#3883 = CARTESIAN_POINT ( 'NONE',  ( 2.571012190790981300, 0.05000000000000000300, -3.475422238637514600 ) ) ;
#3884 = DIRECTION ( 'NONE',  ( -0.0000000000000000000, 0.0000000000000000000, -1.000000000000000000 ) ) ;
#3885 = DIRECTION ( 'NONE',  ( -1.000000000000000000, 0.0000000000000000000, -0.0000000000000000000 ) ) ;
#3886 =( LENGTH_UNIT ( ) NAMED_UNIT ( * ) SI_UNIT ( .MILLI., .METRE. ) );
#3887 = LINE ( 'NONE', #4884, #2437 ) ;
#3888 = CARTESIAN_POINT ( 'NONE',  ( 13.25000000000001400, -5.750000000000001800, 4.000000000000000000 ) ) ;
#3889 = CARTESIAN_POINT ( 'NONE',  ( 0.2089066848647014300, 0.05000000000000000300, 2.287777753867636000 ) ) ;
#3890 = CARTESIAN_POINT ( 'NONE',  ( 13.25000000000001400, -5.750000000000001800, 4.000000000000000000 ) ) ;
#3891 = EDGE_CURVE ( 'NONE', #4790, #5327, #6823, .T. ) ;
#3892 = DIRECTION ( 'NONE',  ( 0.0000000000000000000, -1.000000000000000000, -3.469446951953614200E-015 ) ) ;
#3893 = CARTESIAN_POINT ( 'NONE',  ( 13.25000000000000200, -4.500000000000000000, -3.999999999999998200 ) ) ;
#3894 = AXIS2_PLACEMENT_3D ( 'NONE', #5804, #6337, #3120 ) ;
#3895 = SURFACE_STYLE_FILL_AREA ( #2414 ) ;
#3896 = DIRECTION ( 'NONE',  ( -0.0000000000000000000, -0.0000000000000000000, 1.000000000000000000 ) ) ;
#3897 = LINE ( 'NONE', #1158, #2283 ) ;
#3898 = DIRECTION ( 'NONE',  ( 1.000000000000000000, 1.392757777031960500E-014, 0.0000000000000000000 ) ) ;
#3899 = DIRECTION ( 'NONE',  ( 0.0000000000000000000, 1.000000000000000000, 0.0000000000000000000 ) ) ;
#3900 = ORIENTED_EDGE ( 'NONE', *, *, #723, .T. ) ;
#3901 = SURFACE_STYLE_FILL_AREA ( #5336 ) ;
#3902 = VERTEX_POINT ( 'NONE', #475 ) ;
#3903 = STYLED_ITEM ( 'NONE', ( #3968 ), #1577 ) ;
#3904 = MECHANICAL_DESIGN_GEOMETRIC_PRESENTATION_REPRESENTATION (  '', ( #3167 ), #4276 ) ;
#3905 = CARTESIAN_POINT ( 'NONE',  ( 19.74999999999999600, -5.250000000000000900, 4.000000000000000000 ) ) ;
#3906 = CARTESIAN_POINT ( 'NONE',  ( 0.0000000000000000000, -2.500000000000000000, 0.0000000000000000000 ) ) ;
#3907 = LINE ( 'NONE', #2944, #5320 ) ;
#3908 = VERTEX_POINT ( 'NONE', #4776 ) ;
#3909 = VERTEX_POINT ( 'NONE', #1573 ) ;
#3910 = FACE_OUTER_BOUND ( 'NONE', #3487, .T. ) ;
#3911 = CARTESIAN_POINT ( 'NONE',  ( -3.800000000000002000, 15.50000000000000000, 5.894302951606641200 ) ) ;
#3912 = UNCERTAINTY_MEASURE_WITH_UNIT (LENGTH_MEASURE( 1.000000000000000100E-005 ), #6107, 'distance_accuracy_value', 'NONE');
#3913 = DIRECTION ( 'NONE',  ( 3.469446951953614200E-015, 0.0000000000000000000, -1.000000000000000000 ) ) ;
#3914 = EDGE_CURVE ( 'NONE', #3933, #1682, #5228, .T. ) ;
#3915 = ORIENTED_EDGE ( 'NONE', *, *, #81, .F. ) ;
#3916 = FILL_AREA_STYLE ('',( #6574 ) ) ;
#3917 = VECTOR ( 'NONE', #3511, 1000.000000000000000 ) ;
#3918 = FILL_AREA_STYLE_COLOUR ( '', #5357 ) ;
#3919 = SURFACE_STYLE_FILL_AREA ( #5277 ) ;
#3920 = DIRECTION ( 'NONE',  ( 0.8494962282757269100, 0.0000000000000000000, -0.5275946911648317100 ) ) ;
#3921 = FACE_OUTER_BOUND ( 'NONE', #1269, .T. ) ;
#3922 = VECTOR ( 'NONE', #4780, 1000.000000000000000 ) ;
#3923 = DIRECTION ( 'NONE',  ( -0.5270832698930796300, -0.0000000000000000000, 0.8498136422762456700 ) ) ;
#3924 =( GEOMETRIC_REPRESENTATION_CONTEXT ( 3 ) GLOBAL_UNCERTAINTY_ASSIGNED_CONTEXT ( ( #6180 ) ) GLOBAL_UNIT_ASSIGNED_CONTEXT ( ( #4383, #1160, #4913 ) ) REPRESENTATION_CONTEXT ( 'NONE', 'WORKASPACE' ) );
#3925 = ORIENTED_EDGE ( 'NONE', *, *, #4830, .T. ) ;
#3926 = ORIENTED_EDGE ( 'NONE', *, *, #2696, .F. ) ;
#3927 = CARTESIAN_POINT ( 'NONE',  ( 13.25000000000000200, -4.500000000000000000, 0.0000000000000000000 ) ) ;
#3928 = COLOUR_RGB ( '',0.007843137254901960700, 0.2392156862745097900, 0.8235294117647058400 ) ;
#3929 = VECTOR ( 'NONE', #1671, 1000.000000000000000 ) ;
#3930 = EDGE_CURVE ( 'NONE', #3870, #3701, #1118, .T. ) ;
#3931 = UNCERTAINTY_MEASURE_WITH_UNIT (LENGTH_MEASURE( 1.000000000000000100E-005 ), #5292, 'distance_accuracy_value', 'NONE');
#3932 = EDGE_CURVE ( 'NONE', #4865, #1526, #6665, .T. ) ;
#3933 = VERTEX_POINT ( 'NONE', #3715 ) ;
#3934 = DIRECTION ( 'NONE',  ( 0.0000000000000000000, 0.0000000000000000000, 1.000000000000000000 ) ) ;
#3935 = DIRECTION ( 'NONE',  ( 0.0000000000000000000, 0.0000000000000000000, -1.000000000000000000 ) ) ;
#3936 = FACE_OUTER_BOUND ( 'NONE', #33, .T. ) ;
#3937 = ORIENTED_EDGE ( 'NONE', *, *, #1662, .T. ) ;
#3938 = CARTESIAN_POINT ( 'NONE',  ( 12.00000000000000200, 1.500000000000000000, 3.500000000000000000 ) ) ;
#3939 = ORIENTED_EDGE ( 'NONE', *, *, #6604, .F. ) ;
#3940 = FACE_OUTER_BOUND ( 'NONE', #2215, .T. ) ;
#3941 = DIRECTION ( 'NONE',  ( 1.000000000000000000, 0.0000000000000000000, 0.0000000000000000000 ) ) ;
#3942 = CARTESIAN_POINT ( 'NONE',  ( -3.800000000000002900, 6.896994759475080400, -8.216422155899984100 ) ) ;
#3943 = DIRECTION ( 'NONE',  ( 1.392757777031960500E-014, -1.000000000000000000, -0.0000000000000000000 ) ) ;
#3944 = CARTESIAN_POINT ( 'NONE',  ( -3.800000000000002900, 15.50000000000000000, 0.0000000000000000000 ) ) ;
#3945 = AXIS2_PLACEMENT_3D ( 'NONE', #3093, #3671, #445 ) ;
#3946 = CARTESIAN_POINT ( 'NONE',  ( -1.109405606098030200, 0.05000000000000000300, 1.859030876677710600 ) ) ;
#3947 = VECTOR ( 'NONE', #1890, 1000.000000000000200 ) ;
#3948 = SURFACE_STYLE_USAGE ( .BOTH. , #170 ) ;
#3949 = VECTOR ( 'NONE', #165, 1000.000000000000200 ) ;
#3950 = FILL_AREA_STYLE_COLOUR ( '', #3248 ) ;
#3951 = ORIENTED_EDGE ( 'NONE', *, *, #1939, .T. ) ;
#3952 = CARTESIAN_POINT ( 'NONE',  ( 12.00000000000002800, 1.500000000000000000, 1.000000000000000900 ) ) ;
#3953 = SURFACE_STYLE_USAGE ( .BOTH. , #173 ) ;
#3954 = SURFACE_STYLE_FILL_AREA ( #6352 ) ;
#3955 = MECHANICAL_DESIGN_GEOMETRIC_PRESENTATION_REPRESENTATION (  '', ( #2859 ), #4305 ) ;
#3956 =( NAMED_UNIT ( * ) SI_UNIT ( $, .STERADIAN. ) SOLID_ANGLE_UNIT ( ) );
#3957 = PRESENTATION_LAYER_ASSIGNMENT (  '', '', ( #3205 ) ) ;
#3958 = ORIENTED_EDGE ( 'NONE', *, *, #6562, .F. ) ;
#3959 =( GEOMETRIC_REPRESENTATION_CONTEXT ( 3 ) GLOBAL_UNCERTAINTY_ASSIGNED_CONTEXT ( ( #293 ) ) GLOBAL_UNIT_ASSIGNED_CONTEXT ( ( #1941, #5711, #2484 ) ) REPRESENTATION_CONTEXT ( 'NONE', 'WORKASPACE' ) );
#3960 = UNCERTAINTY_MEASURE_WITH_UNIT (LENGTH_MEASURE( 1.000000000000000100E-005 ), #4144, 'distance_accuracy_value', 'NONE');
#3961 = ORIENTED_EDGE ( 'NONE', *, *, #2773, .F. ) ;
#3962 = CARTESIAN_POINT ( 'NONE',  ( -6.970229851527613500, 0.0000000000000000000, 0.8403352088708592200 ) ) ;
#3963 = PLANE ( 'NONE',  #2057 ) ;
#3964 = EDGE_LOOP ( 'NONE', ( #4, #6641, #2044, #1911 ) ) ;
#3965 = ORIENTED_EDGE ( 'NONE', *, *, #256, .T. ) ;
#3966 = EDGE_LOOP ( 'NONE', ( #3235, #3702, #4647, #4359 ) ) ;
#3967 = CARTESIAN_POINT ( 'NONE',  ( 0.0000000000000000000, 0.0000000000000000000, 0.0000000000000000000 ) ) ;
#3968 = PRESENTATION_STYLE_ASSIGNMENT (( #4847 ) ) ;
#3969 = CARTESIAN_POINT ( 'NONE',  ( -0.3410933151353004500, 0.05000000000000000300, 4.519193818477629200 ) ) ;
#3970 = SURFACE_SIDE_STYLE ('',( #2134 ) ) ;
#3971 = ORIENTED_EDGE ( 'NONE', *, *, #3719, .T. ) ;
#3972 = LINE ( 'NONE', #1777, #2517 ) ;
#3973 = CARTESIAN_POINT ( 'NONE',  ( 12.00000000000002700, 1.500000000000000000, 1.500000000000000900 ) ) ;
#3974 =( NAMED_UNIT ( * ) SI_UNIT ( $, .STERADIAN. ) SOLID_ANGLE_UNIT ( ) );
#3975 = PLANE ( 'NONE',  #6495 ) ;
#3976 = EDGE_CURVE ( 'NONE', #1084, #1709, #5392, .T. ) ;
#3977 = CARTESIAN_POINT ( 'NONE',  ( 12.00000000000007800, -4.499999999999992900, -3.499999999999997800 ) ) ;
#3978 = CARTESIAN_POINT ( 'NONE',  ( -2.705661583331457500, 0.0000000000000000000, -3.481134468123456800 ) ) ;
#3979 = SURFACE_STYLE_FILL_AREA ( #5540 ) ;
#3980 = DIRECTION ( 'NONE',  ( -0.0000000000000000000, -1.000000000000000000, -0.0000000000000000000 ) ) ;
#3981 =( NAMED_UNIT ( * ) SI_UNIT ( $, .STERADIAN. ) SOLID_ANGLE_UNIT ( ) );
#3982 =( LENGTH_UNIT ( ) NAMED_UNIT ( * ) SI_UNIT ( .MILLI., .METRE. ) );
#3983 = EDGE_CURVE ( 'NONE', #1583, #5025, #936, .T. ) ;
#3984 = CARTESIAN_POINT ( 'NONE',  ( -9.332335357453892800, 0.05000000000000000300, -0.2247228132164734400 ) ) ;
#3985 = ORIENTED_EDGE ( 'NONE', *, *, #2803, .F. ) ;
#3986 = ADVANCED_FACE ( 'NONE', ( #2368 ), #6402, .F. ) ;
#3987 = CARTESIAN_POINT ( 'NONE',  ( -3.655661583331457200, 0.05000000000000000300, -0.4766489202095020000 ) ) ;
#3988 = CARTESIAN_POINT ( 'NONE',  ( -6.420229851527615500, 0.0000000000000000000, 1.887777753867637000 ) ) ;
#3989 = VECTOR ( 'NONE', #1009, 1000.000000000000000 ) ;
#3990 = STYLED_ITEM ( 'NONE', ( #6206 ), #107 ) ;
#3991 =( GEOMETRIC_REPRESENTATION_CONTEXT ( 3 ) GLOBAL_UNCERTAINTY_ASSIGNED_CONTEXT ( ( #3912 ) ) GLOBAL_UNIT_ASSIGNED_CONTEXT ( ( #6107, #2908, #6666 ) ) REPRESENTATION_CONTEXT ( 'NONE', 'WORKASPACE' ) );
#3992 = FILL_AREA_STYLE_COLOUR ( '', #4271 ) ;
#3993 = PRESENTATION_STYLE_ASSIGNMENT (( #4680 ) ) ;
#3994 = MECHANICAL_DESIGN_GEOMETRIC_PRESENTATION_REPRESENTATION (  '', ( #2896 ), #4346 ) ;
#3995 = ORIENTED_EDGE ( 'NONE', *, *, #5961, .T. ) ;
#3996 = ORIENTED_EDGE ( 'NONE', *, *, #4688, .F. ) ;
#3997 = VECTOR ( 'NONE', #1090, 1000.000000000000000 ) ;
#3998 = COLOUR_RGB ( '',0.7921568627450980000, 0.8196078431372548800, 0.9333333333333333500 ) ;
#3999 = DIRECTION ( 'NONE',  ( 1.000000000000000000, 1.392757777031960500E-014, 0.0000000000000000000 ) ) ;
#4000 = DIRECTION ( 'NONE',  ( -2.551063935260010500E-016, 0.0000000000000000000, -1.000000000000000000 ) ) ;
#4001 = ORIENTED_EDGE ( 'NONE', *, *, #6343, .T. ) ;
#4002 = FACE_OUTER_BOUND ( 'NONE', #1799, .T. ) ;
#4003 = VECTOR ( 'NONE', #3544, 1000.000000000000000 ) ;
#4004 = STYLED_ITEM ( 'NONE', ( #5094 ), #6838 ) ;
#4005 = EDGE_CURVE ( 'NONE', #519, #5025, #3118, .T. ) ;
#4006 = DIRECTION ( 'NONE',  ( 0.0000000000000000000, 0.0000000000000000000, -1.000000000000000000 ) ) ;
#4007 = CARTESIAN_POINT ( 'NONE',  ( -3.105661583331458700, 0.0000000000000000000, -0.4766489202095020000 ) ) ;
#4008 = VECTOR ( 'NONE', #6678, 1000.000000000000000 ) ;
#4009 = COLOUR_RGB ( '',0.8980392156862745400, 0.8980392156862745400, 0.8980392156862745400 ) ;
#4010 = VECTOR ( 'NONE', #6305, 1000.000000000000000 ) ;
#4011 = VECTOR ( 'NONE', #1210, 1000.000000000000000 ) ;
#4012 = VERTEX_POINT ( 'NONE', #3212 ) ;
#4013 = ORIENTED_EDGE ( 'NONE', *, *, #6864, .F. ) ;
#4014 = ORIENTED_EDGE ( 'NONE', *, *, #6189, .T. ) ;
#4015 = STYLED_ITEM ( 'NONE', ( #6154 ), #5664 ) ;
#4016 = LINE ( 'NONE', #3073, #1324 ) ;
#4017 = CARTESIAN_POINT ( 'NONE',  ( 16.00000000000000000, 1.500000000000000000, 10.00000000000000200 ) ) ;
#4018 = AXIS2_PLACEMENT_3D ( 'NONE', #325, #3539, #852 ) ;
#4019 = VECTOR ( 'NONE', #1144, 1000.000000000000000 ) ;
#4020 = SURFACE_STYLE_USAGE ( .BOTH. , #248 ) ;
#4021 = DIRECTION ( 'NONE',  ( -0.8494962282757254600, 0.0000000000000000000, -0.5275946911648340400 ) ) ;
#4022 = ADVANCED_FACE ( 'NONE', ( #5811 ), #6979, .F. ) ;
#4023 = FILL_AREA_STYLE_COLOUR ( '', #5107 ) ;
#4024 = EDGE_LOOP ( 'NONE', ( #2214, #3160, #4570, #5888 ) ) ;
#4025 = FILL_AREA_STYLE ('',( #1325 ) ) ;
#4026 = VERTEX_POINT ( 'NONE', #2652 ) ;
#4027 = FACE_OUTER_BOUND ( 'NONE', #6370, .T. ) ;
#4028 = DIRECTION ( 'NONE',  ( 1.000000000000000000, 0.0000000000000000000, 0.0000000000000000000 ) ) ;
#4029 = VECTOR ( 'NONE', #2929, 1000.000000000000000 ) ;
#4030 = LINE ( 'NONE', #4260, #2585 ) ;
#4031 = AXIS2_PLACEMENT_3D ( 'NONE', #1909, #5672, #2441 ) ;
#4032 = FILL_AREA_STYLE ('',( #3473 ) ) ;
#4033 = DIRECTION ( 'NONE',  ( -0.8883292641862271500, 0.0000000000000000000, 0.4592070539422887200 ) ) ;
#4034 = LINE ( 'NONE', #5854, #3687 ) ;
#4035 =( LENGTH_UNIT ( ) NAMED_UNIT ( * ) SI_UNIT ( .MILLI., .METRE. ) );
#4036 = DIRECTION ( 'NONE',  ( -0.0000000000000000000, -0.0000000000000000000, -1.000000000000000000 ) ) ;
#4037 = UNCERTAINTY_MEASURE_WITH_UNIT (LENGTH_MEASURE( 1.000000000000000100E-005 ), #6857, 'distance_accuracy_value', 'NONE');
#4038 = ORIENTED_EDGE ( 'NONE', *, *, #5620, .F. ) ;
#4039 = CARTESIAN_POINT ( 'NONE',  ( -6.420229851527615500, 0.0000000000000000000, 1.240335208870860100 ) ) ;
#4040 = VERTEX_POINT ( 'NONE', #5378 ) ;
#4041 = CARTESIAN_POINT ( 'NONE',  ( 12.00000000000002800, -2.500000000000000000, 1.000000000000000900 ) ) ;
#4042 = ORIENTED_EDGE ( 'NONE', *, *, #2834, .T. ) ;
#4043 = LINE ( 'NONE', #3288, #2596 ) ;
#4044 = STYLED_ITEM ( 'NONE', ( #4681 ), #6372 ) ;
#4045 = ORIENTED_EDGE ( 'NONE', *, *, #5525, .F. ) ;
#4046 =( NAMED_UNIT ( * ) SI_UNIT ( $, .STERADIAN. ) SOLID_ANGLE_UNIT ( ) );
#4047 = EDGE_LOOP ( 'NONE', ( #5968, #1879, #4525, #3297 ) ) ;
#4048 = ORIENTED_EDGE ( 'NONE', *, *, #5463, .T. ) ;
#4049 = EDGE_CURVE ( 'NONE', #995, #3908, #2957, .T. ) ;
#4050 = VECTOR ( 'NONE', #3565, 1000.000000000000000 ) ;
#4051 =( LENGTH_UNIT ( ) NAMED_UNIT ( * ) SI_UNIT ( .MILLI., .METRE. ) );
#4052 = CARTESIAN_POINT ( 'NONE',  ( 0.2089066848647014300, 0.05000000000000000300, 1.887535927521140700 ) ) ;
#4053 = DIRECTION ( 'NONE',  ( -1.000000000000000000, -0.0000000000000000000, -0.0000000000000000000 ) ) ;
#4054 = UNCERTAINTY_MEASURE_WITH_UNIT (LENGTH_MEASURE( 1.000000000000000100E-005 ), #3488, 'distance_accuracy_value', 'NONE');
#4055 = MECHANICAL_DESIGN_GEOMETRIC_PRESENTATION_REPRESENTATION (  '', ( #2954 ), #4411 ) ;
#4056 = PLANE ( 'NONE',  #2861 ) ;
#4057 = SURFACE_STYLE_USAGE ( .BOTH. , #286 ) ;
#4058 = EDGE_CURVE ( 'NONE', #1059, #6428, #4397, .T. ) ;
#4059 = ADVANCED_FACE ( 'NONE', ( #4241 ), #9, .F. ) ;
#4060 = EDGE_CURVE ( 'NONE', #630, #1682, #2791, .T. ) ;
#4061 = EDGE_CURVE ( 'NONE', #2007, #2763, #1702, .T. ) ;
#4062 = FACE_OUTER_BOUND ( 'NONE', #6026, .T. ) ;
#4063 = MECHANICAL_DESIGN_GEOMETRIC_PRESENTATION_REPRESENTATION (  '', ( #2966 ), #4423 ) ;
#4064 = PLANE ( 'NONE',  #2581 ) ;
#4065 = DIRECTION ( 'NONE',  ( 1.000000000000000000, 0.0000000000000000000, -0.0000000000000000000 ) ) ;
#4066 = CARTESIAN_POINT ( 'NONE',  ( -16.00000000000000000, 0.0000000000000000000, -10.00000000000000000 ) ) ;
#4067 = VECTOR ( 'NONE', #4412, 1000.000000000000000 ) ;
#4068 = SURFACE_STYLE_USAGE ( .BOTH. , #299 ) ;
#4069 = COLOUR_RGB ( '',0.3098039215686274600, 0.6901960784313725400, 1.000000000000000000 ) ;
#4070 = CARTESIAN_POINT ( 'NONE',  ( -6.970229851527613500, 0.05000000000000000300, -1.670990180068217900 ) ) ;
#4071 = LINE ( 'NONE', #40, #5476 ) ;
#4072 = CARTESIAN_POINT ( 'NONE',  ( -13.49999999999999800, 0.0000000000000000000, -5.999999999999992900 ) ) ;
#4073 = CARTESIAN_POINT ( 'NONE',  ( 12.00000000000008000, -2.500000000000000000, -3.999999999999998200 ) ) ;
#4074 = VERTEX_POINT ( 'NONE', #1648 ) ;
#4075 = ORIENTED_EDGE ( 'NONE', *, *, #6785, .F. ) ;
#4076 = MECHANICAL_DESIGN_GEOMETRIC_PRESENTATION_REPRESENTATION (  '', ( #2255 ), #4436 ) ;
#4077 = FILL_AREA_STYLE_COLOUR ( '', #3229 ) ;
#4078 = VECTOR ( 'NONE', #6790, 1000.000000000000000 ) ;
#4079 = SURFACE_STYLE_FILL_AREA ( #2098 ) ;
#4080 = ORIENTED_EDGE ( 'NONE', *, *, #5396, .T. ) ;
#4081 = ORIENTED_EDGE ( 'NONE', *, *, #5884, .F. ) ;
#4082 =( NAMED_UNIT ( * ) SI_UNIT ( $, .STERADIAN. ) SOLID_ANGLE_UNIT ( ) );
#4083 = VECTOR ( 'NONE', #3920, 1000.000000000000100 ) ;
#4084 = SURFACE_STYLE_USAGE ( .BOTH. , #310 ) ;
#4085 = PRESENTATION_LAYER_ASSIGNMENT (  '', '', ( #3347 ) ) ;
#4086 =( GEOMETRIC_REPRESENTATION_CONTEXT ( 3 ) GLOBAL_UNCERTAINTY_ASSIGNED_CONTEXT ( ( #53 ) ) GLOBAL_UNIT_ASSIGNED_CONTEXT ( ( #5658, #2430, #6182 ) ) REPRESENTATION_CONTEXT ( 'NONE', 'WORKASPACE' ) );
#4087 = MECHANICAL_DESIGN_GEOMETRIC_PRESENTATION_REPRESENTATION (  '', ( #3499 ), #4443 ) ;
#4088 = VERTEX_POINT ( 'NONE', #4864 ) ;
#4089 = LINE ( 'NONE', #6201, #2465 ) ;
#4090 = FILL_AREA_STYLE_COLOUR ( '', #83 ) ;
#4091 = VECTOR ( 'NONE', #4258, 1000.000000000000100 ) ;
#4092 = DIRECTION ( 'NONE',  ( -0.0000000000000000000, -1.000000000000000000, -0.0000000000000000000 ) ) ;
#4093 = EDGE_LOOP ( 'NONE', ( #6889, #4524, #4924, #3784, #4754, #5241, #2850, #4637, #1852, #6008 ) ) ;
#4094 = ORIENTED_EDGE ( 'NONE', *, *, #5260, .T. ) ;
#4095 = DIRECTION ( 'NONE',  ( -1.000000000000000000, 0.0000000000000000000, 0.0000000000000000000 ) ) ;
#4096 = VECTOR ( 'NONE', #793, 1000.000000000000000 ) ;
#4097 = PRESENTATION_STYLE_ASSIGNMENT (( #1954 ) ) ;
#4098 = EDGE_CURVE ( 'NONE', #4457, #6097, #5650, .T. ) ;
#4099 = CARTESIAN_POINT ( 'NONE',  ( -9.882335357453893500, 0.05000000000000000300, 0.08134923437046887000 ) ) ;
#4100 = ORIENTED_EDGE ( 'NONE', *, *, #4758, .T. ) ;
#4101 = SURFACE_STYLE_USAGE ( .BOTH. , #330 ) ;
#4102 = DIRECTION ( 'NONE',  ( 0.0000000000000000000, -0.0000000000000000000, -1.000000000000000000 ) ) ;
#4103 = SURFACE_STYLE_FILL_AREA ( #6765 ) ;
#4104 = CARTESIAN_POINT ( 'NONE',  ( 12.00000000000008000, 1.500000000000000000, -3.999999999999998200 ) ) ;
#4105 = ORIENTED_EDGE ( 'NONE', *, *, #2508, .T. ) ;
#4106 = EDGE_CURVE ( 'NONE', #2506, #6414, #4071, .T. ) ;
#4107 = ORIENTED_EDGE ( 'NONE', *, *, #6963, .T. ) ;
#4108 = FACE_OUTER_BOUND ( 'NONE', #5853, .T. ) ;
#4109 = LINE ( 'NONE', #3293, #1243 ) ;
#4110 =( LENGTH_UNIT ( ) NAMED_UNIT ( * ) SI_UNIT ( .MILLI., .METRE. ) );
#4111 = PLANE ( 'NONE',  #6164 ) ;
#4112 = CARTESIAN_POINT ( 'NONE',  ( -4.055661583331458400, 0.0000000000000000000, -4.300355183510403900 ) ) ;
#4113 = LINE ( 'NONE', #6200, #3947 ) ;
#4114 = FILL_AREA_STYLE_COLOUR ( '', #5502 ) ;
#4115 = ORIENTED_EDGE ( 'NONE', *, *, #2102, .T. ) ;
#4116 = AXIS2_PLACEMENT_3D ( 'NONE', #3152, #6918, #3707 ) ;
#4117 = DIRECTION ( 'NONE',  ( -1.000000000000000000, 0.0000000000000000000, -0.0000000000000000000 ) ) ;
#4118 = FILL_AREA_STYLE ('',( #3019 ) ) ;
#4119 = EDGE_CURVE ( 'NONE', #3158, #4496, #1205, .T. ) ;
#4120 = LINE ( 'NONE', #3668, #6786 ) ;
#4121 = EDGE_LOOP ( 'NONE', ( #3792, #5413, #3087, #2112 ) ) ;
#4122 = VECTOR ( 'NONE', #3244, 1000.000000000000000 ) ;
#4123 = ORIENTED_EDGE ( 'NONE', *, *, #6028, .T. ) ;
#4124 = DIRECTION ( 'NONE',  ( -3.469446951953614200E-015, -0.0000000000000000000, 1.000000000000000000 ) ) ;
#4125 = VECTOR ( 'NONE', #907, 1000.000000000000000 ) ;
#4126 = EDGE_CURVE ( 'NONE', #3408, #2399, #6738, .T. ) ;
#4127 =( GEOMETRIC_REPRESENTATION_CONTEXT ( 3 ) GLOBAL_UNCERTAINTY_ASSIGNED_CONTEXT ( ( #6077 ) ) GLOBAL_UNIT_ASSIGNED_CONTEXT ( ( #1182, #4931, #1711 ) ) REPRESENTATION_CONTEXT ( 'NONE', 'WORKASPACE' ) );
#4128 = EDGE_LOOP ( 'NONE', ( #6051, #4541, #477, #2386 ) ) ;
#4129 = PRESENTATION_LAYER_ASSIGNMENT (  '', '', ( #3389 ) ) ;
#4130 = CARTESIAN_POINT ( 'NONE',  ( -3.800000000000002000, 16.00000000000000000, 5.894302951606641200 ) ) ;
#4131 = UNCERTAINTY_MEASURE_WITH_UNIT (LENGTH_MEASURE( 1.000000000000000100E-005 ), #5495, 'distance_accuracy_value', 'NONE');
#4132 = ORIENTED_EDGE ( 'NONE', *, *, #6241, .T. ) ;
#4133 = ORIENTED_EDGE ( 'NONE', *, *, #174, .F. ) ;
#4134 = CARTESIAN_POINT ( 'NONE',  ( 3.121012190790982900, 0.0000000000000000000, 0.08134923437046540100 ) ) ;
#4135 = DIRECTION ( 'NONE',  ( -0.0000000000000000000, -1.000000000000000000, -0.0000000000000000000 ) ) ;
#4136 = CARTESIAN_POINT ( 'NONE',  ( 13.25000000000000700, -5.249999999999975100, 1.500000000000000900 ) ) ;
#4137 = PLANE ( 'NONE',  #5252 ) ;
#4138 = ORIENTED_EDGE ( 'NONE', *, *, #4972, .T. ) ;
#4139 = CARTESIAN_POINT ( 'NONE',  ( 13.25000000000001400, -5.749999999999976000, 1.500000000000000900 ) ) ;
#4140 = VECTOR ( 'NONE', #5586, 1000.000000000000000 ) ;
#4141 = STYLED_ITEM ( 'NONE', ( #5261 ), #6689 ) ;
#4142 = CARTESIAN_POINT ( 'NONE',  ( 12.00000000000000000, -4.499999999999992900, 4.000000000000000000 ) ) ;
#4143 = CARTESIAN_POINT ( 'NONE',  ( -6.970229851527613500, 0.05000000000000000300, 4.825265866064569300 ) ) ;
#4144 =( LENGTH_UNIT ( ) NAMED_UNIT ( * ) SI_UNIT ( .MILLI., .METRE. ) );
#4145 = CIRCLE ( 'NONE', #4557, 1.249999999999921400 ) ;
#4146 = ORIENTED_EDGE ( 'NONE', *, *, #4061, .F. ) ;
#4147 =( NAMED_UNIT ( * ) SI_UNIT ( $, .STERADIAN. ) SOLID_ANGLE_UNIT ( ) );
#4148 = CARTESIAN_POINT ( 'NONE',  ( -3.380661583331455900, 0.0000000000000000000, 0.0000000000000000000 ) ) ;
#4149 = ADVANCED_FACE ( 'NONE', ( #1020 ), #5952, .F. ) ;
#4150 = MECHANICAL_DESIGN_GEOMETRIC_PRESENTATION_REPRESENTATION (  '', ( #3050 ), #4499 ) ;
#4151 = SURFACE_STYLE_FILL_AREA ( #6885 ) ;
#4152 = EDGE_CURVE ( 'NONE', #2007, #2872, #5140, .T. ) ;
#4153 = EDGE_CURVE ( 'NONE', #1241, #249, #3897, .T. ) ;
#4154 = FACE_BOUND ( 'NONE', #3660, .T. ) ;
#4155 = VERTEX_POINT ( 'NONE', #1691 ) ;
#4156 = DIRECTION ( 'NONE',  ( 0.0000000000000000000, 0.0000000000000000000, 1.000000000000000000 ) ) ;
#4157 = VECTOR ( 'NONE', #6598, 1000.000000000000000 ) ;
#4158 = MECHANICAL_DESIGN_GEOMETRIC_PRESENTATION_REPRESENTATION (  '', ( #2343 ), #4505 ) ;
#4159 = FILL_AREA_STYLE ('',( #5197 ) ) ;
#4160 = FILL_AREA_STYLE ('',( #1452 ) ) ;
#4161 = VECTOR ( 'NONE', #4752, 1000.000000000000000 ) ;
#4162 = COLOUR_RGB ( '',0.8980392156862745400, 0.8980392156862745400, 0.8980392156862745400 ) ;
#4163 = LINE ( 'NONE', #3060, #5740 ) ;
#4164 = ORIENTED_EDGE ( 'NONE', *, *, #3373, .F. ) ;
#4165 = ORIENTED_EDGE ( 'NONE', *, *, #4264, .F. ) ;
#4166 = DIRECTION ( 'NONE',  ( 0.0000000000000000000, 0.0000000000000000000, -1.000000000000000000 ) ) ;
#4167 = CARTESIAN_POINT ( 'NONE',  ( -3.105661583331458700, 0.05000000000000000300, -3.729561558723129400 ) ) ;
#4168 = FILL_AREA_STYLE_COLOUR ( '', #5482 ) ;
#4169 = EDGE_LOOP ( 'NONE', ( #2479, #1527, #6751, #2336 ) ) ;
#4170 = CIRCLE ( 'NONE', #6991, 1.499999999999996200 ) ;
#4171 = LINE ( 'NONE', #2702, #2723 ) ;
#4172 =( LENGTH_UNIT ( ) NAMED_UNIT ( * ) SI_UNIT ( .MILLI., .METRE. ) );
#4173 = VECTOR ( 'NONE', #1924, 1000.000000000000200 ) ;
#4174 = VECTOR ( 'NONE', #213, 1000.000000000000000 ) ;
#4175 = SURFACE_STYLE_FILL_AREA ( #4642 ) ;
#4176 = VECTOR ( 'NONE', #937, 999.9999999999998900 ) ;
#4177 = LINE ( 'NONE', #2824, #1138 ) ;
#4178 = STYLED_ITEM ( 'NONE', ( #220 ), #1326 ) ;
#4179 = ORIENTED_EDGE ( 'NONE', *, *, #998, .T. ) ;
#4180 = CARTESIAN_POINT ( 'NONE',  ( -13.49999999999999800, 1.500000000000000000, -5.999999999999992900 ) ) ;
#4181 = AXIS2_PLACEMENT_3D ( 'NONE', #3423, #6106, #2904 ) ;
#4182 = ORIENTED_EDGE ( 'NONE', *, *, #2665, .F. ) ;
#4183 = CARTESIAN_POINT ( 'NONE',  ( 12.50000000000007800, -4.499999999999992900, -3.499999999999997800 ) ) ;
#4184 = DIRECTION ( 'NONE',  ( -3.469446951953614200E-015, -0.0000000000000000000, 1.000000000000000000 ) ) ;
#4185 = CARTESIAN_POINT ( 'NONE',  ( -13.49999999999999800, 1.500000000000000000, 6.000000000000008000 ) ) ;
#4186 = ADVANCED_FACE ( 'NONE', ( #850 ), #3308, .F. ) ;
#4187 = EDGE_CURVE ( 'NONE', #3571, #3010, #4982, .T. ) ;
#4188 = PRESENTATION_STYLE_ASSIGNMENT (( #3948 ) ) ;
#4189 = CARTESIAN_POINT ( 'NONE',  ( -6.970229851527613500, 0.0000000000000000000, 0.8403352088708592200 ) ) ;
#4190 =( NAMED_UNIT ( * ) PLANE_ANGLE_UNIT ( ) SI_UNIT ( $, .RADIAN. ) );
#4191 = VECTOR ( 'NONE', #1116, 1000.000000000000000 ) ;
#4192 =( LENGTH_UNIT ( ) NAMED_UNIT ( * ) SI_UNIT ( .MILLI., .METRE. ) );
#4193 = AXIS2_PLACEMENT_3D ( 'NONE', #3505, #292, #4065 ) ;
#4194 = DIRECTION ( 'NONE',  ( 1.000000000000000000, 0.0000000000000000000, 0.0000000000000000000 ) ) ;
#4195 = SURFACE_STYLE_USAGE ( .BOTH. , #414 ) ;
#4196 = ORIENTED_EDGE ( 'NONE', *, *, #3546, .T. ) ;
#4197 = FACE_OUTER_BOUND ( 'NONE', #5948, .T. ) ;
#4198 = FACE_OUTER_BOUND ( 'NONE', #3144, .T. ) ;
#4199 = ORIENTED_EDGE ( 'NONE', *, *, #3865, .F. ) ;
#4200 = DIRECTION ( 'NONE',  ( -0.0000000000000000000, -1.000000000000000000, -0.0000000000000000000 ) ) ;
#4201 = EDGE_CURVE ( 'NONE', #1276, #4987, #6392, .T. ) ;
#4202 = LINE ( 'NONE', #641, #54 ) ;
#4203 = FACE_OUTER_BOUND ( 'NONE', #704, .T. ) ;
#4204 = PLANE ( 'NONE',  #4601 ) ;
#4205 = VECTOR ( 'NONE', #5222, 1000.000000000000000 ) ;
#4206 = FILL_AREA_STYLE ('',( #6302 ) ) ;
#4207 = DIRECTION ( 'NONE',  ( -1.000000000000000000, 0.0000000000000000000, 0.0000000000000000000 ) ) ;
#4208 = VECTOR ( 'NONE', #2054, 1000.000000000000000 ) ;
#4209 = CARTESIAN_POINT ( 'NONE',  ( -0.3410933151353004500, 0.05000000000000000300, -1.365134884645989000 ) ) ;
#4210 = CARTESIAN_POINT ( 'NONE',  ( 0.2089066848647014300, 0.05000000000000000300, 4.825265866064569300 ) ) ;
#4211 = DIRECTION ( 'NONE',  ( 0.4592070539422887800, 0.0000000000000000000, -0.8883292641862272600 ) ) ;
#4212 = ADVANCED_FACE ( 'NONE', ( #3545 ), #2245, .F. ) ;
#4213 = DIRECTION ( 'NONE',  ( 0.0000000000000000000, -0.0000000000000000000, -1.000000000000000000 ) ) ;
#4214 = EDGE_LOOP ( 'NONE', ( #1353, #4196, #1256, #105 ) ) ;
#4215 = EDGE_LOOP ( 'NONE', ( #6439, #1570 ) ) ;
#4216 = EDGE_CURVE ( 'NONE', #5539, #4088, #4810, .T. ) ;
#4217 = ORIENTED_EDGE ( 'NONE', *, *, #4061, .T. ) ;
#4218 = ORIENTED_EDGE ( 'NONE', *, *, #4466, .F. ) ;
#4219 = VERTEX_POINT ( 'NONE', #4072 ) ;
#4220 = CARTESIAN_POINT ( 'NONE',  ( 13.25000000000000200, -4.500000000000000000, 4.000000000000000000 ) ) ;
#4221 = UNCERTAINTY_MEASURE_WITH_UNIT (LENGTH_MEASURE( 1.000000000000000100E-005 ), #2313, 'distance_accuracy_value', 'NONE');
#4222 = VERTEX_POINT ( 'NONE', #398 ) ;
#4223 = ORIENTED_EDGE ( 'NONE', *, *, #2614, .T. ) ;
#4224 = ADVANCED_FACE ( 'NONE', ( #686 ), #933, .F. ) ;
#4225 = MECHANICAL_DESIGN_GEOMETRIC_PRESENTATION_REPRESENTATION (  '', ( #3477 ), #4553 ) ;
#4226 = DIRECTION ( 'NONE',  ( -1.000000000000000000, -0.0000000000000000000, -0.0000000000000000000 ) ) ;
#4227 = APPLICATION_PROTOCOL_DEFINITION ( 'draft international standard', 'automotive_design', 1998, #961 ) ;
#4228 = DIRECTION ( 'NONE',  ( -0.0000000000000000000, -1.000000000000000000, -0.0000000000000000000 ) ) ;
#4229 = CARTESIAN_POINT ( 'NONE',  ( -6.970229851527613500, 0.0000000000000000000, 2.287777753867637800 ) ) ;
#4230 = DIRECTION ( 'NONE',  ( 0.0000000000000000000, 0.0000000000000000000, 1.000000000000000000 ) ) ;
#4231 = DIRECTION ( 'NONE',  ( 1.000000000000000000, -0.0000000000000000000, 0.0000000000000000000 ) ) ;
#4232 = PLANE ( 'NONE',  #6391 ) ;
#4233 = EDGE_CURVE ( 'NONE', #5168, #2439, #1458, .T. ) ;
#4234 = CARTESIAN_POINT ( 'NONE',  ( 13.25000000000000200, -4.500000000000000000, 1.000000000000000900 ) ) ;
#4235 = DIRECTION ( 'NONE',  ( 0.0000000000000000000, 1.000000000000000000, 0.0000000000000000000 ) ) ;
#4236 = VECTOR ( 'NONE', #4293, 1000.000000000000000 ) ;
#4237 = LINE ( 'NONE', #2261, #606 ) ;
#4238 = EDGE_CURVE ( 'NONE', #6084, #2425, #5729, .T. ) ;
#4239 = LINE ( 'NONE', #2372, #5474 ) ;
#4240 = DIRECTION ( 'NONE',  ( 0.0000000000000000000, 0.0000000000000000000, -1.000000000000000000 ) ) ;
#4241 = FACE_OUTER_BOUND ( 'NONE', #3472, .T. ) ;
#4242 = PRESENTATION_LAYER_ASSIGNMENT (  '', '', ( #3499 ) ) ;
#4243 = FACE_OUTER_BOUND ( 'NONE', #1177, .T. ) ;
#4244 = ORIENTED_EDGE ( 'NONE', *, *, #2072, .T. ) ;
#4245 = VERTEX_POINT ( 'NONE', #2042 ) ;
#4246 =( NAMED_UNIT ( * ) SI_UNIT ( $, .STERADIAN. ) SOLID_ANGLE_UNIT ( ) );
#4247 = SURFACE_STYLE_FILL_AREA ( #3315 ) ;
#4248 = ADVANCED_FACE ( 'NONE', ( #5557 ), #5798, .F. ) ;
#4249 = FACE_OUTER_BOUND ( 'NONE', #919, .T. ) ;
#4250 = LINE ( 'NONE', #1429, #4078 ) ;
#4251 = DIRECTION ( 'NONE',  ( -1.000000000000000000, 0.0000000000000000000, 0.0000000000000000000 ) ) ;
#4252 = DIRECTION ( 'NONE',  ( -0.0000000000000000000, -1.000000000000000000, -0.0000000000000000000 ) ) ;
#4253 = EDGE_LOOP ( 'NONE', ( #6449, #1319, #1604, #6690, #4295 ) ) ;
#4254 = VECTOR ( 'NONE', #5095, 1000.000000000000000 ) ;
#4255 = VECTOR ( 'NONE', #1191, 1000.000000000000200 ) ;
#4256 = CARTESIAN_POINT ( 'NONE',  ( 12.00000000000005300, 1.500000000000000000, -1.499999999999998200 ) ) ;
#4257 = EDGE_CURVE ( 'NONE', #2506, #3561, #5062, .T. ) ;
#4258 = DIRECTION ( 'NONE',  ( 0.8494962282757269100, 0.0000000000000000000, -0.5275946911648317100 ) ) ;
#4259 = ADVANCED_FACE ( 'NONE', ( #6469 ), #1571, .F. ) ;
#4260 = CARTESIAN_POINT ( 'NONE',  ( -2.705661583331457500, 0.0000000000000000000, -4.300355183510403900 ) ) ;
#4261 = ORIENTED_EDGE ( 'NONE', *, *, #1372, .T. ) ;
#4262 = UNCERTAINTY_MEASURE_WITH_UNIT (LENGTH_MEASURE( 1.000000000000000100E-005 ), #5993, 'distance_accuracy_value', 'NONE');
#4263 = LINE ( 'NONE', #4729, #6931 ) ;
#4264 = EDGE_CURVE ( 'NONE', #3065, #2886, #2187, .T. ) ;
#4265 = ORIENTED_EDGE ( 'NONE', *, *, #5714, .T. ) ;
#4266 = ORIENTED_EDGE ( 'NONE', *, *, #443, .F. ) ;
#4267 = STYLED_ITEM ( 'NONE', ( #5087 ), #3102 ) ;
#4268 = AXIS2_PLACEMENT_3D ( 'NONE', #6353, #3146, #6902 ) ;
#4269 = LINE ( 'NONE', #5613, #4096 ) ;
#4270 = CARTESIAN_POINT ( 'NONE',  ( 13.25000000000001400, -5.749999999999923600, -3.499999999999997800 ) ) ;
#4271 = COLOUR_RGB ( '',0.1098039215686274500, 0.1098039215686274500, 0.1098039215686274500 ) ;
#4272 = UNCERTAINTY_MEASURE_WITH_UNIT (LENGTH_MEASURE( 1.000000000000000100E-005 ), #3195, 'distance_accuracy_value', 'NONE');
#4273 = AXIS2_PLACEMENT_3D ( 'NONE', #2586, #6334, #3117 ) ;
#4274 = CARTESIAN_POINT ( 'NONE',  ( -3.180661583331457500, 0.05000000000000000300, 3.548872037816159800 ) ) ;
#4275 = CARTESIAN_POINT ( 'NONE',  ( -4.055661583331458400, 0.05000000000000000300, -3.481134468123456800 ) ) ;
#4276 =( GEOMETRIC_REPRESENTATION_CONTEXT ( 3 ) GLOBAL_UNCERTAINTY_ASSIGNED_CONTEXT ( ( #5496 ) ) GLOBAL_UNIT_ASSIGNED_CONTEXT ( ( #5828, #2611, #6361 ) ) REPRESENTATION_CONTEXT ( 'NONE', 'WORKASPACE' ) );
#4277 = CARTESIAN_POINT ( 'NONE',  ( -6.008914177331514700, 0.05000000000000000300, -6.159029468782984300 ) ) ;
#4278 = ORIENTED_EDGE ( 'NONE', *, *, #6829, .F. ) ;
#4279 = FACE_OUTER_BOUND ( 'NONE', #1462, .T. ) ;
#4280 = LINE ( 'NONE', #597, #135 ) ;
#4281 = EDGE_CURVE ( 'NONE', #2934, #2671, #3633, .T. ) ;
#4282 =( NAMED_UNIT ( * ) SI_UNIT ( $, .STERADIAN. ) SOLID_ANGLE_UNIT ( ) );
#4283 = DIRECTION ( 'NONE',  ( 0.0000000000000000000, 1.000000000000000000, 0.0000000000000000000 ) ) ;
#4284 = ORIENTED_EDGE ( 'NONE', *, *, #5519, .T. ) ;
#4285 = DIRECTION ( 'NONE',  ( -4.832099224333226500E-029, 3.469446951953614200E-015, -1.000000000000000000 ) ) ;
#4286 = EDGE_CURVE ( 'NONE', #5938, #3933, #6295, .T. ) ;
#4287 = ADVANCED_FACE ( 'NONE', ( #3457 ), #6401, .F. ) ;
#4288 = LINE ( 'NONE', #5753, #2842 ) ;
#4289 = EDGE_CURVE ( 'NONE', #378, #3262, #4722, .T. ) ;
#4290 = ORIENTED_EDGE ( 'NONE', *, *, #351, .T. ) ;
#4291 = ORIENTED_EDGE ( 'NONE', *, *, #4058, .T. ) ;
#4292 = LINE ( 'NONE', #369, #4125 ) ;
#4293 = DIRECTION ( 'NONE',  ( -0.0000000000000000000, 1.000000000000000000, -0.0000000000000000000 ) ) ;
#4294 =( NAMED_UNIT ( * ) PLANE_ANGLE_UNIT ( ) SI_UNIT ( $, .RADIAN. ) );
#4295 = ORIENTED_EDGE ( 'NONE', *, *, #6382, .F. ) ;
#4296 = CARTESIAN_POINT ( 'NONE',  ( 13.25000000000000200, -4.500000000000000000, 0.0000000000000000000 ) ) ;
#4297 = EDGE_LOOP ( 'NONE', ( #4374, #3228, #3331, #4900 ) ) ;
#4298 = ORIENTED_EDGE ( 'NONE', *, *, #1206, .F. ) ;
#4299 =( LENGTH_UNIT ( ) NAMED_UNIT ( * ) SI_UNIT ( .MILLI., .METRE. ) );
#4300 = CARTESIAN_POINT ( 'NONE',  ( 12.50000000000000000, -4.499999999999992900, 4.000000000000000000 ) ) ;
#4301 = SURFACE_SIDE_STYLE ('',( #6862 ) ) ;
#4302 = PRODUCT_DEFINITION ( 'UNKNOWN', '', #4641, #4309 ) ;
#4303 = CYLINDRICAL_SURFACE ( 'NONE', #6481, 1.500000000000001300 ) ;
#4304 = FILL_AREA_STYLE ('',( #3199 ) ) ;
#4305 =( GEOMETRIC_REPRESENTATION_CONTEXT ( 3 ) GLOBAL_UNCERTAINTY_ASSIGNED_CONTEXT ( ( #2424 ) ) GLOBAL_UNIT_ASSIGNED_CONTEXT ( ( #4828, #1614, #5367 ) ) REPRESENTATION_CONTEXT ( 'NONE', 'WORKASPACE' ) );
#4306 = MECHANICAL_DESIGN_GEOMETRIC_PRESENTATION_REPRESENTATION (  '', ( #3205 ), #4652 ) ;
#4307 = SURFACE_STYLE_USAGE ( .BOTH. , #535 ) ;
#4308 = VERTEX_POINT ( 'NONE', #3745 ) ;
#4309 = PRODUCT_DEFINITION_CONTEXT ( 'detailed design', #4749, 'design' ) ;
#4310 = DIRECTION ( 'NONE',  ( 0.0000000000000000000, 1.000000000000000000, 0.0000000000000000000 ) ) ;
#4311 = DIRECTION ( 'NONE',  ( -0.5270832698930799600, 0.0000000000000000000, -0.8498136422762456700 ) ) ;
#4312 =( NAMED_UNIT ( * ) PLANE_ANGLE_UNIT ( ) SI_UNIT ( $, .RADIAN. ) );
#4313 = VECTOR ( 'NONE', #6330, 1000.000000000000000 ) ;
#4314 = DIRECTION ( 'NONE',  ( 3.469446951953614200E-015, 0.0000000000000000000, -1.000000000000000000 ) ) ;
#4315 = ADVANCED_FACE ( 'NONE', ( #6135 ), #510, .T. ) ;
#4316 = DIRECTION ( 'NONE',  ( 0.0000000000000000000, 0.0000000000000000000, 1.000000000000000000 ) ) ;
#4317 = STYLED_ITEM ( 'NONE', ( #783 ), #4871 ) ;
#4318 = FACE_BOUND ( 'NONE', #5124, .T. ) ;
#4319 = EDGE_LOOP ( 'NONE', ( #1848, #1559 ) ) ;
#4320 = DIRECTION ( 'NONE',  ( -1.000000000000000000, 0.0000000000000000000, 0.0000000000000000000 ) ) ;
#4321 =( NAMED_UNIT ( * ) PLANE_ANGLE_UNIT ( ) SI_UNIT ( $, .RADIAN. ) );
#4322 = CARTESIAN_POINT ( 'NONE',  ( -6.970229851527613500, 0.05000000000000000300, -1.670990180068217900 ) ) ;
#4323 = FACE_OUTER_BOUND ( 'NONE', #4956, .T. ) ;
#4324 = FACE_OUTER_BOUND ( 'NONE', #3852, .T. ) ;
#4325 = ORIENTED_EDGE ( 'NONE', *, *, #1962, .T. ) ;
#4326 = EDGE_CURVE ( 'NONE', #3810, #1866, #2784, .T. ) ;
#4327 = CARTESIAN_POINT ( 'NONE',  ( 12.00000000000002700, -2.500000000000000000, 1.500000000000000900 ) ) ;
#4328 = ORIENTED_EDGE ( 'NONE', *, *, #6322, .F. ) ;
#4329 = SURFACE_STYLE_FILL_AREA ( #3394 ) ;
#4330 = LINE ( 'NONE', #3192, #1479 ) ;
#4331 = SURFACE_SIDE_STYLE ('',( #242 ) ) ;
#4332 = DIRECTION ( 'NONE',  ( -1.000000000000000000, 0.0000000000000000000, 0.0000000000000000000 ) ) ;
#4333 = SURFACE_STYLE_USAGE ( .BOTH. , #564 ) ;
#4334 = VECTOR ( 'NONE', #6651, 1000.000000000000000 ) ;
#4335 = EDGE_CURVE ( 'NONE', #4701, #3811, #3284, .T. ) ;
#4336 = PLANE ( 'NONE',  #4368 ) ;
#4337 = DIRECTION ( 'NONE',  ( -0.0000000000000000000, -1.000000000000000000, -0.0000000000000000000 ) ) ;
#4338 = DIRECTION ( 'NONE',  ( 1.000000000000000000, 0.0000000000000000000, 0.0000000000000000000 ) ) ;
#4339 = VERTEX_POINT ( 'NONE', #5906 ) ;
#4340 = CARTESIAN_POINT ( 'NONE',  ( -6.970229851527613500, 0.0000000000000000000, 1.240335208870860100 ) ) ;
#4341 = ORIENTED_EDGE ( 'NONE', *, *, #3021, .T. ) ;
#4342 = SURFACE_SIDE_STYLE ('',( #2066 ) ) ;
#4343 = AXIS2_PLACEMENT_3D ( 'NONE', #5947, #6494, #3279 ) ;
#4344 = COLOUR_RGB ( '',0.7921568627450980000, 0.8196078431372548800, 0.9333333333333333500 ) ;
#4345 = AXIS2_PLACEMENT_3D ( 'NONE', #6693, #3462, #258 ) ;
#4346 =( GEOMETRIC_REPRESENTATION_CONTEXT ( 3 ) GLOBAL_UNCERTAINTY_ASSIGNED_CONTEXT ( ( #3815 ) ) GLOBAL_UNIT_ASSIGNED_CONTEXT ( ( #2676, #6427, #3211 ) ) REPRESENTATION_CONTEXT ( 'NONE', 'WORKASPACE' ) );
#4347 = VECTOR ( 'NONE', #2184, 1000.000000000000100 ) ;
#4348 = CYLINDRICAL_SURFACE ( 'NONE', #4518, 1.250000000000001100 ) ;
#4349 = ADVANCED_FACE ( 'NONE', ( #5467 ), #2150, .F. ) ;
#4350 = CARTESIAN_POINT ( 'NONE',  ( 13.25000000000000700, -5.249999999999949400, -1.499999999999998200 ) ) ;
#4351 =( NAMED_UNIT ( * ) PLANE_ANGLE_UNIT ( ) SI_UNIT ( $, .RADIAN. ) );
#4352 = ORIENTED_EDGE ( 'NONE', *, *, #4538, .T. ) ;
#4353 = FACE_OUTER_BOUND ( 'NONE', #3485, .T. ) ;
#4354 = ORIENTED_EDGE ( 'NONE', *, *, #5544, .F. ) ;
#4355 = DIRECTION ( 'NONE',  ( 0.5228343718690818800, 0.0000000000000000000, -0.8524342904835907600 ) ) ;
#4356 = DIRECTION ( 'NONE',  ( -4.832099224333226500E-029, 3.469446951953614200E-015, -1.000000000000000000 ) ) ;
#4357 = AXIS2_PLACEMENT_3D ( 'NONE', #6653, #214, #2624 ) ;
#4358 = EDGE_CURVE ( 'NONE', #5713, #4373, #1370, .T. ) ;
#4359 = ORIENTED_EDGE ( 'NONE', *, *, #5623, .T. ) ;
#4360 = PLANE ( 'NONE',  #4994 ) ;
#4361 = DIRECTION ( 'NONE',  ( -0.0000000000000000000, -0.0000000000000000000, -1.000000000000000000 ) ) ;
#4362 = SURFACE_STYLE_USAGE ( .BOTH. , #594 ) ;
#4363 = VECTOR ( 'NONE', #6639, 1000.000000000000000 ) ;
#4364 = FILL_AREA_STYLE_COLOUR ( '', #485 ) ;
#4365 = LINE ( 'NONE', #3175, #233 ) ;
#4366 = DIRECTION ( 'NONE',  ( 1.000000000000000000, 0.0000000000000000000, 0.0000000000000000000 ) ) ;
#4367 = CIRCLE ( 'NONE', #5130, 1.250000000000001100 ) ;
#4368 = AXIS2_PLACEMENT_3D ( 'NONE', #1136, #4890, #1675 ) ;
#4369 = VECTOR ( 'NONE', #3236, 1000.000000000000000 ) ;
#4370 = PRESENTATION_LAYER_ASSIGNMENT (  '', '', ( #3645 ) ) ;
#4371 = DIRECTION ( 'NONE',  ( 1.275531967630005200E-016, 0.0000000000000000000, -1.000000000000000000 ) ) ;
#4372 = ORIENTED_EDGE ( 'NONE', *, *, #2341, .F. ) ;
#4373 = VERTEX_POINT ( 'NONE', #2174 ) ;
#4374 = ORIENTED_EDGE ( 'NONE', *, *, #497, .T. ) ;
#4375 = VERTEX_POINT ( 'NONE', #5925 ) ;
#4376 = STYLED_ITEM ( 'NONE', ( #4574 ), #2410 ) ;
#4377 = CARTESIAN_POINT ( 'NONE',  ( -3.655661583331457200, 0.05000000000000000300, -3.729561558723129400 ) ) ;
#4378 = ORIENTED_EDGE ( 'NONE', *, *, #895, .F. ) ;
#4379 = ORIENTED_EDGE ( 'NONE', *, *, #3324, .T. ) ;
#4380 = FILL_AREA_STYLE ('',( #3839 ) ) ;
#4381 = DIRECTION ( 'NONE',  ( 1.000000000000000000, 0.0000000000000000000, -0.0000000000000000000 ) ) ;
#4382 = SURFACE_STYLE_FILL_AREA ( #5693 ) ;
#4383 =( LENGTH_UNIT ( ) NAMED_UNIT ( * ) SI_UNIT ( .MILLI., .METRE. ) );
#4384 = FILL_AREA_STYLE_COLOUR ( '', #4909 ) ;
#4385 = CARTESIAN_POINT ( 'NONE',  ( 13.50000000000000000, 1.500000000000000000, -7.499999999999998200 ) ) ;
#4386 = ADVANCED_FACE ( 'NONE', ( #2613 ), #587, .F. ) ;
#4387 = DIRECTION ( 'NONE',  ( 0.0000000000000000000, 1.000000000000000000, 0.0000000000000000000 ) ) ;
#4388 = SURFACE_SIDE_STYLE ('',( #778 ) ) ;
#4389 = SURFACE_SIDE_STYLE ('',( #3460 ) ) ;
#4390 = SURFACE_SIDE_STYLE ('',( #5421 ) ) ;
#4391 = AXIS2_PLACEMENT_3D ( 'NONE', #781, #2946, #6709 ) ;
#4392 = DIRECTION ( 'NONE',  ( -0.0000000000000000000, -1.000000000000000000, -0.0000000000000000000 ) ) ;
#4393 = FILL_AREA_STYLE ('',( #6510 ) ) ;
#4394 = AXIS2_PLACEMENT_3D ( 'NONE', #3562, #343, #4117 ) ;
#4395 = SURFACE_STYLE_USAGE ( .BOTH. , #631 ) ;
#4396 = FILL_AREA_STYLE ('',( #88 ) ) ;
#4397 = LINE ( 'NONE', #4841, #101 ) ;
#4398 = CARTESIAN_POINT ( 'NONE',  ( -6.020229851527614300, 0.05000000000000000300, 2.287777753867637800 ) ) ;
#4399 = EDGE_CURVE ( 'NONE', #1081, #4707, #6732, .T. ) ;
#4400 = LINE ( 'NONE', #6082, #272 ) ;
#4401 = VERTEX_POINT ( 'NONE', #1668 ) ;
#4402 = PRESENTATION_STYLE_ASSIGNMENT (( #1546 ) ) ;
#4403 = VERTEX_POINT ( 'NONE', #5417 ) ;
#4404 = DIRECTION ( 'NONE',  ( -0.0000000000000000000, -1.000000000000000000, -0.0000000000000000000 ) ) ;
#4405 = DIRECTION ( 'NONE',  ( 0.0000000000000000000, 0.0000000000000000000, 1.000000000000000000 ) ) ;
#4406 = CARTESIAN_POINT ( 'NONE',  ( 13.25000000000000700, -5.249999999999922700, -3.999999999999998200 ) ) ;
#4407 = CARTESIAN_POINT ( 'NONE',  ( -3.800000000000002900, 1.500000000000000000, -9.800000000000000700 ) ) ;
#4408 = LINE ( 'NONE', #3009, #5659 ) ;
#4409 = CARTESIAN_POINT ( 'NONE',  ( 19.75000000000000400, -5.749999999999976000, 1.500000000000000900 ) ) ;
#4410 = DIRECTION ( 'NONE',  ( -1.000000000000000000, 0.0000000000000000000, 0.0000000000000000000 ) ) ;
#4411 =( GEOMETRIC_REPRESENTATION_CONTEXT ( 3 ) GLOBAL_UNCERTAINTY_ASSIGNED_CONTEXT ( ( #1928 ) ) GLOBAL_UNIT_ASSIGNED_CONTEXT ( ( #2655, #6407, #3191 ) ) REPRESENTATION_CONTEXT ( 'NONE', 'WORKASPACE' ) );
#4412 = DIRECTION ( 'NONE',  ( -0.0000000000000000000, -1.000000000000000000, -0.0000000000000000000 ) ) ;
#4413 = CARTESIAN_POINT ( 'NONE',  ( 13.50000000000000000, 0.0000000000000000000, -7.499999999999998200 ) ) ;
#4414 = VECTOR ( 'NONE', #1841, 1000.000000000000000 ) ;
#4415 = ORIENTED_EDGE ( 'NONE', *, *, #6829, .T. ) ;
#4416 = VECTOR ( 'NONE', #741, 1000.000000000000000 ) ;
#4417 = DIRECTION ( 'NONE',  ( 1.000000000000000000, -0.0000000000000000000, -0.0000000000000000000 ) ) ;
#4418 = EDGE_CURVE ( 'NONE', #966, #1078, #3887, .T. ) ;
#4419 = ADVANCED_FACE ( 'NONE', ( #4062 ), #3280, .F. ) ;
#4420 = EDGE_CURVE ( 'NONE', #6760, #6452, #507, .T. ) ;
#4421 = ORIENTED_EDGE ( 'NONE', *, *, #3914, .T. ) ;
#4422 = PRESENTATION_STYLE_ASSIGNMENT (( #1512 ) ) ;
#4423 =( GEOMETRIC_REPRESENTATION_CONTEXT ( 3 ) GLOBAL_UNCERTAINTY_ASSIGNED_CONTEXT ( ( #2648 ) ) GLOBAL_UNIT_ASSIGNED_CONTEXT ( ( #952, #4718, #1513 ) ) REPRESENTATION_CONTEXT ( 'NONE', 'WORKASPACE' ) );
#4424 = CIRCLE ( 'NONE', #505, 9.800000000000000700 ) ;
#4425 = ADVANCED_FACE ( 'NONE', ( #4806 ), #4936, .F. ) ;
#4426 = ORIENTED_EDGE ( 'NONE', *, *, #5386, .T. ) ;
#4427 = ORIENTED_EDGE ( 'NONE', *, *, #6047, .T. ) ;
#4428 = SURFACE_STYLE_USAGE ( .BOTH. , #653 ) ;
#4429 = FILL_AREA_STYLE_COLOUR ( '', #6537 ) ;
#4430 = LINE ( 'NONE', #6136, #1575 ) ;
#4431 = UNCERTAINTY_MEASURE_WITH_UNIT (LENGTH_MEASURE( 1.000000000000000100E-005 ), #3592, 'distance_accuracy_value', 'NONE');
#4432 = COLOUR_RGB ( '',0.007843137254901960700, 0.2392156862745097900, 0.8235294117647058400 ) ;
#4433 = CARTESIAN_POINT ( 'NONE',  ( -3.800000000000001600, 1.500000000000000000, 9.800000000000000700 ) ) ;
#4434 = CARTESIAN_POINT ( 'NONE',  ( 10.40000000000000000, -5.000000000000000000, 9.800000000000004300 ) ) ;
#4435 = DIRECTION ( 'NONE',  ( 0.0000000000000000000, 0.0000000000000000000, 1.000000000000000000 ) ) ;
#4436 =( GEOMETRIC_REPRESENTATION_CONTEXT ( 3 ) GLOBAL_UNCERTAINTY_ASSIGNED_CONTEXT ( ( #6972 ) ) GLOBAL_UNIT_ASSIGNED_CONTEXT ( ( #4110, #867, #4627 ) ) REPRESENTATION_CONTEXT ( 'NONE', 'WORKASPACE' ) );
#4437 = DIRECTION ( 'NONE',  ( 1.392757777031960500E-014, -1.000000000000000000, -0.0000000000000000000 ) ) ;
#4438 = DIRECTION ( 'NONE',  ( 1.000000000000000000, 0.0000000000000000000, 0.0000000000000000000 ) ) ;
#4439 = ORIENTED_EDGE ( 'NONE', *, *, #515, .F. ) ;
#4440 = DIRECTION ( 'NONE',  ( -0.0000000000000000000, -0.0000000000000000000, 1.000000000000000000 ) ) ;
#4441 = STYLED_ITEM ( 'NONE', ( #562 ), #979 ) ;
#4442 = MECHANICAL_DESIGN_GEOMETRIC_PRESENTATION_REPRESENTATION (  '', ( #3347 ), #4795 ) ;
#4443 =( GEOMETRIC_REPRESENTATION_CONTEXT ( 3 ) GLOBAL_UNCERTAINTY_ASSIGNED_CONTEXT ( ( #3834 ) ) GLOBAL_UNIT_ASSIGNED_CONTEXT ( ( #6676, #3452, #235 ) ) REPRESENTATION_CONTEXT ( 'NONE', 'WORKASPACE' ) );
#4444 = DIRECTION ( 'NONE',  ( -0.0000000000000000000, -1.000000000000000000, -0.0000000000000000000 ) ) ;
#4445 = DIRECTION ( 'NONE',  ( 0.0000000000000000000, -0.0000000000000000000, 1.000000000000000000 ) ) ;
#4446 = ORIENTED_EDGE ( 'NONE', *, *, #5160, .F. ) ;
#4447 = LINE ( 'NONE', #4327, #324 ) ;
#4448 = LINE ( 'NONE', #2035, #1426 ) ;
#4449 = EDGE_CURVE ( 'NONE', #5533, #3878, #6987, .T. ) ;
#4450 = SURFACE_STYLE_USAGE ( .BOTH. , #679 ) ;
#4451 =( NAMED_UNIT ( * ) PLANE_ANGLE_UNIT ( ) SI_UNIT ( $, .RADIAN. ) );
#4452 = ORIENTED_EDGE ( 'NONE', *, *, #4098, .T. ) ;
#4453 = ORIENTED_EDGE ( 'NONE', *, *, #5963, .T. ) ;
#4454 = CARTESIAN_POINT ( 'NONE',  ( -9.332335357453892800, 0.05000000000000000300, -3.475422238637514600 ) ) ;
#4455 = LINE ( 'NONE', #1423, #5863 ) ;
#4456 = DIRECTION ( 'NONE',  ( 0.0000000000000000000, 0.0000000000000000000, 1.000000000000000000 ) ) ;
#4457 = VERTEX_POINT ( 'NONE', #2275 ) ;
#4458 = FILL_AREA_STYLE_COLOUR ( '', #5184 ) ;
#4459 = EDGE_CURVE ( 'NONE', #4514, #2456, #1281, .T. ) ;
#4460 = ORIENTED_EDGE ( 'NONE', *, *, #4502, .T. ) ;
#4461 = ORIENTED_EDGE ( 'NONE', *, *, #5113, .T. ) ;
#4462 = FACE_OUTER_BOUND ( 'NONE', #6213, .T. ) ;
#4463 = UNCERTAINTY_MEASURE_WITH_UNIT (LENGTH_MEASURE( 1.000000000000000100E-005 ), #6729, 'distance_accuracy_value', 'NONE');
#4464 = FILL_AREA_STYLE ('',( #697 ) ) ;
#4465 = PRESENTATION_LAYER_ASSIGNMENT (  '', '', ( #3747 ) ) ;
#4466 = EDGE_CURVE ( 'NONE', #2419, #863, #2698, .T. ) ;
#4467 = CARTESIAN_POINT ( 'NONE',  ( 12.00000000000008000, -4.499999999999992900, -3.999999999999998200 ) ) ;
#4468 = FILL_AREA_STYLE ('',( #706 ) ) ;
#4469 = DIRECTION ( 'NONE',  ( 0.0000000000000000000, 0.0000000000000000000, -1.000000000000000000 ) ) ;
#4470 = ORIENTED_EDGE ( 'NONE', *, *, #3630, .T. ) ;
#4471 = UNCERTAINTY_MEASURE_WITH_UNIT (LENGTH_MEASURE( 1.000000000000000100E-005 ), #6830, 'distance_accuracy_value', 'NONE');
#4472 = EDGE_CURVE ( 'NONE', #406, #5965, #5384, .T. ) ;
#4473 =( NAMED_UNIT ( * ) PLANE_ANGLE_UNIT ( ) SI_UNIT ( $, .RADIAN. ) );
#4474 = DIRECTION ( 'NONE',  ( -1.000000000000000000, 0.0000000000000000000, 0.0000000000000000000 ) ) ;
#4475 = MECHANICAL_DESIGN_GEOMETRIC_PRESENTATION_REPRESENTATION (  '', ( #3389 ), #4833 ) ;
#4476 =( NAMED_UNIT ( * ) PLANE_ANGLE_UNIT ( ) SI_UNIT ( $, .RADIAN. ) );
#4477 = CARTESIAN_POINT ( 'NONE',  ( 12.00000000000002700, -4.499999999999992900, 1.500000000000000900 ) ) ;
#4478 = VECTOR ( 'NONE', #2994, 1000.000000000000000 ) ;
#4479 = ORIENTED_EDGE ( 'NONE', *, *, #428, .T. ) ;
#4480 = EDGE_LOOP ( 'NONE', ( #4640, #6346, #2082, #3714 ) ) ;
#4481 = DIRECTION ( 'NONE',  ( -0.0000000000000000000, -0.0000000000000000000, 1.000000000000000000 ) ) ;
#4482 = PRESENTATION_LAYER_ASSIGNMENT (  '', '', ( #4141 ) ) ;
#4483 = FILL_AREA_STYLE_COLOUR ( '', #1631 ) ;
#4484 = LINE ( 'NONE', #3533, #3044 ) ;
#4485 = ORIENTED_EDGE ( 'NONE', *, *, #1406, .T. ) ;
#4486 = FACE_BOUND ( 'NONE', #4215, .T. ) ;
#4487 = PRESENTATION_STYLE_ASSIGNMENT (( #2914 ) ) ;
#4488 = FACE_OUTER_BOUND ( 'NONE', #408, .T. ) ;
#4489 = DIRECTION ( 'NONE',  ( 0.0000000000000000000, -0.0000000000000000000, 1.000000000000000000 ) ) ;
#4490 = EDGE_LOOP ( 'NONE', ( #6113, #5835, #327, #4964 ) ) ;
#4491 = VECTOR ( 'NONE', #904, 1000.000000000000000 ) ;
#4492 = DIRECTION ( 'NONE',  ( 0.0000000000000000000, 1.000000000000000000, 0.0000000000000000000 ) ) ;
#4493 = LINE ( 'NONE', #2284, #204 ) ;
#4494 = DIRECTION ( 'NONE',  ( 0.8494962282757259100, 0.0000000000000000000, 0.5275946911648332600 ) ) ;
#4495 =( LENGTH_UNIT ( ) NAMED_UNIT ( * ) SI_UNIT ( .MILLI., .METRE. ) );
#4496 = VERTEX_POINT ( 'NONE', #4983 ) ;
#4497 = SURFACE_SIDE_STYLE ('',( #6167 ) ) ;
#4498 = DIRECTION ( 'NONE',  ( -0.0000000000000000000, -1.000000000000000000, -0.0000000000000000000 ) ) ;
#4499 =( GEOMETRIC_REPRESENTATION_CONTEXT ( 3 ) GLOBAL_UNCERTAINTY_ASSIGNED_CONTEXT ( ( #705 ) ) GLOBAL_UNIT_ASSIGNED_CONTEXT ( ( #1826, #884, #5585 ) ) REPRESENTATION_CONTEXT ( 'NONE', 'WORKASPACE' ) );
#4500 = PLANE ( 'NONE',  #6819 ) ;
#4501 = EDGE_CURVE ( 'NONE', #249, #366, #6649, .T. ) ;
#4502 = EDGE_CURVE ( 'NONE', #1526, #2006, #4145, .T. ) ;
#4503 = EDGE_LOOP ( 'NONE', ( #3451, #4439, #6161, #1615 ) ) ;
#4504 = VERTEX_POINT ( 'NONE', #2841 ) ;
#4505 =( GEOMETRIC_REPRESENTATION_CONTEXT ( 3 ) GLOBAL_UNCERTAINTY_ASSIGNED_CONTEXT ( ( #4131 ) ) GLOBAL_UNIT_ASSIGNED_CONTEXT ( ( #5495, #2279, #6027 ) ) REPRESENTATION_CONTEXT ( 'NONE', 'WORKASPACE' ) );
#4506 = CARTESIAN_POINT ( 'NONE',  ( -3.800000000000002900, 15.60300524052492000, 0.0000000000000000000 ) ) ;
#4507 = FILL_AREA_STYLE_COLOUR ( '', #2207 ) ;
#4508 = SURFACE_SIDE_STYLE ('',( #2693 ) ) ;
#4509 = DIRECTION ( 'NONE',  ( 0.5270832698930794100, 0.0000000000000000000, -0.8498136422762459000 ) ) ;
#4510 =( GEOMETRIC_REPRESENTATION_CONTEXT ( 3 ) GLOBAL_UNCERTAINTY_ASSIGNED_CONTEXT ( ( #5063 ) ) GLOBAL_UNIT_ASSIGNED_CONTEXT ( ( #6009, #2810, #6559 ) ) REPRESENTATION_CONTEXT ( 'NONE', 'WORKASPACE' ) );
#4511 = DIRECTION ( 'NONE',  ( -1.000000000000000000, 0.0000000000000000000, 0.0000000000000000000 ) ) ;
#4512 = CARTESIAN_POINT ( 'NONE',  ( 16.00000000000000000, 1.500000000000000000, 10.00000000000000200 ) ) ;
#4513 = VECTOR ( 'NONE', #4786, 1000.000000000000000 ) ;
#4514 = VERTEX_POINT ( 'NONE', #6040 ) ;
#4515 = ORIENTED_EDGE ( 'NONE', *, *, #1974, .T. ) ;
#4516 = DIRECTION ( 'NONE',  ( 1.000000000000000000, 0.0000000000000000000, 3.469446951953611000E-015 ) ) ;
#4517 = VECTOR ( 'NONE', #2837, 1000.000000000000100 ) ;
#4518 = AXIS2_PLACEMENT_3D ( 'NONE', #3927, #1240, #3392 ) ;
#4519 = DIRECTION ( 'NONE',  ( 0.0000000000000000000, 0.0000000000000000000, -1.000000000000000000 ) ) ;
#4520 = STYLED_ITEM ( 'NONE', ( #3682 ), #6325 ) ;
#4521 = EDGE_CURVE ( 'NONE', #2052, #4040, #1104, .T. ) ;
#4522 = CARTESIAN_POINT ( 'NONE',  ( -6.970229851527613500, 0.0000000000000000000, 1.887535927521142500 ) ) ;
#4523 = DIRECTION ( 'NONE',  ( -0.8494962282757260200, 0.0000000000000000000, -0.5275946911648330400 ) ) ;
#4524 = ORIENTED_EDGE ( 'NONE', *, *, #5519, .F. ) ;
#4525 = ORIENTED_EDGE ( 'NONE', *, *, #1915, .F. ) ;
#4526 = ORIENTED_EDGE ( 'NONE', *, *, #6707, .F. ) ;
#4527 = ORIENTED_EDGE ( 'NONE', *, *, #6461, .T. ) ;
#4528 = CARTESIAN_POINT ( 'NONE',  ( -6.970229851527613500, 0.05000000000000000300, 4.825265866064569300 ) ) ;
#4529 = SURFACE_STYLE_FILL_AREA ( #3819 ) ;
#4530 = ADVANCED_FACE ( 'NONE', ( #6464 ), #2300, .T. ) ;
#4531 = ORIENTED_EDGE ( 'NONE', *, *, #3447, .T. ) ;
#4532 = DIRECTION ( 'NONE',  ( 0.0000000000000000000, -1.000000000000000000, -0.0000000000000000000 ) ) ;
#4533 = VERTEX_POINT ( 'NONE', #5012 ) ;
#4534 = VERTEX_POINT ( 'NONE', #1810 ) ;
#4535 = DIRECTION ( 'NONE',  ( 0.0000000000000000000, 0.0000000000000000000, 1.000000000000000000 ) ) ;
#4536 = DIRECTION ( 'NONE',  ( 1.000000000000000000, 0.0000000000000000000, 1.734723475976807100E-016 ) ) ;
#4537 = DIRECTION ( 'NONE',  ( 1.000000000000000000, -0.0000000000000000000, -1.084202172485504400E-016 ) ) ;
#4538 = EDGE_CURVE ( 'NONE', #539, #4958, #4542, .T. ) ;
#4539 = UNCERTAINTY_MEASURE_WITH_UNIT (LENGTH_MEASURE( 1.000000000000000100E-005 ), #5535, 'distance_accuracy_value', 'NONE');
#4540 =( NAMED_UNIT ( * ) PLANE_ANGLE_UNIT ( ) SI_UNIT ( $, .RADIAN. ) );
#4541 = ORIENTED_EDGE ( 'NONE', *, *, #4058, .F. ) ;
#4542 = LINE ( 'NONE', #5036, #3108 ) ;
#4543 = DIRECTION ( 'NONE',  ( -0.0000000000000000000, -1.000000000000000000, -0.0000000000000000000 ) ) ;
#4544 = CARTESIAN_POINT ( 'NONE',  ( -3.180661583331457500, 0.05000000000000000300, 2.929732241150968100 ) ) ;
#4545 = CARTESIAN_POINT ( 'NONE',  ( 2.571012190790981300, 0.05000000000000000300, -3.475422238637514600 ) ) ;
#4546 = EDGE_CURVE ( 'NONE', #5156, #3246, #5959, .T. ) ;
#4547 = STYLED_ITEM ( 'NONE', ( #3575 ), #6868 ) ;
#4548 = UNCERTAINTY_MEASURE_WITH_UNIT (LENGTH_MEASURE( 1.000000000000000100E-005 ), #43, 'distance_accuracy_value', 'NONE');
#4549 = SURFACE_STYLE_USAGE ( .BOTH. , #799 ) ;
#4550 = CARTESIAN_POINT ( 'NONE',  ( 19.74999999999999600, -5.249999999999949400, -1.499999999999998200 ) ) ;
#4551 = VECTOR ( 'NONE', #2677, 1000.000000000000000 ) ;
#4552 = AXIS2_PLACEMENT_3D ( 'NONE', #6360, #5827, #4686 ) ;
#4553 =( GEOMETRIC_REPRESENTATION_CONTEXT ( 3 ) GLOBAL_UNCERTAINTY_ASSIGNED_CONTEXT ( ( #1197 ) ) GLOBAL_UNIT_ASSIGNED_CONTEXT ( ( #4921, #1698, #5448 ) ) REPRESENTATION_CONTEXT ( 'NONE', 'WORKASPACE' ) );
#4554 =( NAMED_UNIT ( * ) SI_UNIT ( $, .STERADIAN. ) SOLID_ANGLE_UNIT ( ) );
#4555 = VERTEX_POINT ( 'NONE', #6648 ) ;
#4556 = VECTOR ( 'NONE', #6280, 1000.000000000000000 ) ;
#4557 = AXIS2_PLACEMENT_3D ( 'NONE', #3374, #161, #3941 ) ;
#4558 = ORIENTED_EDGE ( 'NONE', *, *, #5754, .T. ) ;
#4559 = ORIENTED_EDGE ( 'NONE', *, *, #1727, .F. ) ;
#4560 = CARTESIAN_POINT ( 'NONE',  ( 3.121012190790982900, 0.05000000000000000300, -3.783294761366649900 ) ) ;
#4561 = FILL_AREA_STYLE_COLOUR ( '', #3732 ) ;
#4562 = CARTESIAN_POINT ( 'NONE',  ( -0.7410933151353015200, 0.05000000000000000300, 2.087777753867637600 ) ) ;
#4563 = ADVANCED_FACE ( 'NONE', ( #3277 ), #208, .F. ) ;
#4564 = COLOUR_RGB ( '',0.8980392156862745400, 0.8980392156862745400, 0.8980392156862745400 ) ;
#4565 = VECTOR ( 'NONE', #1317, 1000.000000000000000 ) ;
#4566 = ORIENTED_EDGE ( 'NONE', *, *, #3326, .T. ) ;
#4567 = CARTESIAN_POINT ( 'NONE',  ( 13.25000000000001400, -5.749999999999923600, -3.499999999999997800 ) ) ;
#4568 = TOROIDAL_SURFACE ( 'NONE', #4696, 9.300000000000000700, 0.5000000000000004400 ) ;
#4569 = ADVANCED_FACE ( 'NONE', ( #261 ), #5678, .F. ) ;
#4570 = ORIENTED_EDGE ( 'NONE', *, *, #6274, .F. ) ;
#4571 = EDGE_CURVE ( 'NONE', #1945, #4026, #127, .T. ) ;
#4572 =( NAMED_UNIT ( * ) SI_UNIT ( $, .STERADIAN. ) SOLID_ANGLE_UNIT ( ) );
#4573 = VERTEX_POINT ( 'NONE', #5076 ) ;
#4574 = PRESENTATION_STYLE_ASSIGNMENT (( #4084 ) ) ;
#4575 = LINE ( 'NONE', #3788, #460 ) ;
#4576 = ORIENTED_EDGE ( 'NONE', *, *, #2431, .T. ) ;
#4577 = ORIENTED_EDGE ( 'NONE', *, *, #1271, .F. ) ;
#4578 = EDGE_CURVE ( 'NONE', #2094, #1709, #4430, .T. ) ;
#4579 = CARTESIAN_POINT ( 'NONE',  ( -3.800000000000002900, 7.000000000000000900, -8.705697048393359300 ) ) ;
#4580 =( NAMED_UNIT ( * ) PLANE_ANGLE_UNIT ( ) SI_UNIT ( $, .RADIAN. ) );
#4581 = LINE ( 'NONE', #6450, #1732 ) ;
#4582 = CARTESIAN_POINT ( 'NONE',  ( -3.765765784890264800, 0.05000000000000000300, -4.767752686762338300 ) ) ;
#4583 = DIRECTION ( 'NONE',  ( -0.0000000000000000000, 0.0000000000000000000, 1.000000000000000000 ) ) ;
#4584 = STYLED_ITEM ( 'NONE', ( #6904 ), #532 ) ;
#4585 = COLOUR_RGB ( '',0.8980392156862745400, 0.8980392156862745400, 0.8980392156862745400 ) ;
#4586 = SURFACE_SIDE_STYLE ('',( #2178 ) ) ;
#4587 = CYLINDRICAL_SURFACE ( 'NONE', #780, 0.7500000000000006700 ) ;
#4588 = CARTESIAN_POINT ( 'NONE',  ( 13.25000000000001400, -5.750000000000000000, 3.500000000000000000 ) ) ;
#4589 = COLOUR_RGB ( '',0.8980392156862745400, 0.8980392156862745400, 0.8980392156862745400 ) ;
#4590 = AXIS2_PLACEMENT_3D ( 'NONE', #6816, #3610, #386 ) ;
#4591 =( NAMED_UNIT ( * ) PLANE_ANGLE_UNIT ( ) SI_UNIT ( $, .RADIAN. ) );
#4592 = CARTESIAN_POINT ( 'NONE',  ( 12.00000000000008000, -4.499999999999992900, -3.999999999999998200 ) ) ;
#4593 = EDGE_LOOP ( 'NONE', ( #6606, #5633, #2457, #76 ) ) ;
#4594 = EDGE_CURVE ( 'NONE', #6459, #1969, #2819, .T. ) ;
#4595 = SURFACE_SIDE_STYLE ('',( #2798 ) ) ;
#4596 = FACE_OUTER_BOUND ( 'NONE', #1453, .T. ) ;
#4597 = EDGE_CURVE ( 'NONE', #3270, #193, #4269, .T. ) ;
#4598 = COLOUR_RGB ( '',0.8980392156862745400, 0.8980392156862745400, 0.8980392156862745400 ) ;
#4599 = PRESENTATION_LAYER_ASSIGNMENT (  '', '', ( #4267 ) ) ;
#4600 = ORIENTED_EDGE ( 'NONE', *, *, #674, .F. ) ;
#4601 = AXIS2_PLACEMENT_3D ( 'NONE', #6332, #3116, #6886 ) ;
#4602 = CARTESIAN_POINT ( 'NONE',  ( 12.50000000000002700, 3.500000000000000000, 1.500000000000000900 ) ) ;
#4603 =( NAMED_UNIT ( * ) PLANE_ANGLE_UNIT ( ) SI_UNIT ( $, .RADIAN. ) );
#4604 = CARTESIAN_POINT ( 'NONE',  ( 13.25000000000001400, -5.750000000000000000, 3.500000000000000000 ) ) ;
#4605 = LINE ( 'NONE', #607, #6020 ) ;
#4606 = DIRECTION ( 'NONE',  ( 1.000000000000000000, -0.0000000000000000000, 0.0000000000000000000 ) ) ;
#4607 = ORIENTED_EDGE ( 'NONE', *, *, #6623, .T. ) ;
#4608 = PLANE ( 'NONE',  #4748 ) ;
#4609 = CARTESIAN_POINT ( 'NONE',  ( -3.655661583331457200, 0.05000000000000000300, -0.4766489202095020000 ) ) ;
#4610 = ORIENTED_EDGE ( 'NONE', *, *, #5962, .F. ) ;
#4611 = PRESENTATION_LAYER_ASSIGNMENT (  '', '', ( #3903 ) ) ;
#4612 = FILL_AREA_STYLE ('',( #319 ) ) ;
#4613 = ORIENTED_EDGE ( 'NONE', *, *, #1727, .T. ) ;
#4614 = FILL_AREA_STYLE_COLOUR ( '', #2491 ) ;
#4615 = CARTESIAN_POINT ( 'NONE',  ( -0.7410933151353015200, 0.05000000000000000300, 2.287777753867636000 ) ) ;
#4616 = ORIENTED_EDGE ( 'NONE', *, *, #4281, .T. ) ;
#4617 = VERTEX_POINT ( 'NONE', #260 ) ;
#4618 = EDGE_CURVE ( 'NONE', #583, #440, #1230, .T. ) ;
#4619 = CARTESIAN_POINT ( 'NONE',  ( -3.380661583331455900, 0.0000000000000000000, 6.404437243815919200 ) ) ;
#4620 =( NAMED_UNIT ( * ) PLANE_ANGLE_UNIT ( ) SI_UNIT ( $, .RADIAN. ) );
#4621 = DIRECTION ( 'NONE',  ( -0.0000000000000000000, -0.0000000000000000000, -1.000000000000000000 ) ) ;
#4622 = AXIS2_PLACEMENT_3D ( 'NONE', #638, #4404, #1189 ) ;
#4623 = FILL_AREA_STYLE ('',( #865 ) ) ;
#4624 = UNCERTAINTY_MEASURE_WITH_UNIT (LENGTH_MEASURE( 1.000000000000000100E-005 ), #30, 'distance_accuracy_value', 'NONE');
#4625 = EDGE_CURVE ( 'NONE', #550, #1059, #1404, .T. ) ;
#4626 = EDGE_CURVE ( 'NONE', #380, #5938, #5337, .T. ) ;
#4627 =( NAMED_UNIT ( * ) SI_UNIT ( $, .STERADIAN. ) SOLID_ANGLE_UNIT ( ) );
#4628 = CARTESIAN_POINT ( 'NONE',  ( -0.7410933151353015200, 0.05000000000000000300, 2.287777753867636000 ) ) ;
#4629 = PRESENTATION_STYLE_ASSIGNMENT (( #2244 ) ) ;
#4630 = AXIS2_PLACEMENT_3D ( 'NONE', #1125, #4881, #1663 ) ;
#4631 = DIRECTION ( 'NONE',  ( 0.0000000000000000000, 0.0000000000000000000, -1.000000000000000000 ) ) ;
#4632 = CARTESIAN_POINT ( 'NONE',  ( -4.055661583331458400, 0.0000000000000000000, -3.481134468123456800 ) ) ;
#4633 = ORIENTED_EDGE ( 'NONE', *, *, #434, .F. ) ;
#4634 = CARTESIAN_POINT ( 'NONE',  ( -3.800000000000002900, 7.000000000000000900, 0.0000000000000000000 ) ) ;
#4635 = SURFACE_STYLE_USAGE ( .BOTH. , #878 ) ;
#4636 = VECTOR ( 'NONE', #6748, 1000.000000000000000 ) ;
#4637 = ORIENTED_EDGE ( 'NONE', *, *, #4858, .F. ) ;
#4638 = LINE ( 'NONE', #1611, #1782 ) ;
#4639 = ORIENTED_EDGE ( 'NONE', *, *, #6843, .F. ) ;
#4640 = ORIENTED_EDGE ( 'NONE', *, *, #5700, .T. ) ;
#4641 = PRODUCT_DEFINITION_FORMATION_WITH_SPECIFIED_SOURCE ( 'ANY', '', #3716, .NOT_KNOWN. ) ;
#4642 = FILL_AREA_STYLE ('',( #1965 ) ) ;
#4643 = VECTOR ( 'NONE', #5773, 1000.000000000000000 ) ;
#4644 = CARTESIAN_POINT ( 'NONE',  ( -9.332335357453892800, 0.0000000000000000000, -3.475422238637514600 ) ) ;
#4645 = VECTOR ( 'NONE', #1908, 1000.000000000000000 ) ;
#4646 = EDGE_LOOP ( 'NONE', ( #5865, #5416, #5870, #5591 ) ) ;
#4647 = ORIENTED_EDGE ( 'NONE', *, *, #5183, .F. ) ;
#4648 = CARTESIAN_POINT ( 'NONE',  ( 13.25000000000001400, -5.749999999999947600, -1.499999999999998200 ) ) ;
#4649 = FACE_BOUND ( 'NONE', #2560, .T. ) ;
#4650 = VECTOR ( 'NONE', #1282, 1000.000000000000000 ) ;
#4651 = DIRECTION ( 'NONE',  ( -0.8498136422762461200, 0.0000000000000000000, 0.5270832698930790800 ) ) ;
#4652 =( GEOMETRIC_REPRESENTATION_CONTEXT ( 3 ) GLOBAL_UNCERTAINTY_ASSIGNED_CONTEXT ( ( #3285 ) ) GLOBAL_UNIT_ASSIGNED_CONTEXT ( ( #4172, #927, #4692 ) ) REPRESENTATION_CONTEXT ( 'NONE', 'WORKASPACE' ) );
#4653 = PLANE ( 'NONE',  #1375 ) ;
#4654 = STYLED_ITEM ( 'NONE', ( #4953 ), #5975 ) ;
#4655 = ORIENTED_EDGE ( 'NONE', *, *, #5478, .F. ) ;
#4656 = VECTOR ( 'NONE', #2811, 1000.000000000000000 ) ;
#4657 = DIRECTION ( 'NONE',  ( 0.0000000000000000000, 0.0000000000000000000, 1.000000000000000000 ) ) ;
#4658 = SURFACE_STYLE_FILL_AREA ( #1688 ) ;
#4659 = CYLINDRICAL_SURFACE ( 'NONE', #693, 0.7499999999999486000 ) ;
#4660 = ORIENTED_EDGE ( 'NONE', *, *, #1796, .F. ) ;
#4661 = ADVANCED_FACE ( 'NONE', ( #1049 ), #6159, .F. ) ;
#4662 = CARTESIAN_POINT ( 'NONE',  ( -9.882335357453893500, 0.05000000000000000300, -3.783294761366649900 ) ) ;
#4663 = DIRECTION ( 'NONE',  ( 3.469446951953614200E-015, 0.0000000000000000000, -1.000000000000000000 ) ) ;
#4664 = FILL_AREA_STYLE_COLOUR ( '', #3056 ) ;
#4665 = VECTOR ( 'NONE', #5137, 1000.000000000000000 ) ;
#4666 = LINE ( 'NONE', #1481, #1315 ) ;
#4667 = COLOUR_RGB ( '',0.8980392156862745400, 0.8980392156862745400, 0.8980392156862745400 ) ;
#4668 = FILL_AREA_STYLE ('',( #906 ) ) ;
#4669 = AXIS2_PLACEMENT_3D ( 'NONE', #1797, #5551, #2340 ) ;
#4670 = ORIENTED_EDGE ( 'NONE', *, *, #4257, .T. ) ;
#4671 = ORIENTED_EDGE ( 'NONE', *, *, #4466, .T. ) ;
#4672 = UNCERTAINTY_MEASURE_WITH_UNIT (LENGTH_MEASURE( 1.000000000000000100E-005 ), #6655, 'distance_accuracy_value', 'NONE');
#4673 = CARTESIAN_POINT ( 'NONE',  ( 12.00000000000005300, -4.499999999999992900, -1.499999999999998200 ) ) ;
#4674 = DIRECTION ( 'NONE',  ( -0.8494962282757256800, -0.0000000000000000000, -0.5275946911648336000 ) ) ;
#4675 = VECTOR ( 'NONE', #5716, 1000.000000000000000 ) ;
#4676 = EDGE_CURVE ( 'NONE', #2456, #2152, #1972, .T. ) ;
#4677 = DIRECTION ( 'NONE',  ( 0.0000000000000000000, -1.000000000000000000, 0.0000000000000000000 ) ) ;
#4678 = CARTESIAN_POINT ( 'NONE',  ( 12.00000000000005300, 3.500000000000000000, -1.499999999999998200 ) ) ;
#4679 = SURFACE_STYLE_USAGE ( .BOTH. , #916 ) ;
#4680 = SURFACE_STYLE_USAGE ( .BOTH. , #917 ) ;
#4681 = PRESENTATION_STYLE_ASSIGNMENT (( #2495 ) ) ;
#4682 = CARTESIAN_POINT ( 'NONE',  ( 16.00000000000000000, 1.500000000000000000, 10.00000000000000200 ) ) ;
#4683 = ORIENTED_EDGE ( 'NONE', *, *, #4289, .T. ) ;
#4684 = VECTOR ( 'NONE', #5548, 1000.000000000000100 ) ;
#4685 = ORIENTED_EDGE ( 'NONE', *, *, #4358, .T. ) ;
#4686 = DIRECTION ( 'NONE',  ( 0.0000000000000000000, 0.0000000000000000000, 1.000000000000000000 ) ) ;
#4687 = SURFACE_SIDE_STYLE ('',( #1501 ) ) ;
#4688 = EDGE_CURVE ( 'NONE', #6368, #2673, #6076, .T. ) ;
#4689 = PRESENTATION_STYLE_ASSIGNMENT (( #2227 ) ) ;
#4690 = CIRCLE ( 'NONE', #1999, 5.894302951606641200 ) ;
#4691 =( NAMED_UNIT ( * ) PLANE_ANGLE_UNIT ( ) SI_UNIT ( $, .RADIAN. ) );
#4692 =( NAMED_UNIT ( * ) SI_UNIT ( $, .STERADIAN. ) SOLID_ANGLE_UNIT ( ) );
#4693 = DIRECTION ( 'NONE',  ( 0.0000000000000000000, -0.0000000000000000000, 1.000000000000000000 ) ) ;
#4694 = PRESENTATION_LAYER_ASSIGNMENT (  '', '', ( #3990 ) ) ;
#4695 = ADVANCED_FACE ( 'NONE', ( #3405 ), #6758, .F. ) ;
#4696 = AXIS2_PLACEMENT_3D ( 'NONE', #1297, #227, #4006 ) ;
#4697 = ORIENTED_EDGE ( 'NONE', *, *, #6028, .F. ) ;
#4698 = DIRECTION ( 'NONE',  ( -0.0000000000000000000, 0.0000000000000000000, 1.000000000000000000 ) ) ;
#4699 = ORIENTED_EDGE ( 'NONE', *, *, #435, .T. ) ;
#4700 = ORIENTED_EDGE ( 'NONE', *, *, #6623, .F. ) ;
#4701 = VERTEX_POINT ( 'NONE', #3000 ) ;
#4702 = CYLINDRICAL_SURFACE ( 'NONE', #6400, 0.7499999999999746900 ) ;
#4703 = CARTESIAN_POINT ( 'NONE',  ( -0.3410933151353004500, 0.05000000000000000300, 0.8403352088708592200 ) ) ;
#4704 = CARTESIAN_POINT ( 'NONE',  ( -0.7524089893314011000, 0.05000000000000000300, -6.159029468782984300 ) ) ;
#4705 = CARTESIAN_POINT ( 'NONE',  ( 0.0000000000000000000, 0.05000000000000000300, 0.0000000000000000000 ) ) ;
#4706 = ORIENTED_EDGE ( 'NONE', *, *, #63, .T. ) ;
#4707 = VERTEX_POINT ( 'NONE', #3024 ) ;
#4708 = ORIENTED_EDGE ( 'NONE', *, *, #2102, .F. ) ;
#4709 = CIRCLE ( 'NONE', #529, 9.800000000000000700 ) ;
#4710 = PRESENTATION_LAYER_ASSIGNMENT (  '', '', ( #4004 ) ) ;
#4711 = EDGE_CURVE ( 'NONE', #4496, #5358, #5588, .T. ) ;
#4712 = ADVANCED_FACE ( 'NONE', ( #2728 ), #348, .F. ) ;
#4713 = CARTESIAN_POINT ( 'NONE',  ( -6.420229851527615500, 0.0000000000000000000, 4.519193818477629200 ) ) ;
#4714 = DIRECTION ( 'NONE',  ( 1.000000000000000000, -0.0000000000000000000, -0.0000000000000000000 ) ) ;
#4715 = ORIENTED_EDGE ( 'NONE', *, *, #1862, .F. ) ;
#4716 = DIRECTION ( 'NONE',  ( 0.0000000000000000000, 0.0000000000000000000, -1.000000000000000000 ) ) ;
#4717 = SURFACE_SIDE_STYLE ('',( #2979 ) ) ;
#4718 =( NAMED_UNIT ( * ) PLANE_ANGLE_UNIT ( ) SI_UNIT ( $, .RADIAN. ) );
#4719 = PRESENTATION_LAYER_ASSIGNMENT (  '', '', ( #4015 ) ) ;
#4720 = CARTESIAN_POINT ( 'NONE',  ( -16.00000000000000000, 0.0000000000000000000, 10.00000000000000500 ) ) ;
#4721 = MECHANICAL_DESIGN_GEOMETRIC_PRESENTATION_REPRESENTATION (  '', ( #3645 ), #5085 ) ;
#4722 = LINE ( 'NONE', #1057, #765 ) ;
#4723 = DIRECTION ( 'NONE',  ( 0.0000000000000000000, 0.0000000000000000000, -1.000000000000000000 ) ) ;
#4724 = SURFACE_SIDE_STYLE ('',( #523 ) ) ;
#4725 = COLOUR_RGB ( '',0.8980392156862745400, 0.8980392156862745400, 0.8980392156862745400 ) ;
#4726 = AXIS2_PLACEMENT_3D ( 'NONE', #1900, #5663, #2434 ) ;
#4727 = SURFACE_STYLE_USAGE ( .BOTH. , #967 ) ;
#4728 = PLANE ( 'NONE',  #2597 ) ;
#4729 = CARTESIAN_POINT ( 'NONE',  ( 12.00000000000000000, 1.500000000000000000, 4.000000000000000000 ) ) ;
#4730 = CARTESIAN_POINT ( 'NONE',  ( 12.50000000000007800, -4.499999999999992900, -3.999999999999998200 ) ) ;
#4731 = ADVANCED_FACE ( 'NONE', ( #5409 ), #2503, .T. ) ;
#4732 = VERTEX_POINT ( 'NONE', #5726 ) ;
#4733 = VECTOR ( 'NONE', #1499, 1000.000000000000000 ) ;
#4734 = ORIENTED_EDGE ( 'NONE', *, *, #174, .T. ) ;
#4735 = VERTEX_POINT ( 'NONE', #2524 ) ;
#4736 = CARTESIAN_POINT ( 'NONE',  ( 13.50000000000000200, 0.0000000000000000000, -5.000000000000000900 ) ) ;
#4737 = CIRCLE ( 'NONE', #2761, 1.500000000000001300 ) ;
#4738 = FACE_OUTER_BOUND ( 'NONE', #2288, .T. ) ;
#4739 = CARTESIAN_POINT ( 'NONE',  ( -0.3410933151353004500, 0.0000000000000000000, 0.8403352088708592200 ) ) ;
#4740 = STYLED_ITEM ( 'NONE', ( #5992 ), #2913 ) ;
#4741 = CIRCLE ( 'NONE', #1587, 1.500000000000001300 ) ;
#4742 = ORIENTED_EDGE ( 'NONE', *, *, #4546, .F. ) ;
#4743 = FILL_AREA_STYLE_COLOUR ( '', #2304 ) ;
#4744 = DIRECTION ( 'NONE',  ( 1.000000000000000000, 0.0000000000000000000, 0.0000000000000000000 ) ) ;
#4745 = ADVANCED_FACE ( 'NONE', ( #3482 ), #1988, .T. ) ;
#4746 = VERTEX_POINT ( 'NONE', #6265 ) ;
#4747 = SURFACE_STYLE_FILL_AREA ( #5541 ) ;
#4748 = AXIS2_PLACEMENT_3D ( 'NONE', #871, #4631, #1433 ) ;
#4749 = APPLICATION_CONTEXT ( 'automotive_design' ) ;
#4750 = EDGE_LOOP ( 'NONE', ( #1301, #1178, #5193, #2630 ) ) ;
#4751 = EDGE_LOOP ( 'NONE', ( #6197, #1025, #3378, #976, #6538, #4328, #5148, #4378, #3436, #2387 ) ) ;
#4752 = DIRECTION ( 'NONE',  ( -3.469446951953614200E-015, -0.0000000000000000000, 1.000000000000000000 ) ) ;
#4753 = PRESENTATION_LAYER_ASSIGNMENT (  '', '', ( #4044 ) ) ;
#4754 = ORIENTED_EDGE ( 'NONE', *, *, #1880, .F. ) ;
#4755 = SURFACE_SIDE_STYLE ('',( #438 ) ) ;
#4756 = CARTESIAN_POINT ( 'NONE',  ( -3.180661583331457500, 0.05000000000000000300, 3.548872037816159800 ) ) ;
#4757 = CARTESIAN_POINT ( 'NONE',  ( -13.49999999999999800, 1.500000000000000000, -7.499999999999994700 ) ) ;
#4758 = EDGE_CURVE ( 'NONE', #5161, #2033, #5831, .T. ) ;
#4759 = FACE_OUTER_BOUND ( 'NONE', #2997, .T. ) ;
#4760 = CARTESIAN_POINT ( 'NONE',  ( -6.420229851527615500, 0.05000000000000000300, -1.365134884645989000 ) ) ;
#4761 = DIRECTION ( 'NONE',  ( 1.000000000000000000, 0.0000000000000000000, 0.0000000000000000000 ) ) ;
#4762 = ADVANCED_FACE ( 'NONE', ( #290 ), #5163, .F. ) ;
#4763 = FILL_AREA_STYLE ('',( #3681 ) ) ;
#4764 = UNCERTAINTY_MEASURE_WITH_UNIT (LENGTH_MEASURE( 1.000000000000000100E-005 ), #3886, 'distance_accuracy_value', 'NONE');
#4765 = LINE ( 'NONE', #125, #1735 ) ;
#4766 = PRESENTATION_LAYER_ASSIGNMENT (  '', '', ( #5121 ) ) ;
#4767 = ORIENTED_EDGE ( 'NONE', *, *, #2018, .T. ) ;
#4768 = DIRECTION ( 'NONE',  ( -0.5270832698930794100, 0.0000000000000000000, -0.8498136422762459000 ) ) ;
#4769 = VERTEX_POINT ( 'NONE', #3664 ) ;
#4770 = VECTOR ( 'NONE', #6341, 1000.000000000000000 ) ;
#4771 = LINE ( 'NONE', #4849, #3335 ) ;
#4772 = EDGE_CURVE ( 'NONE', #5725, #1500, #1041, .T. ) ;
#4773 = ADVANCED_FACE ( 'NONE', ( #6591 ), #1534, .T. ) ;
#4774 = EDGE_CURVE ( 'NONE', #4222, #4308, #1800, .T. ) ;
#4775 = DIRECTION ( 'NONE',  ( 0.0000000000000000000, 0.0000000000000000000, -1.000000000000000000 ) ) ;
#4776 = CARTESIAN_POINT ( 'NONE',  ( 10.40000000000000000, 0.0000000000000000000, 9.800000000000004300 ) ) ;
#4777 = LINE ( 'NONE', #1211, #3343 ) ;
#4778 = EDGE_LOOP ( 'NONE', ( #1977, #2920, #5376, #6144 ) ) ;
#4779 = DIRECTION ( 'NONE',  ( -0.0000000000000000000, -1.000000000000000000, -0.0000000000000000000 ) ) ;
#4780 = DIRECTION ( 'NONE',  ( -0.0000000000000000000, -0.0000000000000000000, 1.000000000000000000 ) ) ;
#4781 = CARTESIAN_POINT ( 'NONE',  ( 12.50000000000007800, -4.499999999999992900, -3.999999999999998200 ) ) ;
#4782 = CARTESIAN_POINT ( 'NONE',  ( -3.180661583331457500, 0.05000000000000000300, 2.929732241150968100 ) ) ;
#4783 = VECTOR ( 'NONE', #5425, 1000.000000000000000 ) ;
#4784 = CARTESIAN_POINT ( 'NONE',  ( -6.020229851527614300, 0.05000000000000000300, 2.087777753867637600 ) ) ;
#4785 = ORIENTED_EDGE ( 'NONE', *, *, #1072, .F. ) ;
#4786 = DIRECTION ( 'NONE',  ( -0.0000000000000000000, -1.000000000000000000, -0.0000000000000000000 ) ) ;
#4787 = ORIENTED_EDGE ( 'NONE', *, *, #3420, .F. ) ;
#4788 = PRESENTATION_LAYER_ASSIGNMENT (  '', '', ( #5135 ) ) ;
#4789 = ORIENTED_EDGE ( 'NONE', *, *, #6629, .F. ) ;
#4790 = VERTEX_POINT ( 'NONE', #6874 ) ;
#4791 = DIRECTION ( 'NONE',  ( -4.832099224333222000E-029, 3.469446951953611000E-015, -1.000000000000000000 ) ) ;
#4792 = VERTEX_POINT ( 'NONE', #1734 ) ;
#4793 = ORIENTED_EDGE ( 'NONE', *, *, #3891, .F. ) ;
#4794 = AXIS2_PLACEMENT_3D ( 'NONE', #2303, #6042, #2846 ) ;
#4795 =( GEOMETRIC_REPRESENTATION_CONTEXT ( 3 ) GLOBAL_UNCERTAINTY_ASSIGNED_CONTEXT ( ( #4463 ) ) GLOBAL_UNIT_ASSIGNED_CONTEXT ( ( #6729, #3501, #288 ) ) REPRESENTATION_CONTEXT ( 'NONE', 'WORKASPACE' ) );
#4796 = AXIS2_PLACEMENT_3D ( 'NONE', #1921, #5682, #2452 ) ;
#4797 = ADVANCED_FACE ( 'NONE', ( #6068 ), #2267, .F. ) ;
#4798 = DIRECTION ( 'NONE',  ( -3.469446951953611000E-015, -0.0000000000000000000, 1.000000000000000000 ) ) ;
#4799 = FILL_AREA_STYLE_COLOUR ( '', #2191 ) ;
#4800 = FILL_AREA_STYLE_COLOUR ( '', #855 ) ;
#4801 = ADVANCED_FACE ( 'NONE', ( #367 ), #3345, .T. ) ;
#4802 = EDGE_CURVE ( 'NONE', #2872, #6030, #3057, .T. ) ;
#4803 =( LENGTH_UNIT ( ) NAMED_UNIT ( * ) SI_UNIT ( .MILLI., .METRE. ) );
#4804 = CARTESIAN_POINT ( 'NONE',  ( 13.50000000000000000, 0.0000000000000000000, -8.999999999999998200 ) ) ;
#4805 = DIRECTION ( 'NONE',  ( -0.0000000000000000000, -1.000000000000000000, -0.0000000000000000000 ) ) ;
#4806 = FACE_OUTER_BOUND ( 'NONE', #3615, .T. ) ;
#4807 = DIRECTION ( 'NONE',  ( 1.000000000000000000, 0.0000000000000000000, 0.0000000000000000000 ) ) ;
#4808 = ORIENTED_EDGE ( 'NONE', *, *, #6343, .F. ) ;
#4809 = EDGE_CURVE ( 'NONE', #2934, #6506, #4493, .T. ) ;
#4810 = LINE ( 'NONE', #4704, #6568 ) ;
#4811 = LINE ( 'NONE', #5108, #689 ) ;
#4812 = EDGE_LOOP ( 'NONE', ( #4352, #66, #3915, #106 ) ) ;
#4813 = ORIENTED_EDGE ( 'NONE', *, *, #1483, .F. ) ;
#4814 = FACE_BOUND ( 'NONE', #5949, .T. ) ;
#4815 = LINE ( 'NONE', #5216, #3383 ) ;
#4816 = DIRECTION ( 'NONE',  ( 0.8498136422762452300, -0.0000000000000000000, -0.5270832698930804100 ) ) ;
#4817 = SURFACE_STYLE_FILL_AREA ( #4393 ) ;
#4818 = ORIENTED_EDGE ( 'NONE', *, *, #4809, .F. ) ;
#4819 = MECHANICAL_DESIGN_GEOMETRIC_PRESENTATION_REPRESENTATION (  '', ( #3747 ), #5178 ) ;
#4820 = ORIENTED_EDGE ( 'NONE', *, *, #6100, .T. ) ;
#4821 = LINE ( 'NONE', #6942, #527 ) ;
#4822 = EDGE_CURVE ( 'NONE', #1781, #2941, #3224, .T. ) ;
#4823 = PLANE ( 'NONE',  #1834 ) ;
#4824 =( NAMED_UNIT ( * ) SI_UNIT ( $, .STERADIAN. ) SOLID_ANGLE_UNIT ( ) );
#4825 = PLANE ( 'NONE',  #4929 ) ;
#4826 = DIRECTION ( 'NONE',  ( -0.0000000000000000000, 0.0000000000000000000, 1.000000000000000000 ) ) ;
#4827 = ORIENTED_EDGE ( 'NONE', *, *, #2965, .F. ) ;
#4828 =( LENGTH_UNIT ( ) NAMED_UNIT ( * ) SI_UNIT ( .MILLI., .METRE. ) );
#4829 = COLOUR_RGB ( '',0.8980392156862745400, 0.8980392156862745400, 0.8980392156862745400 ) ;
#4830 = EDGE_CURVE ( 'NONE', #2673, #6969, #5749, .T. ) ;
#4831 = ORIENTED_EDGE ( 'NONE', *, *, #6777, .T. ) ;
#4832 = STYLED_ITEM ( 'NONE', ( #6069 ), #3171 ) ;
#4833 =( GEOMETRIC_REPRESENTATION_CONTEXT ( 3 ) GLOBAL_UNCERTAINTY_ASSIGNED_CONTEXT ( ( #4037 ) ) GLOBAL_UNIT_ASSIGNED_CONTEXT ( ( #6857, #3647, #420 ) ) REPRESENTATION_CONTEXT ( 'NONE', 'WORKASPACE' ) );
#4834 = LINE ( 'NONE', #3946, #1971 ) ;
#4835 = SURFACE_STYLE_USAGE ( .BOTH. , #1073 ) ;
#4836 = VECTOR ( 'NONE', #2516, 1000.000000000000000 ) ;
#4837 = ADVANCED_FACE ( 'NONE', ( #1638 ), #6614, .F. ) ;
#4838 =( NAMED_UNIT ( * ) PLANE_ANGLE_UNIT ( ) SI_UNIT ( $, .RADIAN. ) );
#4839 = ORIENTED_EDGE ( 'NONE', *, *, #4449, .F. ) ;
#4840 = CARTESIAN_POINT ( 'NONE',  ( 12.50000000000002700, -4.499999999999992900, 1.000000000000000900 ) ) ;
#4841 = CARTESIAN_POINT ( 'NONE',  ( -3.580661583331458300, 0.05000000000000000300, 3.548872037816159800 ) ) ;
#4842 = MECHANICAL_DESIGN_GEOMETRIC_PRESENTATION_REPRESENTATION (  '', ( #4141 ), #5200 ) ;
#4843 = LINE ( 'NONE', #6230, #4675 ) ;
#4844 = ORIENTED_EDGE ( 'NONE', *, *, #6018, .T. ) ;
#4845 = UNCERTAINTY_MEASURE_WITH_UNIT (LENGTH_MEASURE( 1.000000000000000100E-005 ), #2071, 'distance_accuracy_value', 'NONE');
#4846 = CARTESIAN_POINT ( 'NONE',  ( 3.600000000000000100, 0.0000000000000000000, 9.800000000000006000 ) ) ;
#4847 = SURFACE_STYLE_USAGE ( .BOTH. , #1088 ) ;
#4848 = FILL_AREA_STYLE_COLOUR ( '', #1257 ) ;
#4849 = CARTESIAN_POINT ( 'NONE',  ( -6.970229851527613500, 0.0000000000000000000, 1.240335208870860100 ) ) ;
#4850 = COLOUR_RGB ( '',0.8980392156862745400, 0.8980392156862745400, 0.8980392156862745400 ) ;
#4851 = AXIS2_PLACEMENT_3D ( 'NONE', #425, #4207, #969 ) ;
#4852 = ORIENTED_EDGE ( 'NONE', *, *, #1314, .T. ) ;
#4853 = ORIENTED_EDGE ( 'NONE', *, *, #3522, .T. ) ;
#4854 = CIRCLE ( 'NONE', #177, 1.499999999999998700 ) ;
#4855 = EDGE_CURVE ( 'NONE', #5007, #1623, #2377, .T. ) ;
#4856 = UNCERTAINTY_MEASURE_WITH_UNIT (LENGTH_MEASURE( 1.000000000000000100E-005 ), #1109, 'distance_accuracy_value', 'NONE');
#4857 = LINE ( 'NONE', #1245, #3432 ) ;
#4858 = EDGE_CURVE ( 'NONE', #732, #378, #948, .T. ) ;
#4859 = PRESENTATION_STYLE_ASSIGNMENT (( #1594 ) ) ;
#4860 = DIRECTION ( 'NONE',  ( -0.5270832698930805200, 0.0000000000000000000, -0.8498136422762453400 ) ) ;
#4861 =( NAMED_UNIT ( * ) PLANE_ANGLE_UNIT ( ) SI_UNIT ( $, .RADIAN. ) );
#4862 = COLOUR_RGB ( '',0.8980392156862745400, 0.8980392156862745400, 0.8980392156862745400 ) ;
#4863 = DIRECTION ( 'NONE',  ( 0.0000000000000000000, 0.0000000000000000000, -1.000000000000000000 ) ) ;
#4864 = CARTESIAN_POINT ( 'NONE',  ( -0.7524089893314011000, 0.0000000000000000000, -6.159029468782984300 ) ) ;
#4865 = VERTEX_POINT ( 'NONE', #3977 ) ;
#4866 =( NAMED_UNIT ( * ) PLANE_ANGLE_UNIT ( ) SI_UNIT ( $, .RADIAN. ) );
#4867 = ORIENTED_EDGE ( 'NONE', *, *, #4449, .T. ) ;
#4868 = DIRECTION ( 'NONE',  ( 0.0000000000000000000, 0.0000000000000000000, 1.000000000000000000 ) ) ;
#4869 = EDGE_LOOP ( 'NONE', ( #5905, #5628, #1000, #6086 ) ) ;
#4870 = DIRECTION ( 'NONE',  ( 1.000000000000000000, -0.0000000000000000000, 0.0000000000000000000 ) ) ;
#4871 = ADVANCED_FACE ( 'NONE', ( #2204 ), #4500, .T. ) ;
#4872 = CARTESIAN_POINT ( 'NONE',  ( -3.580661583331458300, 0.0000000000000000000, 3.548872037816159800 ) ) ;
#4873 = CARTESIAN_POINT ( 'NONE',  ( -0.7507960402540931900, 0.05000000000000000300, -5.512829155905854400 ) ) ;
#4874 = DIRECTION ( 'NONE',  ( 0.0000000000000000000, 0.0000000000000000000, -1.000000000000000000 ) ) ;
#4875 = CARTESIAN_POINT ( 'NONE',  ( 10.40000000000000000, 0.0000000000000000000, 3.000000000000007100 ) ) ;
#4876 = ORIENTED_EDGE ( 'NONE', *, *, #6610, .T. ) ;
#4877 =( LENGTH_UNIT ( ) NAMED_UNIT ( * ) SI_UNIT ( .MILLI., .METRE. ) );
#4878 = ORIENTED_EDGE ( 'NONE', *, *, #4578, .T. ) ;
#4879 = ORIENTED_EDGE ( 'NONE', *, *, #345, .T. ) ;
#4880 = PRESENTATION_STYLE_ASSIGNMENT (( #1385 ) ) ;
#4881 = DIRECTION ( 'NONE',  ( 0.0000000000000000000, 0.0000000000000000000, 1.000000000000000000 ) ) ;
#4882 = MECHANICAL_DESIGN_GEOMETRIC_PRESENTATION_REPRESENTATION (  '', ( #4178 ), #5235 ) ;
#4883 = AXIS2_PLACEMENT_3D ( 'NONE', #1846, #5604, #2379 ) ;
#4884 = CARTESIAN_POINT ( 'NONE',  ( -0.3410933151353004500, 0.05000000000000000300, 2.287777753867636000 ) ) ;
#4885 = EDGE_CURVE ( 'NONE', #393, #3351, #3131, .T. ) ;
#4886 = DIRECTION ( 'NONE',  ( -1.000000000000000000, -0.0000000000000000000, -0.0000000000000000000 ) ) ;
#4887 = CARTESIAN_POINT ( 'NONE',  ( 12.00000000000000200, -2.500000000000000000, 3.500000000000000000 ) ) ;
#4888 = CARTESIAN_POINT ( 'NONE',  ( 12.50000000000007800, -2.500000000000000000, -3.499999999999997800 ) ) ;
#4889 = VECTOR ( 'NONE', #5304, 1000.000000000000000 ) ;
#4890 = DIRECTION ( 'NONE',  ( 0.0000000000000000000, -1.000000000000000000, 0.0000000000000000000 ) ) ;
#4891 = DIRECTION ( 'NONE',  ( -0.0000000000000000000, -1.000000000000000000, -0.0000000000000000000 ) ) ;
#4892 =( NAMED_UNIT ( * ) PLANE_ANGLE_UNIT ( ) SI_UNIT ( $, .RADIAN. ) );
#4893 = CARTESIAN_POINT ( 'NONE',  ( -0.3410933151353004500, 0.05000000000000000300, 1.887777753867637000 ) ) ;
#4894 = STYLED_ITEM ( 'NONE', ( #3993 ), #5099 ) ;
#4895 = CARTESIAN_POINT ( 'NONE',  ( -6.420229851527615500, 0.05000000000000000300, 4.519193818477629200 ) ) ;
#4896 = CARTESIAN_POINT ( 'NONE',  ( -3.800000000000002900, 15.50000000000000000, 0.0000000000000000000 ) ) ;
#4897 = FACE_OUTER_BOUND ( 'NONE', #5936, .T. ) ;
#4898 = COLOUR_RGB ( '',0.8980392156862745400, 0.8980392156862745400, 0.8980392156862745400 ) ;
#4899 = VECTOR ( 'NONE', #4184, 1000.000000000000000 ) ;
#4900 = ORIENTED_EDGE ( 'NONE', *, *, #2095, .T. ) ;
#4901 = ORIENTED_EDGE ( 'NONE', *, *, #302, .F. ) ;
#4902 = FACE_OUTER_BOUND ( 'NONE', #2116, .T. ) ;
#4903 = EDGE_CURVE ( 'NONE', #131, #3770, #281, .T. ) ;
#4904 = CARTESIAN_POINT ( 'NONE',  ( 12.00000000000007800, -2.500000000000000000, -3.499999999999997800 ) ) ;
#4905 = ADVANCED_FACE ( 'NONE', ( #1558 ), #6129, .F. ) ;
#4906 = PRESENTATION_STYLE_ASSIGNMENT (( #2990 ) ) ;
#4907 = DIRECTION ( 'NONE',  ( 0.0000000000000000000, 0.0000000000000000000, -1.000000000000000000 ) ) ;
#4908 = ORIENTED_EDGE ( 'NONE', *, *, #1692, .T. ) ;
#4909 = COLOUR_RGB ( '',0.7921568627450980000, 0.8196078431372548800, 0.9333333333333333500 ) ;
#4910 = DIRECTION ( 'NONE',  ( -0.0000000000000000000, -1.000000000000000000, -0.0000000000000000000 ) ) ;
#4911 = SURFACE_STYLE_USAGE ( .BOTH. , #1156 ) ;
#4912 = ORIENTED_EDGE ( 'NONE', *, *, #2998, .F. ) ;
#4913 =( NAMED_UNIT ( * ) SI_UNIT ( $, .STERADIAN. ) SOLID_ANGLE_UNIT ( ) );
#4914 = CARTESIAN_POINT ( 'NONE',  ( 13.50000000000000000, 1.500000000000000000, 9.000000000000005300 ) ) ;
#4915 = PRESENTATION_STYLE_ASSIGNMENT (( #388 ) ) ;
#4916 = EDGE_CURVE ( 'NONE', #6425, #1583, #3907, .T. ) ;
#4917 = SURFACE_SIDE_STYLE ('',( #2046 ) ) ;
#4918 = AXIS2_PLACEMENT_3D ( 'NONE', #771, #4535, #1336 ) ;
#4919 = DIRECTION ( 'NONE',  ( 0.0000000000000000000, 0.0000000000000000000, 1.000000000000000000 ) ) ;
#4920 = DIRECTION ( 'NONE',  ( 1.392757777031960500E-014, -1.000000000000000000, -0.0000000000000000000 ) ) ;
#4921 =( LENGTH_UNIT ( ) NAMED_UNIT ( * ) SI_UNIT ( .MILLI., .METRE. ) );
#4922 = ORIENTED_EDGE ( 'NONE', *, *, #504, .T. ) ;
#4923 =( NAMED_UNIT ( * ) PLANE_ANGLE_UNIT ( ) SI_UNIT ( $, .RADIAN. ) );
#4924 = ORIENTED_EDGE ( 'NONE', *, *, #6610, .F. ) ;
#4925 =( LENGTH_UNIT ( ) NAMED_UNIT ( * ) SI_UNIT ( .MILLI., .METRE. ) );
#4926 = ORIENTED_EDGE ( 'NONE', *, *, #3875, .F. ) ;
#4927 = SURFACE_STYLE_USAGE ( .BOTH. , #1172 ) ;
#4928 = LINE ( 'NONE', #2354, #2055 ) ;
#4929 = AXIS2_PLACEMENT_3D ( 'NONE', #3725, #3082, #2068 ) ;
#4930 = AXIS2_PLACEMENT_3D ( 'NONE', #114, #3884, #656 ) ;
#4931 =( NAMED_UNIT ( * ) PLANE_ANGLE_UNIT ( ) SI_UNIT ( $, .RADIAN. ) );
#4932 = SURFACE_STYLE_USAGE ( .BOTH. , #1184 ) ;
#4933 = ORIENTED_EDGE ( 'NONE', *, *, #497, .F. ) ;
#4934 = UNCERTAINTY_MEASURE_WITH_UNIT (LENGTH_MEASURE( 1.000000000000000100E-005 ), #4877, 'distance_accuracy_value', 'NONE');
#4935 = VECTOR ( 'NONE', #2024, 1000.000000000000000 ) ;
#4936 = PLANE ( 'NONE',  #4930 ) ;
#4937 = CARTESIAN_POINT ( 'NONE',  ( 12.50000000000002700, 1.500000000000000000, 1.000000000000000900 ) ) ;
#4938 = EDGE_CURVE ( 'NONE', #6371, #1866, #1031, .T. ) ;
#4939 = FILL_AREA_STYLE ('',( #3866 ) ) ;
#4940 = CARTESIAN_POINT ( 'NONE',  ( -6.970229851527613500, 0.0000000000000000000, 4.825265866064569300 ) ) ;
#4941 = CARTESIAN_POINT ( 'NONE',  ( 13.25000000000000200, -4.500000000000000000, 1.500000000000000900 ) ) ;
#4942 = ADVANCED_FACE ( 'NONE', ( #2293 ), #810, .F. ) ;
#4943 = DIRECTION ( 'NONE',  ( -1.000000000000000000, 0.0000000000000000000, 0.0000000000000000000 ) ) ;
#4944 = PLANE ( 'NONE',  #1564 ) ;
#4945 = CARTESIAN_POINT ( 'NONE',  ( 12.50000000000005300, 3.500000000000000000, -0.9999999999999983300 ) ) ;
#4946 = DIRECTION ( 'NONE',  ( 0.0000000000000000000, 0.0000000000000000000, 1.000000000000000000 ) ) ;
#4947 = VECTOR ( 'NONE', #4361, 1000.000000000000000 ) ;
#4948 = EDGE_CURVE ( 'NONE', #5371, #630, #1790, .T. ) ;
#4949 = ORIENTED_EDGE ( 'NONE', *, *, #4625, .T. ) ;
#4950 = DIRECTION ( 'NONE',  ( -0.0000000000000000000, 1.000000000000000000, -0.0000000000000000000 ) ) ;
#4951 = SURFACE_STYLE_FILL_AREA ( #4304 ) ;
#4952 = DIRECTION ( 'NONE',  ( 1.000000000000000000, 0.0000000000000000000, -0.0000000000000000000 ) ) ;
#4953 = PRESENTATION_STYLE_ASSIGNMENT (( #3068 ) ) ;
#4954 = AXIS2_PLACEMENT_3D ( 'NONE', #2804, #3892, #123 ) ;
#4955 = ORIENTED_EDGE ( 'NONE', *, *, #2103, .F. ) ;
#4956 = EDGE_LOOP ( 'NONE', ( #5570, #5924, #5332, #3586 ) ) ;
#4957 = VERTEX_POINT ( 'NONE', #5671 ) ;
#4958 = VERTEX_POINT ( 'NONE', #1365 ) ;
#4959 = VECTOR ( 'NONE', #4437, 1000.000000000000000 ) ;
#4960 =( NAMED_UNIT ( * ) PLANE_ANGLE_UNIT ( ) SI_UNIT ( $, .RADIAN. ) );
#4961 = VERTEX_POINT ( 'NONE', #2438 ) ;
#4962 = STYLED_ITEM ( 'NONE', ( #2546 ), #2576 ) ;
#4963 = CARTESIAN_POINT ( 'NONE',  ( 13.25000000000001400, -5.749999999999921800, -3.999999999999998200 ) ) ;
#4964 = ORIENTED_EDGE ( 'NONE', *, *, #2460, .T. ) ;
#4965 = EDGE_CURVE ( 'NONE', #2324, #5394, #357, .T. ) ;
#4966 = VERTEX_POINT ( 'NONE', #2993 ) ;
#4967 = CARTESIAN_POINT ( 'NONE',  ( 3.600000000000000100, -5.000000000000000000, 9.800000000000006000 ) ) ;
#4968 = CARTESIAN_POINT ( 'NONE',  ( 13.25000000000000700, -5.250000000000000900, 3.500000000000000000 ) ) ;
#4969 =( NAMED_UNIT ( * ) SI_UNIT ( $, .STERADIAN. ) SOLID_ANGLE_UNIT ( ) );
#4970 = PLANE ( 'NONE',  #6876 ) ;
#4971 = SURFACE_SIDE_STYLE ('',( #1508 ) ) ;
#4972 = EDGE_CURVE ( 'NONE', #3618, #1129, #4484, .T. ) ;
#4973 = LINE ( 'NONE', #1154, #3535 ) ;
#4974 = MECHANICAL_DESIGN_GEOMETRIC_PRESENTATION_REPRESENTATION (  '', ( #4267 ), #5319 ) ;
#4975 = STYLED_ITEM ( 'NONE', ( #770 ), #3986 ) ;
#4976 = CARTESIAN_POINT ( 'NONE',  ( -6.970229851527613500, 0.05000000000000000300, 1.240335208870860100 ) ) ;
#4977 = DIRECTION ( 'NONE',  ( -0.0000000000000000000, -0.0000000000000000000, -1.000000000000000000 ) ) ;
#4978 = VERTEX_POINT ( 'NONE', #4609 ) ;
#4979 = MECHANICAL_DESIGN_GEOMETRIC_PRESENTATION_REPRESENTATION (  '', ( #3903 ), #5331 ) ;
#4980 = AXIS2_PLACEMENT_3D ( 'NONE', #5848, #2636, #6385 ) ;
#4981 = CARTESIAN_POINT ( 'NONE',  ( 13.50000000000000000, -2.500000000000000000, 4.999999999999999100 ) ) ;
#4982 = LINE ( 'NONE', #1718, #3717 ) ;
#4983 = CARTESIAN_POINT ( 'NONE',  ( 12.00000000000000200, 3.500000000000000000, 3.500000000000000000 ) ) ;
#4984 = EDGE_CURVE ( 'NONE', #6097, #498, #6059, .T. ) ;
#4985 = VECTOR ( 'NONE', #2926, 1000.000000000000100 ) ;
#4986 = ORIENTED_EDGE ( 'NONE', *, *, #4903, .T. ) ;
#4987 = VERTEX_POINT ( 'NONE', #3012 ) ;
#4988 =( NAMED_UNIT ( * ) PLANE_ANGLE_UNIT ( ) SI_UNIT ( $, .RADIAN. ) );
#4989 = FACE_BOUND ( 'NONE', #6617, .T. ) ;
#4990 =( NAMED_UNIT ( * ) SI_UNIT ( $, .STERADIAN. ) SOLID_ANGLE_UNIT ( ) );
#4991 = CARTESIAN_POINT ( 'NONE',  ( 12.50000000000000000, 1.500000000000000000, 4.000000000000000000 ) ) ;
#4992 = CARTESIAN_POINT ( 'NONE',  ( -6.420229851527615500, 0.05000000000000000300, 1.240335208870860100 ) ) ;
#4993 = UNCERTAINTY_MEASURE_WITH_UNIT (LENGTH_MEASURE( 1.000000000000000100E-005 ), #5040, 'distance_accuracy_value', 'NONE');
#4994 = AXIS2_PLACEMENT_3D ( 'NONE', #5441, #2224, #5969 ) ;
#4995 = CARTESIAN_POINT ( 'NONE',  ( -9.882335357453893500, 0.0000000000000000000, 0.08134923437046887000 ) ) ;
#4996 = ORIENTED_EDGE ( 'NONE', *, *, #2604, .T. ) ;
#4997 = ORIENTED_EDGE ( 'NONE', *, *, #2027, .F. ) ;
#4998 = FILL_AREA_STYLE ('',( #4458 ) ) ;
#4999 = VECTOR ( 'NONE', #6155, 1000.000000000000000 ) ;
#5000 = CARTESIAN_POINT ( 'NONE',  ( -6.420229851527615500, 0.0000000000000000000, -1.365134884645989000 ) ) ;
#5001 = EDGE_CURVE ( 'NONE', #966, #3262, #3213, .T. ) ;
#5002 = EDGE_CURVE ( 'NONE', #6760, #3250, #1626, .T. ) ;
#5003 = ORIENTED_EDGE ( 'NONE', *, *, #3307, .T. ) ;
#5004 = PRESENTATION_STYLE_ASSIGNMENT (( #4635 ) ) ;
#5005 = CARTESIAN_POINT ( 'NONE',  ( 13.50000000000000000, 0.0000000000000000000, -5.999999999999999100 ) ) ;
#5006 = LINE ( 'NONE', #1036, #3568 ) ;
#5007 = VERTEX_POINT ( 'NONE', #4112 ) ;
#5008 = CARTESIAN_POINT ( 'NONE',  ( 12.50000000000002700, 3.500000000000000000, 1.000000000000000900 ) ) ;
#5009 = SURFACE_SIDE_STYLE ('',( #5561 ) ) ;
#5010 = LINE ( 'NONE', #6608, #713 ) ;
#5011 = LINE ( 'NONE', #1454, #3574 ) ;
#5012 = CARTESIAN_POINT ( 'NONE',  ( 0.2089066848647014300, 0.05000000000000000300, 4.825265866064569300 ) ) ;
#5013 = COLOUR_RGB ( '',0.8980392156862745400, 0.8980392156862745400, 0.8980392156862745400 ) ;
#5014 = DIRECTION ( 'NONE',  ( 0.0000000000000000000, 0.0000000000000000000, -1.000000000000000000 ) ) ;
#5015 = ORIENTED_EDGE ( 'NONE', *, *, #1753, .F. ) ;
#5016 = SURFACE_STYLE_USAGE ( .BOTH. , #1260 ) ;
#5017 = PRODUCT_RELATED_PRODUCT_CATEGORY ( 'part', '', ( #3716 ) ) ;
#5018 = PLANE ( 'NONE',  #1498 ) ;
#5019 = DIRECTION ( 'NONE',  ( -0.0000000000000000000, 0.0000000000000000000, -1.000000000000000000 ) ) ;
#5020 = DIRECTION ( 'NONE',  ( -0.0000000000000000000, -1.000000000000000000, -0.0000000000000000000 ) ) ;
#5021 = ORIENTED_EDGE ( 'NONE', *, *, #5684, .F. ) ;
#5022 = VERTEX_POINT ( 'NONE', #5152 ) ;
#5023 = VECTOR ( 'NONE', #2688, 1000.000000000000100 ) ;
#5024 = VECTOR ( 'NONE', #647, 1000.000000000000000 ) ;
#5025 = VERTEX_POINT ( 'NONE', #4632 ) ;
#5026 = STYLED_ITEM ( 'NONE', ( #813 ), #1102 ) ;
#5027 = DIRECTION ( 'NONE',  ( 3.469446951953614200E-015, 0.0000000000000000000, -1.000000000000000000 ) ) ;
#5028 = AXIS2_PLACEMENT_3D ( 'NONE', #3030, #6783, #3572 ) ;
#5029 = CARTESIAN_POINT ( 'NONE',  ( 13.50000000000000000, -2.500000000000000000, 4.999999999999999100 ) ) ;
#5030 = PRESENTATION_STYLE_ASSIGNMENT (( #3731 ) ) ;
#5031 = ORIENTED_EDGE ( 'NONE', *, *, #1612, .T. ) ;
#5032 = CARTESIAN_POINT ( 'NONE',  ( 12.50000000000000000, 1.500000000000000000, 3.500000000000000000 ) ) ;
#5033 = SURFACE_STYLE_USAGE ( .BOTH. , #259 ) ;
#5034 = VERTEX_POINT ( 'NONE', #6212 ) ;
#5035 = LINE ( 'NONE', #5398, #733 ) ;
#5036 = CARTESIAN_POINT ( 'NONE',  ( 2.571012190790981300, 0.0000000000000000000, -0.2247228132164734400 ) ) ;
#5037 = PRESENTATION_LAYER_ASSIGNMENT (  '', '', ( #4317 ) ) ;
#5038 = CARTESIAN_POINT ( 'NONE',  ( 12.50000000000005300, 3.500000000000000000, -0.9999999999999983300 ) ) ;
#5039 =( NAMED_UNIT ( * ) SI_UNIT ( $, .STERADIAN. ) SOLID_ANGLE_UNIT ( ) );
#5040 =( LENGTH_UNIT ( ) NAMED_UNIT ( * ) SI_UNIT ( .MILLI., .METRE. ) );
#5041 = ORIENTED_EDGE ( 'NONE', *, *, #4822, .F. ) ;
#5042 = FILL_AREA_STYLE_COLOUR ( '', #5262 ) ;
#5043 = EDGE_CURVE ( 'NONE', #3065, #5605, #1469, .T. ) ;
#5044 = VERTEX_POINT ( 'NONE', #2490 ) ;
#5045 = ORIENTED_EDGE ( 'NONE', *, *, #5352, .F. ) ;
#5046 = CARTESIAN_POINT ( 'NONE',  ( -9.332335357453892800, 0.0000000000000000000, -0.2247228132164734400 ) ) ;
#5047 = ORIENTED_EDGE ( 'NONE', *, *, #673, .T. ) ;
#5048 = DIRECTION ( 'NONE',  ( 0.0000000000000000000, 0.0000000000000000000, -1.000000000000000000 ) ) ;
#5049 = VERTEX_POINT ( 'NONE', #5719 ) ;
#5050 = VERTEX_POINT ( 'NONE', #3033 ) ;
#5051 = LINE ( 'NONE', #2967, #753 ) ;
#5052 = SURFACE_SIDE_STYLE ('',( #1795 ) ) ;
#5053 = EDGE_CURVE ( 'NONE', #2399, #3868, #2713, .T. ) ;
#5054 = FILL_AREA_STYLE_COLOUR ( '', #5800 ) ;
#5055 = FILL_AREA_STYLE_COLOUR ( '', #5743 ) ;
#5056 = MECHANICAL_DESIGN_GEOMETRIC_PRESENTATION_REPRESENTATION (  '', ( #3990 ), #5405 ) ;
#5057 = STYLED_ITEM ( 'NONE', ( #3133 ), #3372 ) ;
#5058 = CARTESIAN_POINT ( 'NONE',  ( 13.25000000000000200, -4.500000000000000000, 4.000000000000000000 ) ) ;
#5059 = AXIS2_PLACEMENT_3D ( 'NONE', #8, #3793, #560 ) ;
#5060 = FILL_AREA_STYLE_COLOUR ( '', #6397 ) ;
#5061 = CARTESIAN_POINT ( 'NONE',  ( -3.105661583331458700, 0.05000000000000000300, -3.729561558723129400 ) ) ;
#5062 = CIRCLE ( 'NONE', #1099, 0.7499999999999746900 ) ;
#5063 = UNCERTAINTY_MEASURE_WITH_UNIT (LENGTH_MEASURE( 1.000000000000000100E-005 ), #6009, 'distance_accuracy_value', 'NONE');
#5064 = CARTESIAN_POINT ( 'NONE',  ( -0.7410933151353015200, 0.05000000000000000300, 2.087777753867637600 ) ) ;
#5065 = ADVANCED_FACE ( 'NONE', ( #4324 ), #4137, .F. ) ;
#5066 = VECTOR ( 'NONE', #742, 1000.000000000000000 ) ;
#5067 = SURFACE_STYLE_FILL_AREA ( #3190 ) ;
#5068 = MECHANICAL_DESIGN_GEOMETRIC_PRESENTATION_REPRESENTATION (  '', ( #4004 ), #5418 ) ;
#5069 = EDGE_CURVE ( 'NONE', #1518, #4957, #4163, .T. ) ;
#5070 =( NAMED_UNIT ( * ) PLANE_ANGLE_UNIT ( ) SI_UNIT ( $, .RADIAN. ) );
#5071 = SURFACE_STYLE_FILL_AREA ( #6049 ) ;
#5072 = ORIENTED_EDGE ( 'NONE', *, *, #702, .F. ) ;
#5073 = ORIENTED_EDGE ( 'NONE', *, *, #6731, .F. ) ;
#5074 = VECTOR ( 'NONE', #5381, 1000.000000000000100 ) ;
#5075 = CARTESIAN_POINT ( 'NONE',  ( 12.50000000000005300, -4.499999999999992900, -0.9999999999999983300 ) ) ;
#5076 = CARTESIAN_POINT ( 'NONE',  ( -6.420229851527615500, 0.0000000000000000000, 0.8403352088708592200 ) ) ;
#5077 = UNCERTAINTY_MEASURE_WITH_UNIT (LENGTH_MEASURE( 1.000000000000000100E-005 ), #1357, 'distance_accuracy_value', 'NONE');
#5078 = COLOUR_RGB ( '',0.8980392156862745400, 0.8980392156862745400, 0.8980392156862745400 ) ;
#5079 = VERTEX_POINT ( 'NONE', #3604 ) ;
#5080 = VECTOR ( 'NONE', #6619, 1000.000000000000000 ) ;
#5081 = MECHANICAL_DESIGN_GEOMETRIC_PRESENTATION_REPRESENTATION (  '', ( #4015 ), #5430 ) ;
#5082 = CARTESIAN_POINT ( 'NONE',  ( 12.00000000000000000, -4.499999999999992900, 4.000000000000000000 ) ) ;
#5083 = CARTESIAN_POINT ( 'NONE',  ( -0.3410933151353004500, 0.0000000000000000000, -1.365134884645989000 ) ) ;
#5084 = ORIENTED_EDGE ( 'NONE', *, *, #3088, .T. ) ;
#5085 =( GEOMETRIC_REPRESENTATION_CONTEXT ( 3 ) GLOBAL_UNCERTAINTY_ASSIGNED_CONTEXT ( ( #2039 ) ) GLOBAL_UNIT_ASSIGNED_CONTEXT ( ( #6156, #5070, #3981 ) ) REPRESENTATION_CONTEXT ( 'NONE', 'WORKASPACE' ) );
#5086 = LINE ( 'NONE', #5640, #3659 ) ;
#5087 = PRESENTATION_STYLE_ASSIGNMENT (( #4307 ) ) ;
#5088 = DIRECTION ( 'NONE',  ( -0.8524342904835907600, 0.0000000000000000000, 0.5228343718690816600 ) ) ;
#5089 = ORIENTED_EDGE ( 'NONE', *, *, #1621, .F. ) ;
#5090 = EDGE_LOOP ( 'NONE', ( #6668, #2210, #6635, #3995 ) ) ;
#5091 = ORIENTED_EDGE ( 'NONE', *, *, #533, .T. ) ;
#5092 = PRESENTATION_LAYER_ASSIGNMENT (  '', '', ( #4376 ) ) ;
#5093 = LINE ( 'NONE', #4277, #3666 ) ;
#5094 = PRESENTATION_STYLE_ASSIGNMENT (( #1286 ) ) ;
#5095 = DIRECTION ( 'NONE',  ( -0.0000000000000000000, -1.000000000000000000, -0.0000000000000000000 ) ) ;
#5096 = DIRECTION ( 'NONE',  ( 1.000000000000000000, 0.0000000000000000000, -0.0000000000000000000 ) ) ;
#5097 = CARTESIAN_POINT ( 'NONE',  ( -6.420229851527615500, 0.05000000000000000300, 4.519193818477629200 ) ) ;
#5098 = PRESENTATION_LAYER_ASSIGNMENT (  '', '', ( #4740 ) ) ;
#5099 = ADVANCED_FACE ( 'NONE', ( #5393 ), #2032, .T. ) ;
#5100 =( NAMED_UNIT ( * ) PLANE_ANGLE_UNIT ( ) SI_UNIT ( $, .RADIAN. ) );
#5101 = EDGE_LOOP ( 'NONE', ( #2699, #1887, #4278, #3419 ) ) ;
#5102 = VECTOR ( 'NONE', #4714, 1000.000000000000000 ) ;
#5103 = CARTESIAN_POINT ( 'NONE',  ( 12.50000000000007800, 3.500000000000000000, -3.499999999999997800 ) ) ;
#5104 = CARTESIAN_POINT ( 'NONE',  ( -6.420229851527615500, 0.0000000000000000000, 2.287777753867636000 ) ) ;
#5105 = CARTESIAN_POINT ( 'NONE',  ( 12.00000000000005200, -4.499999999999992900, -0.9999999999999983300 ) ) ;
#5106 = FILL_AREA_STYLE ('',( #4561 ) ) ;
#5107 = COLOUR_RGB ( '',0.8980392156862745400, 0.8980392156862745400, 0.8980392156862745400 ) ;
#5108 = CARTESIAN_POINT ( 'NONE',  ( 19.74999999999999600, -5.249999999999975100, 1.500000000000000900 ) ) ;
#5109 = MECHANICAL_DESIGN_GEOMETRIC_PRESENTATION_REPRESENTATION (  '', ( #4044 ), #5460 ) ;
#5110 = LINE ( 'NONE', #1233, #6354 ) ;
#5111 = DIRECTION ( 'NONE',  ( 1.000000000000000000, 0.0000000000000000000, -0.0000000000000000000 ) ) ;
#5112 = LINE ( 'NONE', #1050, #2408 ) ;
#5113 = EDGE_CURVE ( 'NONE', #6564, #5122, #773, .T. ) ;
#5114 = VECTOR ( 'NONE', #3046, 1000.000000000000000 ) ;
#5115 = SURFACE_STYLE_FILL_AREA ( #1715 ) ;
#5116 = ORIENTED_EDGE ( 'NONE', *, *, #4822, .T. ) ;
#5117 = ORIENTED_EDGE ( 'NONE', *, *, #5621, .F. ) ;
#5118 = ORIENTED_EDGE ( 'NONE', *, *, #162, .T. ) ;
#5119 = SURFACE_SIDE_STYLE ('',( #5501 ) ) ;
#5120 = VECTOR ( 'NONE', #4943, 1000.000000000000000 ) ;
#5121 = STYLED_ITEM ( 'NONE', ( #801 ), #5270 ) ;
#5122 = VERTEX_POINT ( 'NONE', #381 ) ;
#5123 = DIRECTION ( 'NONE',  ( 0.0000000000000000000, 0.0000000000000000000, 1.000000000000000000 ) ) ;
#5124 = EDGE_LOOP ( 'NONE', ( #4133, #2217, #23, #5862, #3550, #3552, #4933, #6847, #2280, #4813 ) ) ;
#5125 = ORIENTED_EDGE ( 'NONE', *, *, #6247, .F. ) ;
#5126 = EDGE_CURVE ( 'NONE', #226, #4155, #6142, .T. ) ;
#5127 = VECTOR ( 'NONE', #4657, 1000.000000000000000 ) ;
#5128 = EDGE_CURVE ( 'NONE', #654, #1300, #6308, .T. ) ;
#5129 = SURFACE_SIDE_STYLE ('',( #6005 ) ) ;
#5130 = AXIS2_PLACEMENT_3D ( 'NONE', #4220, #975, #4744 ) ;
#5131 =( LENGTH_UNIT ( ) NAMED_UNIT ( * ) SI_UNIT ( .MILLI., .METRE. ) );
#5132 = CARTESIAN_POINT ( 'NONE',  ( 12.50000000000007800, 3.500000000000000000, -3.499999999999997800 ) ) ;
#5133 = CARTESIAN_POINT ( 'NONE',  ( -6.010527126408819100, 0.05000000000000000300, -5.512829155905854400 ) ) ;
#5134 =( LENGTH_UNIT ( ) NAMED_UNIT ( * ) SI_UNIT ( .MILLI., .METRE. ) );
#5135 = STYLED_ITEM ( 'NONE', ( #6089 ), #6953 ) ;
#5136 = ORIENTED_EDGE ( 'NONE', *, *, #5396, .F. ) ;
#5137 = DIRECTION ( 'NONE',  ( -0.0000000000000000000, -1.000000000000000000, -0.0000000000000000000 ) ) ;
#5138 = FILL_AREA_STYLE ('',( #664 ) ) ;
#5139 = DIRECTION ( 'NONE',  ( -1.000000000000000000, 0.0000000000000000000, -0.0000000000000000000 ) ) ;
#5140 = LINE ( 'NONE', #5440, #1379 ) ;
#5141 = UNCERTAINTY_MEASURE_WITH_UNIT (LENGTH_MEASURE( 1.000000000000000100E-005 ), #1478, 'distance_accuracy_value', 'NONE');
#5142 = PRESENTATION_LAYER_ASSIGNMENT (  '', '', ( #4441 ) ) ;
#5143 = FILL_AREA_STYLE_COLOUR ( '', #2483 ) ;
#5144 = LINE ( 'NONE', #1318, #6570 ) ;
#5145 = EDGE_LOOP ( 'NONE', ( #3566, #4460, #358, #1069 ) ) ;
#5146 = FACE_OUTER_BOUND ( 'NONE', #6052, .T. ) ;
#5147 = AXIS2_PLACEMENT_3D ( 'NONE', #6734, #3519, #306 ) ;
#5148 = ORIENTED_EDGE ( 'NONE', *, *, #6927, .F. ) ;
#5149 = CARTESIAN_POINT ( 'NONE',  ( -3.105661583331458700, 0.05000000000000000300, -3.729561558723129400 ) ) ;
#5150 = STYLED_ITEM ( 'NONE', ( #5233 ), #5878 ) ;
#5151 = CARTESIAN_POINT ( 'NONE',  ( 19.74999999999999600, -5.250000000000000900, 4.000000000000000000 ) ) ;
#5152 = CARTESIAN_POINT ( 'NONE',  ( 12.50000000000005300, 1.500000000000000000, -1.499999999999998200 ) ) ;
#5153 = SURFACE_STYLE_USAGE ( .BOTH. , #1415 ) ;
#5154 = VECTOR ( 'NONE', #3483, 1000.000000000000000 ) ;
#5155 = VERTEX_POINT ( 'NONE', #6303 ) ;
#5156 = VERTEX_POINT ( 'NONE', #2566 ) ;
#5157 = FILL_AREA_STYLE ('',( #4614 ) ) ;
#5158 = LINE ( 'NONE', #1351, #4999 ) ;
#5159 = COLOUR_RGB ( '',0.8980392156862745400, 0.8980392156862745400, 0.8980392156862745400 ) ;
#5160 = EDGE_CURVE ( 'NONE', #5712, #2366, #5966, .T. ) ;
#5161 = VERTEX_POINT ( 'NONE', #3097 ) ;
#5162 = LINE ( 'NONE', #6216, #3567 ) ;
#5163 = CYLINDRICAL_SURFACE ( 'NONE', #913, 1.499999999999999600 ) ;
#5164 = VECTOR ( 'NONE', #2766, 1000.000000000000000 ) ;
#5165 = VECTOR ( 'NONE', #5845, 1000.000000000000100 ) ;
#5166 = CARTESIAN_POINT ( 'NONE',  ( 2.571012190790981300, 0.05000000000000000300, -3.475422238637514600 ) ) ;
#5167 = ORIENTED_EDGE ( 'NONE', *, *, #5838, .F. ) ;
#5168 = VERTEX_POINT ( 'NONE', #6859 ) ;
#5169 = SURFACE_STYLE_USAGE ( .BOTH. , #1425 ) ;
#5170 = LINE ( 'NONE', #682, #6600 ) ;
#5171 = EDGE_CURVE ( 'NONE', #4746, #3571, #1865, .T. ) ;
#5172 = FACE_OUTER_BOUND ( 'NONE', #2840, .T. ) ;
#5173 = DIRECTION ( 'NONE',  ( 1.000000000000000000, 0.0000000000000000000, 0.0000000000000000000 ) ) ;
#5174 = DIRECTION ( 'NONE',  ( 1.000000000000000000, -0.0000000000000000000, 0.0000000000000000000 ) ) ;
#5175 = ORIENTED_EDGE ( 'NONE', *, *, #6982, .T. ) ;
#5176 = CARTESIAN_POINT ( 'NONE',  ( -9.332335357453892800, 0.05000000000000000300, -3.475422238637514600 ) ) ;
#5177 = SURFACE_SIDE_STYLE ('',( #2820 ) ) ;
#5178 =( GEOMETRIC_REPRESENTATION_CONTEXT ( 3 ) GLOBAL_UNCERTAINTY_ASSIGNED_CONTEXT ( ( #5574 ) ) GLOBAL_UNIT_ASSIGNED_CONTEXT ( ( #6386, #3176, #6946 ) ) REPRESENTATION_CONTEXT ( 'NONE', 'WORKASPACE' ) );
#5179 = CARTESIAN_POINT ( 'NONE',  ( 12.00000000000002800, -2.500000000000000000, 1.000000000000000900 ) ) ;
#5180 = ORIENTED_EDGE ( 'NONE', *, *, #1876, .T. ) ;
#5181 =( NAMED_UNIT ( * ) PLANE_ANGLE_UNIT ( ) SI_UNIT ( $, .RADIAN. ) );
#5182 = EDGE_LOOP ( 'NONE', ( #1582, #3399, #1677, #4045 ) ) ;
#5183 = EDGE_CURVE ( 'NONE', #2794, #1146, #3123, .T. ) ;
#5184 = COLOUR_RGB ( '',0.8980392156862745400, 0.8980392156862745400, 0.8980392156862745400 ) ;
#5185 = CARTESIAN_POINT ( 'NONE',  ( 13.25000000000000700, -5.250000000000000900, 3.500000000000000000 ) ) ;
#5186 = UNCERTAINTY_MEASURE_WITH_UNIT (LENGTH_MEASURE( 1.000000000000000100E-005 ), #5461, 'distance_accuracy_value', 'NONE');
#5187 = DIRECTION ( 'NONE',  ( 0.8494962282757256800, 0.0000000000000000000, 0.5275946911648336000 ) ) ;
#5188 = CARTESIAN_POINT ( 'NONE',  ( -3.800000000000002000, 15.60300524052492000, 6.383577844100016400 ) ) ;
#5189 = ORIENTED_EDGE ( 'NONE', *, *, #6911, .F. ) ;
#5190 = EDGE_CURVE ( 'NONE', #2050, #5327, #1708, .T. ) ;
#5191 = ADVANCED_FACE ( 'NONE', ( #274 ), #4728, .F. ) ;
#5192 = AXIS2_PLACEMENT_3D ( 'NONE', #2240, #5989, #2787 ) ;
#5193 = ORIENTED_EDGE ( 'NONE', *, *, #4618, .F. ) ;
#5194 = CARTESIAN_POINT ( 'NONE',  ( 12.00000000000000200, -2.500000000000000000, 3.500000000000000000 ) ) ;
#5195 = LINE ( 'NONE', #2180, #2156 ) ;
#5196 = PLANE ( 'NONE',  #328 ) ;
#5197 = FILL_AREA_STYLE_COLOUR ( '', #838 ) ;
#5198 = DIRECTION ( 'NONE',  ( -0.5275946911648336000, 0.0000000000000000000, -0.8494962282757258000 ) ) ;
#5199 = DIRECTION ( 'NONE',  ( 0.8883292641862271500, 0.0000000000000000000, 0.4592070539422886700 ) ) ;
#5200 =( GEOMETRIC_REPRESENTATION_CONTEXT ( 3 ) GLOBAL_UNCERTAINTY_ASSIGNED_CONTEXT ( ( #1758 ) ) GLOBAL_UNIT_ASSIGNED_CONTEXT ( ( #4925, #1700, #5450 ) ) REPRESENTATION_CONTEXT ( 'NONE', 'WORKASPACE' ) );
#5201 = EDGE_LOOP ( 'NONE', ( #3045, #159, #4827, #1048 ) ) ;
#5202 = SURFACE_SIDE_STYLE ('',( #5902 ) ) ;
#5203 = ORIENTED_EDGE ( 'NONE', *, *, #3257, .T. ) ;
#5204 = VERTEX_POINT ( 'NONE', #4256 ) ;
#5205 = DIRECTION ( 'NONE',  ( -1.000000000000000000, 0.0000000000000000000, 0.0000000000000000000 ) ) ;
#5206 = FILL_AREA_STYLE_COLOUR ( '', #2852 ) ;
#5207 = ORIENTED_EDGE ( 'NONE', *, *, #3598, .T. ) ;
#5208 = ORIENTED_EDGE ( 'NONE', *, *, #31, .T. ) ;
#5209 = PRESENTATION_STYLE_ASSIGNMENT (( #207 ) ) ;
#5210 = LINE ( 'NONE', #1882, #3620 ) ;
#5211 = DIRECTION ( 'NONE',  ( -1.000000000000000000, -0.0000000000000000000, -0.0000000000000000000 ) ) ;
#5212 = STYLED_ITEM ( 'NONE', ( #5234 ), #364 ) ;
#5213 = EDGE_CURVE ( 'NONE', #5371, #3933, #5312, .T. ) ;
#5214 = EDGE_CURVE ( 'NONE', #4966, #5938, #6741, .T. ) ;
#5215 = CARTESIAN_POINT ( 'NONE',  ( 11.00000000000000200, -2.500000000000000000, 4.999999999999999100 ) ) ;
#5216 = CARTESIAN_POINT ( 'NONE',  ( 12.00000000000002700, 3.500000000000000000, 1.500000000000000900 ) ) ;
#5217 = VECTOR ( 'NONE', #5518, 1000.000000000000000 ) ;
#5218 =( NAMED_UNIT ( * ) PLANE_ANGLE_UNIT ( ) SI_UNIT ( $, .RADIAN. ) );
#5219 =( NAMED_UNIT ( * ) PLANE_ANGLE_UNIT ( ) SI_UNIT ( $, .RADIAN. ) );
#5220 = FILL_AREA_STYLE_COLOUR ( '', #3232 ) ;
#5221 = ADVANCED_FACE ( 'NONE', ( #5146 ), #5307, .F. ) ;
#5222 = DIRECTION ( 'NONE',  ( -0.0000000000000000000, -0.0000000000000000000, -1.000000000000000000 ) ) ;
#5223 =( LENGTH_UNIT ( ) NAMED_UNIT ( * ) SI_UNIT ( .MILLI., .METRE. ) );
#5224 = DIRECTION ( 'NONE',  ( 0.5275946911648460300, 0.0000000000000000000, -0.8494962282757180200 ) ) ;
#5225 = ORIENTED_EDGE ( 'NONE', *, *, #6604, .T. ) ;
#5226 = STYLED_ITEM ( 'NONE', ( #2193 ), #2684 ) ;
#5227 = CARTESIAN_POINT ( 'NONE',  ( 12.00000000000007800, -4.499999999999992900, -3.499999999999997800 ) ) ;
#5228 = LINE ( 'NONE', #5290, #3807 ) ;
#5229 = CARTESIAN_POINT ( 'NONE',  ( 12.00000000000005300, 3.500000000000000000, -1.499999999999998200 ) ) ;
#5230 = ORIENTED_EDGE ( 'NONE', *, *, #6048, .F. ) ;
#5231 = ORIENTED_EDGE ( 'NONE', *, *, #5258, .F. ) ;
#5232 = VECTOR ( 'NONE', #3775, 1000.000000000000000 ) ;
#5233 = PRESENTATION_STYLE_ASSIGNMENT (( #4549 ) ) ;
#5234 = PRESENTATION_STYLE_ASSIGNMENT (( #3634 ) ) ;
#5235 =( GEOMETRIC_REPRESENTATION_CONTEXT ( 3 ) GLOBAL_UNCERTAINTY_ASSIGNED_CONTEXT ( ( #6908 ) ) GLOBAL_UNIT_ASSIGNED_CONTEXT ( ( #6634, #3414, #194 ) ) REPRESENTATION_CONTEXT ( 'NONE', 'WORKASPACE' ) );
#5236 = DIRECTION ( 'NONE',  ( -1.000000000000000000, 0.0000000000000000000, 0.0000000000000000000 ) ) ;
#5237 = FILL_AREA_STYLE_COLOUR ( '', #2878 ) ;
#5238 = DIRECTION ( 'NONE',  ( 0.0000000000000000000, -0.0000000000000000000, 1.000000000000000000 ) ) ;
#5239 = PRESENTATION_LAYER_ASSIGNMENT (  '', '', ( #4520 ) ) ;
#5240 = FACE_OUTER_BOUND ( 'NONE', #4778, .T. ) ;
#5241 = ORIENTED_EDGE ( 'NONE', *, *, #3690, .F. ) ;
#5242 = CARTESIAN_POINT ( 'NONE',  ( 13.25000000000000200, -4.500000000000000000, 0.0000000000000000000 ) ) ;
#5243 = VECTOR ( 'NONE', #3353, 1000.000000000000000 ) ;
#5244 = CARTESIAN_POINT ( 'NONE',  ( 12.50000000000000000, -2.500000000000000000, 4.000000000000000000 ) ) ;
#5245 = PLANE ( 'NONE',  #3894 ) ;
#5246 = EDGE_CURVE ( 'NONE', #3481, #6581, #2450, .T. ) ;
#5247 = DIRECTION ( 'NONE',  ( -0.8498136422762452300, 0.0000000000000000000, 0.5270832698930804100 ) ) ;
#5248 = DIRECTION ( 'NONE',  ( 1.000000000000000000, -0.0000000000000000000, 3.469446951953611000E-015 ) ) ;
#5249 = VECTOR ( 'NONE', #2939, 1000.000000000000000 ) ;
#5250 = FACE_OUTER_BOUND ( 'NONE', #3206, .T. ) ;
#5251 = VECTOR ( 'NONE', #1258, 1000.000000000000000 ) ;
#5252 = AXIS2_PLACEMENT_3D ( 'NONE', #899, #5198, #1982 ) ;
#5253 = VERTEX_POINT ( 'NONE', #6937 ) ;
#5254 = ORIENTED_EDGE ( 'NONE', *, *, #3026, .T. ) ;
#5255 = ORIENTED_EDGE ( 'NONE', *, *, #4965, .F. ) ;
#5256 =( LENGTH_UNIT ( ) NAMED_UNIT ( * ) SI_UNIT ( .MILLI., .METRE. ) );
#5257 = ADVANCED_FACE ( 'NONE', ( #2287 ), #970, .T. ) ;
#5258 = EDGE_CURVE ( 'NONE', #721, #4504, #4638, .T. ) ;
#5259 = COLOUR_RGB ( '',0.7921568627450980000, 0.8196078431372548800, 0.9333333333333333500 ) ;
#5260 = EDGE_CURVE ( 'NONE', #4961, #1084, #5093, .T. ) ;
#5261 = PRESENTATION_STYLE_ASSIGNMENT (( #1169 ) ) ;
#5262 = COLOUR_RGB ( '',0.8980392156862745400, 0.8980392156862745400, 0.8980392156862745400 ) ;
#5263 = FILL_AREA_STYLE ('',( #6298 ) ) ;
#5264 =( LENGTH_UNIT ( ) NAMED_UNIT ( * ) SI_UNIT ( .MILLI., .METRE. ) );
#5265 =( NAMED_UNIT ( * ) PLANE_ANGLE_UNIT ( ) SI_UNIT ( $, .RADIAN. ) );
#5266 = DIRECTION ( 'NONE',  ( 3.469446951953614200E-015, 0.0000000000000000000, -1.000000000000000000 ) ) ;
#5267 = ORIENTED_EDGE ( 'NONE', *, *, #6218, .F. ) ;
#5268 = DIRECTION ( 'NONE',  ( -0.0000000000000000000, 1.000000000000000000, -0.0000000000000000000 ) ) ;
#5269 = DIRECTION ( 'NONE',  ( -0.0000000000000000000, 1.000000000000000000, -0.0000000000000000000 ) ) ;
#5270 = ADVANCED_FACE ( 'NONE', ( #3204 ), #5837, .T. ) ;
#5271 = CARTESIAN_POINT ( 'NONE',  ( -6.020229851527614300, 0.05000000000000000300, 2.087777753867637600 ) ) ;
#5272 = UNCERTAINTY_MEASURE_WITH_UNIT (LENGTH_MEASURE( 1.000000000000000100E-005 ), #6388, 'distance_accuracy_value', 'NONE');
#5273 = EDGE_CURVE ( 'NONE', #3811, #4219, #4581, .T. ) ;
#5274 = PRESENTATION_LAYER_ASSIGNMENT (  '', '', ( #4547 ) ) ;
#5275 = LINE ( 'NONE', #3461, #5433 ) ;
#5276 = LINE ( 'NONE', #429, #1170 ) ;
#5277 = FILL_AREA_STYLE ('',( #4743 ) ) ;
#5278 = VECTOR ( 'NONE', #1021, 1000.000000000000000 ) ;
#5279 = FACE_OUTER_BOUND ( 'NONE', #2816, .T. ) ;
#5280 = AXIS2_PLACEMENT_3D ( 'NONE', #2023, #6914, #3704 ) ;
#5281 = STYLED_ITEM ( 'NONE', ( #2360 ), #4530 ) ;
#5282 = DIRECTION ( 'NONE',  ( -0.0000000000000000000, -1.000000000000000000, -0.0000000000000000000 ) ) ;
#5283 = ADVANCED_FACE ( 'NONE', ( #2987 ), #1051, .F. ) ;
#5284 = EDGE_LOOP ( 'NONE', ( #2623, #3269, #2347, #2736 ) ) ;
#5285 = ORIENTED_EDGE ( 'NONE', *, *, #5638, .F. ) ;
#5286 = ORIENTED_EDGE ( 'NONE', *, *, #6704, .F. ) ;
#5287 = UNCERTAINTY_MEASURE_WITH_UNIT (LENGTH_MEASURE( 1.000000000000000100E-005 ), #3692, 'distance_accuracy_value', 'NONE');
#5288 = CONICAL_SURFACE ( 'NONE', #509, 8.216422155899984100, 0.2074962264352029100 ) ;
#5289 = SURFACE_STYLE_USAGE ( .BOTH. , #1544 ) ;
#5290 = CARTESIAN_POINT ( 'NONE',  ( 12.50000000000007800, 1.500000000000000000, -3.499999999999997800 ) ) ;
#5291 = ORIENTED_EDGE ( 'NONE', *, *, #3327, .F. ) ;
#5292 =( LENGTH_UNIT ( ) NAMED_UNIT ( * ) SI_UNIT ( .MILLI., .METRE. ) );
#5293 = ORIENTED_EDGE ( 'NONE', *, *, #2951, .F. ) ;
#5294 = CARTESIAN_POINT ( 'NONE',  ( 19.75000000000000400, -5.750000000000001800, 4.000000000000000000 ) ) ;
#5295 = ORIENTED_EDGE ( 'NONE', *, *, #2235, .F. ) ;
#5296 = DIRECTION ( 'NONE',  ( 0.0000000000000000000, 0.0000000000000000000, 1.000000000000000000 ) ) ;
#5297 = ADVANCED_FACE ( 'NONE', ( #6764 ), #6468, .F. ) ;
#5298 = EDGE_CURVE ( 'NONE', #5965, #654, #6602, .T. ) ;
#5299 = DIRECTION ( 'NONE',  ( 0.5270832698930789700, -0.0000000000000000000, 0.8498136422762461200 ) ) ;
#5300 = SURFACE_SIDE_STYLE ('',( #3334 ) ) ;
#5301 = SURFACE_STYLE_USAGE ( .BOTH. , #1553 ) ;
#5302 = PRESENTATION_LAYER_ASSIGNMENT (  '', '', ( #4584 ) ) ;
#5303 = PRESENTATION_STYLE_ASSIGNMENT (( #4911 ) ) ;
#5304 = DIRECTION ( 'NONE',  ( -0.0000000000000000000, -1.000000000000000000, -0.0000000000000000000 ) ) ;
#5305 = AXIS2_PLACEMENT_3D ( 'NONE', #4167, #5224, #2005 ) ;
#5306 = VECTOR ( 'NONE', #806, 1000.000000000000100 ) ;
#5307 = PLANE ( 'NONE',  #3316 ) ;
#5308 = VECTOR ( 'NONE', #4886, 1000.000000000000000 ) ;
#5309 = EDGE_CURVE ( 'NONE', #5967, #5954, #5339, .T. ) ;
#5310 = DIRECTION ( 'NONE',  ( 0.8494962282757259100, 0.0000000000000000000, -0.5275946911648331500 ) ) ;
#5311 = ORIENTED_EDGE ( 'NONE', *, *, #998, .F. ) ;
#5312 = LINE ( 'NONE', #1011, #1208 ) ;
#5313 = ORIENTED_EDGE ( 'NONE', *, *, #140, .F. ) ;
#5314 = PLANE ( 'NONE',  #1610 ) ;
#5315 = ADVANCED_FACE ( 'NONE', ( #5172 ), #4360, .F. ) ;
#5316 = PLANE ( 'NONE',  #6237 ) ;
#5317 = CARTESIAN_POINT ( 'NONE',  ( -6.020229851527614300, 0.05000000000000000300, 2.287777753867637800 ) ) ;
#5318 = EDGE_CURVE ( 'NONE', #3909, #2748, #3233, .T. ) ;
#5319 =( GEOMETRIC_REPRESENTATION_CONTEXT ( 3 ) GLOBAL_UNCERTAINTY_ASSIGNED_CONTEXT ( ( #2468 ) ) GLOBAL_UNIT_ASSIGNED_CONTEXT ( ( #1077, #4838, #1624 ) ) REPRESENTATION_CONTEXT ( 'NONE', 'WORKASPACE' ) );
#5320 = VECTOR ( 'NONE', #6148, 1000.000000000000000 ) ;
#5321 = PRESENTATION_LAYER_ASSIGNMENT (  '', '', ( #4975 ) ) ;
#5322 = EDGE_LOOP ( 'NONE', ( #3965, #2714, #958, #3080 ) ) ;
#5323 = ORIENTED_EDGE ( 'NONE', *, *, #3983, .T. ) ;
#5324 = VECTOR ( 'NONE', #2826, 1000.000000000000200 ) ;
#5325 = CARTESIAN_POINT ( 'NONE',  ( -2.705661583331458300, 0.0000000000000000000, -4.300355183510404800 ) ) ;
#5326 = ADVANCED_FACE ( 'NONE', ( #6079 ), #2774, .F. ) ;
#5327 = VERTEX_POINT ( 'NONE', #3310 ) ;
#5328 = LINE ( 'NONE', #6175, #3917 ) ;
#5329 = TOROIDAL_SURFACE ( 'NONE', #3028, 9.300000000000000700, 0.5000000000000004400 ) ;
#5330 = LINE ( 'NONE', #6909, #5165 ) ;
#5331 =( GEOMETRIC_REPRESENTATION_CONTEXT ( 3 ) GLOBAL_UNCERTAINTY_ASSIGNED_CONTEXT ( ( #1914 ) ) GLOBAL_UNIT_ASSIGNED_CONTEXT ( ( #1633, #5380, #2158 ) ) REPRESENTATION_CONTEXT ( 'NONE', 'WORKASPACE' ) );
#5332 = ORIENTED_EDGE ( 'NONE', *, *, #302, .T. ) ;
#5333 = ORIENTED_EDGE ( 'NONE', *, *, #3326, .F. ) ;
#5334 = CARTESIAN_POINT ( 'NONE',  ( -4.055661583331458400, 0.0000000000000000000, -3.481134468123456800 ) ) ;
#5335 = AXIS2_PLACEMENT_3D ( 'NONE', #6915, #3705, #480 ) ;
#5336 = FILL_AREA_STYLE ('',( #4800 ) ) ;
#5337 = LINE ( 'NONE', #3493, #2477 ) ;
#5338 = CARTESIAN_POINT ( 'NONE',  ( 13.25000000000000200, -4.500000000000000000, 3.500000000000000000 ) ) ;
#5339 = CIRCLE ( 'NONE', #1399, 5.894302951606641200 ) ;
#5340 = EDGE_CURVE ( 'NONE', #3791, #995, #1316, .T. ) ;
#5341 = CARTESIAN_POINT ( 'NONE',  ( -0.3410933151353004500, 0.0000000000000000000, 1.887777753867637000 ) ) ;
#5342 = SURFACE_SIDE_STYLE ('',( #2161 ) ) ;
#5343 = FILL_AREA_STYLE_COLOUR ( '', #722 ) ;
#5344 = ORIENTED_EDGE ( 'NONE', *, *, #6528, .F. ) ;
#5345 = CARTESIAN_POINT ( 'NONE',  ( -13.49999999999999800, 1.500000000000000000, 7.500000000000005300 ) ) ;
#5346 = DIRECTION ( 'NONE',  ( 0.5270832698930805200, -0.0000000000000000000, 0.8498136422762453400 ) ) ;
#5347 = STYLED_ITEM ( 'NONE', ( #376 ), #5326 ) ;
#5348 = FACE_OUTER_BOUND ( 'NONE', #3305, .T. ) ;
#5349 = PLANE ( 'NONE',  #315 ) ;
#5350 = ORIENTED_EDGE ( 'NONE', *, *, #657, .F. ) ;
#5351 = VECTOR ( 'NONE', #2230, 1000.000000000000000 ) ;
#5352 = EDGE_CURVE ( 'NONE', #498, #4792, #6845, .T. ) ;
#5353 = EDGE_CURVE ( 'NONE', #1078, #4222, #4177, .T. ) ;
#5354 = AXIS2_PLACEMENT_3D ( 'NONE', #5410, #3782, #6489 ) ;
#5355 = SURFACE_STYLE_FILL_AREA ( #5157 ) ;
#5356 = DIRECTION ( 'NONE',  ( -1.000000000000000000, 0.0000000000000000000, 0.0000000000000000000 ) ) ;
#5357 = COLOUR_RGB ( '',0.8980392156862745400, 0.8980392156862745400, 0.8980392156862745400 ) ;
#5358 = VERTEX_POINT ( 'NONE', #2277 ) ;
#5359 = DIRECTION ( 'NONE',  ( -1.000000000000000000, -0.0000000000000000000, -0.0000000000000000000 ) ) ;
#5360 = MANIFOLD_SOLID_BREP ( 'Бобышка-Вытянуть4[1]', #811 ) ;
#5361 = FILL_AREA_STYLE ('',( #3751 ) ) ;
#5362 = ADVANCED_FACE ( 'NONE', ( #2559 ), #137, .F. ) ;
#5363 = LINE ( 'NONE', #5794, #2498 ) ;
#5364 = CARTESIAN_POINT ( 'NONE',  ( 0.0000000000000000000, 1.500000000000000000, 0.0000000000000000000 ) ) ;
#5365 = ORIENTED_EDGE ( 'NONE', *, *, #531, .F. ) ;
#5366 = CARTESIAN_POINT ( 'NONE',  ( 2.094302951606638300, 16.00000000000000000, 0.0000000000000000000 ) ) ;
#5367 =( NAMED_UNIT ( * ) SI_UNIT ( $, .STERADIAN. ) SOLID_ANGLE_UNIT ( ) );
#5368 = ORIENTED_EDGE ( 'NONE', *, *, #4420, .T. ) ;
#5369 = ORIENTED_EDGE ( 'NONE', *, *, #3976, .F. ) ;
#5370 =( NAMED_UNIT ( * ) PLANE_ANGLE_UNIT ( ) SI_UNIT ( $, .RADIAN. ) );
#5371 = VERTEX_POINT ( 'NONE', #6521 ) ;
#5372 = ORIENTED_EDGE ( 'NONE', *, *, #1190, .T. ) ;
#5373 = AXIS2_PLACEMENT_3D ( 'NONE', #2690, #6437, #3225 ) ;
#5374 = STYLED_ITEM ( 'NONE', ( #4422 ), #4762 ) ;
#5375 = PRESENTATION_LAYER_ASSIGNMENT (  '', '', ( #4654 ) ) ;
#5376 = ORIENTED_EDGE ( 'NONE', *, *, #2589, .F. ) ;
#5377 = VECTOR ( 'NONE', #6599, 1000.000000000000000 ) ;
#5378 = CARTESIAN_POINT ( 'NONE',  ( 12.50000000000005300, 1.500000000000000000, -0.9999999999999983300 ) ) ;
#5379 = CARTESIAN_POINT ( 'NONE',  ( 13.50000000000000000, 1.500000000000000000, 7.500000000000001800 ) ) ;
#5380 =( NAMED_UNIT ( * ) PLANE_ANGLE_UNIT ( ) SI_UNIT ( $, .RADIAN. ) );
#5381 = DIRECTION ( 'NONE',  ( 0.8498136422762455600, -0.0000000000000000000, 0.5270832698930799600 ) ) ;
#5382 = MECHANICAL_DESIGN_GEOMETRIC_PRESENTATION_REPRESENTATION (  '', ( #4317 ), #5746 ) ;
#5383 = DIRECTION ( 'NONE',  ( 0.0000000000000000000, 1.000000000000000000, 0.0000000000000000000 ) ) ;
#5384 = LINE ( 'NONE', #5489, #2523 ) ;
#5385 = FILL_AREA_STYLE_COLOUR ( '', #6178 ) ;
#5386 = EDGE_CURVE ( 'NONE', #1526, #3444, #6683, .T. ) ;
#5387 = PLANE ( 'NONE',  #4630 ) ;
#5388 = ADVANCED_FACE ( 'NONE', ( #6158 ), #1784, .F. ) ;
#5389 = SURFACE_STYLE_FILL_AREA ( #4612 ) ;
#5390 = EDGE_LOOP ( 'NONE', ( #2388, #4298, #4013, #2167 ) ) ;
#5391 = PLANE ( 'NONE',  #861 ) ;
#5392 = LINE ( 'NONE', #1030, #6480 ) ;
#5393 = FACE_OUTER_BOUND ( 'NONE', #5145, .T. ) ;
#5394 = VERTEX_POINT ( 'NONE', #3942 ) ;
#5395 = ORIENTED_EDGE ( 'NONE', *, *, #5961, .F. ) ;
#5396 = EDGE_CURVE ( 'NONE', #193, #559, #4263, .T. ) ;
#5397 = FILL_AREA_STYLE_COLOUR ( '', #205 ) ;
#5398 = CARTESIAN_POINT ( 'NONE',  ( -3.380661583331455900, 0.05000000000000000300, 0.0000000000000000000 ) ) ;
#5399 = DIRECTION ( 'NONE',  ( -0.0000000000000000000, -1.000000000000000000, -0.0000000000000000000 ) ) ;
#5400 = CARTESIAN_POINT ( 'NONE',  ( -0.7410933151353015200, 0.05000000000000000300, 2.087777753867637600 ) ) ;
#5401 = EDGE_LOOP ( 'NONE', ( #2421, #1979, #1004, #3391 ) ) ;
#5402 =( NAMED_UNIT ( * ) SI_UNIT ( $, .STERADIAN. ) SOLID_ANGLE_UNIT ( ) );
#5403 = FACE_OUTER_BOUND ( 'NONE', #2381, .T. ) ;
#5404 = COLOUR_RGB ( '',0.1098039215686274500, 0.1098039215686274500, 0.1098039215686274500 ) ;
#5405 =( GEOMETRIC_REPRESENTATION_CONTEXT ( 3 ) GLOBAL_UNCERTAINTY_ASSIGNED_CONTEXT ( ( #5186 ) ) GLOBAL_UNIT_ASSIGNED_CONTEXT ( ( #5461, #2241, #5991 ) ) REPRESENTATION_CONTEXT ( 'NONE', 'WORKASPACE' ) );
#5406 = PRESENTATION_LAYER_ASSIGNMENT (  '', '', ( #5057 ) ) ;
#5407 = AXIS2_PLACEMENT_3D ( 'NONE', #540, #4310, #1079 ) ;
#5408 = LINE ( 'NONE', #2367, #4008 ) ;
#5409 = FACE_OUTER_BOUND ( 'NONE', #3258, .T. ) ;
#5410 = CARTESIAN_POINT ( 'NONE',  ( -6.420229851527615500, 0.05000000000000000300, 4.519193818477629200 ) ) ;
#5411 = VECTOR ( 'NONE', #3101, 1000.000000000000000 ) ;
#5412 = COLOUR_RGB ( '',0.7921568627450980000, 0.8196078431372548800, 0.9333333333333333500 ) ;
#5413 = ORIENTED_EDGE ( 'NONE', *, *, #1254, .T. ) ;
#5414 = EDGE_LOOP ( 'NONE', ( #116, #2691, #4867, #2194 ) ) ;
#5415 = CARTESIAN_POINT ( 'NONE',  ( -3.800000000000002900, 6.000000000000000000, 0.0000000000000000000 ) ) ;
#5416 = ORIENTED_EDGE ( 'NONE', *, *, #3365, .T. ) ;
#5417 = CARTESIAN_POINT ( 'NONE',  ( -13.49999999999999800, 1.500000000000000000, 6.000000000000008000 ) ) ;
#5418 =( GEOMETRIC_REPRESENTATION_CONTEXT ( 3 ) GLOBAL_UNCERTAINTY_ASSIGNED_CONTEXT ( ( #4993 ) ) GLOBAL_UNIT_ASSIGNED_CONTEXT ( ( #5040, #1815, #5567 ) ) REPRESENTATION_CONTEXT ( 'NONE', 'WORKASPACE' ) );
#5419 = EDGE_CURVE ( 'NONE', #3140, #1300, #2813, .T. ) ;
#5420 = FILL_AREA_STYLE_COLOUR ( '', #3752 ) ;
#5421 = SURFACE_STYLE_FILL_AREA ( #622 ) ;
#5422 = PLANE ( 'NONE',  #536 ) ;
#5423 = ADVANCED_FACE ( 'NONE', ( #5493 ), #452, .F. ) ;
#5424 = PLANE ( 'NONE',  #6350 ) ;
#5425 = DIRECTION ( 'NONE',  ( -1.000000000000000000, -0.0000000000000000000, -0.0000000000000000000 ) ) ;
#5426 = DIRECTION ( 'NONE',  ( -0.0000000000000000000, -1.000000000000000000, -0.0000000000000000000 ) ) ;
#5427 = DIRECTION ( 'NONE',  ( 0.0000000000000000000, 0.0000000000000000000, -1.000000000000000000 ) ) ;
#5428 = ORIENTED_EDGE ( 'NONE', *, *, #459, .F. ) ;
#5429 = PRESENTATION_STYLE_ASSIGNMENT (( #1067 ) ) ;
#5430 =( GEOMETRIC_REPRESENTATION_CONTEXT ( 3 ) GLOBAL_UNCERTAINTY_ASSIGNED_CONTEXT ( ( #3301 ) ) GLOBAL_UNIT_ASSIGNED_CONTEXT ( ( #5443, #2226, #5972 ) ) REPRESENTATION_CONTEXT ( 'NONE', 'WORKASPACE' ) );
#5431 = VERTEX_POINT ( 'NONE', #6336 ) ;
#5432 = PRESENTATION_STYLE_ASSIGNMENT (( #1747 ) ) ;
#5433 = VECTOR ( 'NONE', #252, 1000.000000000000000 ) ;
#5434 = VECTOR ( 'NONE', #3943, 1000.000000000000000 ) ;
#5435 = CARTESIAN_POINT ( 'NONE',  ( 12.50000000000000000, 3.500000000000000000, 3.500000000000000000 ) ) ;
#5436 = MECHANICAL_DESIGN_GEOMETRIC_PRESENTATION_REPRESENTATION (  '', ( #4376 ), #5801 ) ;
#5437 = DIRECTION ( 'NONE',  ( -0.0000000000000000000, -1.000000000000000000, -0.0000000000000000000 ) ) ;
#5438 = LINE ( 'NONE', #2618, #2759 ) ;
#5439 =( NAMED_UNIT ( * ) PLANE_ANGLE_UNIT ( ) SI_UNIT ( $, .RADIAN. ) );
#5440 = CARTESIAN_POINT ( 'NONE',  ( -16.00000000000000000, 1.500000000000000000, -10.00000000000000000 ) ) ;
#5441 = CARTESIAN_POINT ( 'NONE',  ( 16.00000000000000000, 1.500000000000000000, 10.00000000000000200 ) ) ;
#5442 = ORIENTED_EDGE ( 'NONE', *, *, #3026, .F. ) ;
#5443 =( LENGTH_UNIT ( ) NAMED_UNIT ( * ) SI_UNIT ( .MILLI., .METRE. ) );
#5444 = ORIENTED_EDGE ( 'NONE', *, *, #5043, .T. ) ;
#5445 = ORIENTED_EDGE ( 'NONE', *, *, #4626, .T. ) ;
#5446 = SURFACE_SIDE_STYLE ('',( #6262 ) ) ;
#5447 = SURFACE_STYLE_FILL_AREA ( #5138 ) ;
#5448 =( NAMED_UNIT ( * ) SI_UNIT ( $, .STERADIAN. ) SOLID_ANGLE_UNIT ( ) );
#5449 = PLANE ( 'NONE',  #4954 ) ;
#5450 =( NAMED_UNIT ( * ) SI_UNIT ( $, .STERADIAN. ) SOLID_ANGLE_UNIT ( ) );
#5451 = MECHANICAL_DESIGN_GEOMETRIC_PRESENTATION_REPRESENTATION (  '', ( #4740 ), #5808 ) ;
#5452 = ORIENTED_EDGE ( 'NONE', *, *, #5754, .F. ) ;
#5453 = CARTESIAN_POINT ( 'NONE',  ( 0.2089066848647014300, 0.05000000000000000300, 0.8403352088708592200 ) ) ;
#5454 = ORIENTED_EDGE ( 'NONE', *, *, #3129, .T. ) ;
#5455 = VERTEX_POINT ( 'NONE', #5294 ) ;
#5456 =( NAMED_UNIT ( * ) PLANE_ANGLE_UNIT ( ) SI_UNIT ( $, .RADIAN. ) );
#5457 = VECTOR ( 'NONE', #3107, 1000.000000000000000 ) ;
#5458 = ADVANCED_FACE ( 'NONE', ( #1225 ), #2065, .F. ) ;
#5459 = AXIS2_PLACEMENT_3D ( 'NONE', #5176, #6232, #3032 ) ;
#5460 =( GEOMETRIC_REPRESENTATION_CONTEXT ( 3 ) GLOBAL_UNCERTAINTY_ASSIGNED_CONTEXT ( ( #1018 ) ) GLOBAL_UNIT_ASSIGNED_CONTEXT ( ( #6238, #3036, #6798 ) ) REPRESENTATION_CONTEXT ( 'NONE', 'WORKASPACE' ) );
#5461 =( LENGTH_UNIT ( ) NAMED_UNIT ( * ) SI_UNIT ( .MILLI., .METRE. ) );
#5462 = SURFACE_SIDE_STYLE ('',( #1936 ) ) ;
#5463 = EDGE_CURVE ( 'NONE', #5655, #3571, #6757, .T. ) ;
#5464 = DIRECTION ( 'NONE',  ( 0.8494962282757180200, -0.0000000000000000000, 0.5275946911648460300 ) ) ;
#5465 = SURFACE_STYLE_USAGE ( .BOTH. , #1720 ) ;
#5466 = FILL_AREA_STYLE_COLOUR ( '', #4598 ) ;
#5467 = FACE_OUTER_BOUND ( 'NONE', #5201, .T. ) ;
#5468 = DIRECTION ( 'NONE',  ( 1.000000000000000000, 0.0000000000000000000, 0.0000000000000000000 ) ) ;
#5469 = PLANE ( 'NONE',  #5579 ) ;
#5470 = DIRECTION ( 'NONE',  ( 0.0000000000000000000, 1.000000000000000000, 0.0000000000000000000 ) ) ;
#5471 = AXIS2_PLACEMENT_3D ( 'NONE', #2632, #1035, #3748 ) ;
#5472 = CARTESIAN_POINT ( 'NONE',  ( 2.571012190790981300, 0.05000000000000000300, -3.475422238637514600 ) ) ;
#5473 = LINE ( 'NONE', #4945, #4067 ) ;
#5474 = VECTOR ( 'NONE', #6706, 1000.000000000000000 ) ;
#5475 = CARTESIAN_POINT ( 'NONE',  ( -3.655661583331457200, 0.0000000000000000000, -0.4766489202095020000 ) ) ;
#5476 = VECTOR ( 'NONE', #589, 1000.000000000000000 ) ;
#5477 = SURFACE_SIDE_STYLE ('',( #5739 ) ) ;
#5478 = EDGE_CURVE ( 'NONE', #5050, #6485, #1396, .T. ) ;
#5479 = EDGE_CURVE ( 'NONE', #2602, #1487, #2642, .T. ) ;
#5480 = EDGE_LOOP ( 'NONE', ( #2075, #784, #2502, #5732 ) ) ;
#5481 = EDGE_LOOP ( 'NONE', ( #3496, #3124, #6152, #3203 ) ) ;
#5482 = COLOUR_RGB ( '',0.3098039215686274600, 0.6901960784313725400, 1.000000000000000000 ) ;
#5483 = AXIS2_PLACEMENT_3D ( 'NONE', #2030, #5789, #2574 ) ;
#5484 = UNCERTAINTY_MEASURE_WITH_UNIT (LENGTH_MEASURE( 1.000000000000000100E-005 ), #59, 'distance_accuracy_value', 'NONE');
#5485 = PRESENTATION_STYLE_ASSIGNMENT (( #2513 ) ) ;
#5486 = VECTOR ( 'NONE', #1580, 1000.000000000000000 ) ;
#5487 = ORIENTED_EDGE ( 'NONE', *, *, #4264, .T. ) ;
#5488 = VECTOR ( 'NONE', #2253, 1000.000000000000000 ) ;
#5489 = CARTESIAN_POINT ( 'NONE',  ( 12.00000000000000000, -2.500000000000000000, 4.000000000000000000 ) ) ;
#5490 = ORIENTED_EDGE ( 'NONE', *, *, #1975, .F. ) ;
#5491 = VECTOR ( 'NONE', #1392, 1000.000000000000000 ) ;
#5492 = CARTESIAN_POINT ( 'NONE',  ( -9.332335357453892800, 0.05000000000000000300, -0.2247228132164734400 ) ) ;
#5493 = FACE_OUTER_BOUND ( 'NONE', #648, .T. ) ;
#5494 = AXIS2_PLACEMENT_3D ( 'NONE', #2462, #3530, #5173 ) ;
#5495 =( LENGTH_UNIT ( ) NAMED_UNIT ( * ) SI_UNIT ( .MILLI., .METRE. ) );
#5496 = UNCERTAINTY_MEASURE_WITH_UNIT (LENGTH_MEASURE( 1.000000000000000100E-005 ), #5828, 'distance_accuracy_value', 'NONE');
#5497 = ORIENTED_EDGE ( 'NONE', *, *, #5001, .T. ) ;
#5498 = ORIENTED_EDGE ( 'NONE', *, *, #1406, .F. ) ;
#5499 = FILL_AREA_STYLE_COLOUR ( '', #4585 ) ;
#5500 = CARTESIAN_POINT ( 'NONE',  ( 13.50000000000000000, 1.500000000000000000, 7.500000000000001800 ) ) ;
#5501 = SURFACE_STYLE_FILL_AREA ( #1371 ) ;
#5502 = COLOUR_RGB ( '',0.8980392156862745400, 0.8980392156862745400, 0.8980392156862745400 ) ;
#5503 = DIRECTION ( 'NONE',  ( -0.0000000000000000000, -1.000000000000000000, -0.0000000000000000000 ) ) ;
#5504 = DIRECTION ( 'NONE',  ( 0.0000000000000000000, -0.0000000000000000000, -1.000000000000000000 ) ) ;
#5505 = MECHANICAL_DESIGN_GEOMETRIC_PRESENTATION_REPRESENTATION (  '', ( #4441 ), #5856 ) ;
#5506 = STYLED_ITEM ( 'NONE', ( #4906 ), #3710 ) ;
#5507 = STYLED_ITEM ( 'NONE', ( #1806 ), #4695 ) ;
#5508 = AXIS2_PLACEMENT_3D ( 'NONE', #769, #4532, #1329 ) ;
#5509 = ORIENTED_EDGE ( 'NONE', *, *, #3690, .T. ) ;
#5510 = CARTESIAN_POINT ( 'NONE',  ( 12.50000000000005300, -2.500000000000000000, -0.9999999999999983300 ) ) ;
#5511 = CARTESIAN_POINT ( 'NONE',  ( -6.020229851527614300, 0.0000000000000000000, 2.287777753867637800 ) ) ;
#5512 = LINE ( 'NONE', #4604, #2653 ) ;
#5513 = ORIENTED_EDGE ( 'NONE', *, *, #6716, .T. ) ;
#5514 = DIRECTION ( 'NONE',  ( 0.0000000000000000000, 0.0000000000000000000, -1.000000000000000000 ) ) ;
#5515 = EDGE_LOOP ( 'NONE', ( #2575, #5529, #2621, #3518 ) ) ;
#5516 = SURFACE_STYLE_FILL_AREA ( #5874 ) ;
#5517 = VECTOR ( 'NONE', #3826, 1000.000000000000000 ) ;
#5518 = DIRECTION ( 'NONE',  ( -1.392757777031960500E-014, 1.000000000000000000, 0.0000000000000000000 ) ) ;
#5519 = EDGE_CURVE ( 'NONE', #3416, #908, #5330, .T. ) ;
#5520 = DIRECTION ( 'NONE',  ( 0.0000000000000000000, -1.000000000000000000, 0.0000000000000000000 ) ) ;
#5521 = DIRECTION ( 'NONE',  ( -0.0000000000000000000, -1.000000000000000000, -0.0000000000000000000 ) ) ;
#5522 = FILL_AREA_STYLE ('',( #2310 ) ) ;
#5523 = ORIENTED_EDGE ( 'NONE', *, *, #1540, .T. ) ;
#5524 = SURFACE_STYLE_USAGE ( .BOTH. , #1768 ) ;
#5525 = EDGE_CURVE ( 'NONE', #3908, #5610, #6594, .T. ) ;
#5526 = DIRECTION ( 'NONE',  ( -0.0000000000000000000, -1.000000000000000000, -0.0000000000000000000 ) ) ;
#5527 = LINE ( 'NONE', #6323, #2670 ) ;
#5528 = DIRECTION ( 'NONE',  ( -0.0000000000000000000, -1.000000000000000000, -0.0000000000000000000 ) ) ;
#5529 = ORIENTED_EDGE ( 'NONE', *, *, #6275, .T. ) ;
#5530 = LINE ( 'NONE', #19, #4122 ) ;
#5531 = CLOSED_SHELL ( 'NONE', ( #6689, #6105, #567, #3137, #5257, #5283, #4762, #2638, #2410, #3471, #2913, #3710, #5315, #5388, #4661, #107, #989, #4569, #2146, #6892, #3313, #953, #2948, #1605, #5806, #604, #5221, #6898, #6258, #4259, #3242, #2785, #4563, #1515, #6293, #4287, #3127, #3275, #1023, #4349, #2243, #4059, #3113, #2047, #5362, #6515, #6137, #4801, #2571, #3443, #5840, #1984, #467, #1632, #4712, #4186, #2109, #1140, #3067, #761, #2181, #1737, #1891, #3655, #6877, #3200, #4386, #4022, #1532, #3818, #5752, #1015, #6804, #5297, #6443, #2590, #5458, #3753, #2754, #2376, #4212, #1664, #3607, #486, #2505, #5813, #6983, #1180, #5779, #797, #5423, #5065, #2070, #4149, #2078, #4797 ) ) ;
#5532 = CARTESIAN_POINT ( 'NONE',  ( 12.50000000000005300, -4.499999999999992900, -0.9999999999999983300 ) ) ;
#5533 = VERTEX_POINT ( 'NONE', #3718 ) ;
#5534 = LINE ( 'NONE', #4148, #6973 ) ;
#5535 =( LENGTH_UNIT ( ) NAMED_UNIT ( * ) SI_UNIT ( .MILLI., .METRE. ) );
#5536 = ORIENTED_EDGE ( 'NONE', *, *, #5419, .T. ) ;
#5537 = EDGE_LOOP ( 'NONE', ( #6545, #4218, #3062, #5513 ) ) ;
#5538 = EDGE_CURVE ( 'NONE', #1969, #498, #2471, .T. ) ;
#5539 = VERTEX_POINT ( 'NONE', #6939 ) ;
#5540 = FILL_AREA_STYLE ('',( #1778 ) ) ;
#5541 = FILL_AREA_STYLE ('',( #164 ) ) ;
#5542 = DIRECTION ( 'NONE',  ( 0.8494962282757253500, 0.0000000000000000000, -0.5275946911648339300 ) ) ;
#5543 =( NAMED_UNIT ( * ) PLANE_ANGLE_UNIT ( ) SI_UNIT ( $, .RADIAN. ) );
#5544 = EDGE_CURVE ( 'NONE', #5253, #6969, #5006, .T. ) ;
#5545 = LINE ( 'NONE', #3356, #4140 ) ;
#5546 = DIRECTION ( 'NONE',  ( -0.8498136422762462300, -0.0000000000000000000, -0.5270832698930789700 ) ) ;
#5547 = PRESENTATION_LAYER_ASSIGNMENT (  '', '', ( #4832 ) ) ;
#5548 = DIRECTION ( 'NONE',  ( 0.8883292641862271500, -0.0000000000000000000, -0.4592070539422886700 ) ) ;
#5549 = AXIS2_PLACEMENT_3D ( 'NONE', #446, #4228, #982 ) ;
#5550 = CARTESIAN_POINT ( 'NONE',  ( -6.970229851527613500, 0.05000000000000000300, 2.287777753867637800 ) ) ;
#5551 = DIRECTION ( 'NONE',  ( 1.000000000000000000, -0.0000000000000000000, 3.469446951953614200E-015 ) ) ;
#5552 = PLANE ( 'NONE',  #2936 ) ;
#5553 = VECTOR ( 'NONE', #6569, 1000.000000000000000 ) ;
#5554 = ORIENTED_EDGE ( 'NONE', *, *, #2236, .F. ) ;
#5555 = AXIS2_PLACEMENT_3D ( 'NONE', #4413, #1195, #4946 ) ;
#5556 = CARTESIAN_POINT ( 'NONE',  ( -3.380661583331455900, 0.05000000000000000300, 6.404437243815919200 ) ) ;
#5557 = FACE_OUTER_BOUND ( 'NONE', #3016, .T. ) ;
#5558 = CARTESIAN_POINT ( 'NONE',  ( -4.055661583331458400, 0.05000000000000000300, -4.300355183510403900 ) ) ;
#5559 = FACE_BOUND ( 'NONE', #2015, .T. ) ;
#5560 = ORIENTED_EDGE ( 'NONE', *, *, #2252, .F. ) ;
#5561 = SURFACE_STYLE_FILL_AREA ( #4464 ) ;
#5562 = CARTESIAN_POINT ( 'NONE',  ( 19.75000000000000400, -5.749999999999949400, -0.9999999999999983300 ) ) ;
#5563 = CARTESIAN_POINT ( 'NONE',  ( 13.25000000000001400, -5.749999999999921800, -3.999999999999998200 ) ) ;
#5564 = CIRCLE ( 'NONE', #4268, 1.249999999999999300 ) ;
#5565 = AXIS2_PLACEMENT_3D ( 'NONE', #3119, #4231, #987 ) ;
#5566 = DIRECTION ( 'NONE',  ( -3.469446951953614200E-015, -0.0000000000000000000, 1.000000000000000000 ) ) ;
#5567 =( NAMED_UNIT ( * ) SI_UNIT ( $, .STERADIAN. ) SOLID_ANGLE_UNIT ( ) );
#5568 = VECTOR ( 'NONE', #4417, 1000.000000000000000 ) ;
#5569 = VECTOR ( 'NONE', #6234, 1000.000000000000000 ) ;
#5570 = ORIENTED_EDGE ( 'NONE', *, *, #5053, .T. ) ;
#5571 = ORIENTED_EDGE ( 'NONE', *, *, #1459, .F. ) ;
#5572 = SURFACE_SIDE_STYLE ('',( #6697 ) ) ;
#5573 = AXIS2_PLACEMENT_3D ( 'NONE', #5637, #5745, #1987 ) ;
#5574 = UNCERTAINTY_MEASURE_WITH_UNIT (LENGTH_MEASURE( 1.000000000000000100E-005 ), #6386, 'distance_accuracy_value', 'NONE');
#5575 = SURFACE_SIDE_STYLE ('',( #6491 ) ) ;
#5576 = EDGE_CURVE ( 'NONE', #550, #4707, #3742, .T. ) ;
#5577 = EDGE_CURVE ( 'NONE', #1059, #6760, #2130, .T. ) ;
#5578 = SURFACE_SIDE_STYLE ('',( #104 ) ) ;
#5579 = AXIS2_PLACEMENT_3D ( 'NONE', #6577, #3362, #139 ) ;
#5580 = ORIENTED_EDGE ( 'NONE', *, *, #5318, .T. ) ;
#5581 = PLANE ( 'NONE',  #4181 ) ;
#5582 = VECTOR ( 'NONE', #677, 1000.000000000000000 ) ;
#5583 = VECTOR ( 'NONE', #3240, 1000.000000000000000 ) ;
#5584 = SURFACE_SIDE_STYLE ('',( #3827 ) ) ;
#5585 =( NAMED_UNIT ( * ) SI_UNIT ( $, .STERADIAN. ) SOLID_ANGLE_UNIT ( ) );
#5586 = DIRECTION ( 'NONE',  ( -0.0000000000000000000, -1.000000000000000000, -0.0000000000000000000 ) ) ;
#5587 = LINE ( 'NONE', #3988, #1312 ) ;
#5588 = LINE ( 'NONE', #3569, #6842 ) ;
#5589 = LINE ( 'NONE', #4209, #6682 ) ;
#5590 = DIRECTION ( 'NONE',  ( -0.0000000000000000000, -1.000000000000000000, -0.0000000000000000000 ) ) ;
#5591 = ORIENTED_EDGE ( 'NONE', *, *, #1175, .F. ) ;
#5592 = AXIS2_PLACEMENT_3D ( 'NONE', #128, #3898, #671 ) ;
#5593 = ADVANCED_FACE ( 'NONE', ( #707 ), #4823, .F. ) ;
#5594 = EDGE_LOOP ( 'NONE', ( #2855, #5116, #160, #5255 ) ) ;
#5595 = PLANE ( 'NONE',  #5508 ) ;
#5596 = CARTESIAN_POINT ( 'NONE',  ( -3.800000000000002000, 6.896994759475080400, 8.216422155899984100 ) ) ;
#5597 = SURFACE_STYLE_FILL_AREA ( #5522 ) ;
#5598 = DIRECTION ( 'NONE',  ( 1.000000000000000000, 0.0000000000000000000, 0.0000000000000000000 ) ) ;
#5599 = PLANE ( 'NONE',  #3712 ) ;
#5600 = DIRECTION ( 'NONE',  ( 0.8494962282757259100, 0.0000000000000000000, -0.5275946911648331500 ) ) ;
#5601 = LINE ( 'NONE', #3800, #4191 ) ;
#5602 = STYLED_ITEM ( 'NONE', ( #6514 ), #1347 ) ;
#5603 = MECHANICAL_DESIGN_GEOMETRIC_PRESENTATION_REPRESENTATION (  '', ( #4520 ), #5944 ) ;
#5604 = DIRECTION ( 'NONE',  ( 0.5228343718690816600, -0.0000000000000000000, 0.8524342904835907600 ) ) ;
#5605 = VERTEX_POINT ( 'NONE', #1060 ) ;
#5606 = COLOUR_RGB ( '',0.8980392156862745400, 0.8980392156862745400, 0.8980392156862745400 ) ;
#5607 = COLOUR_RGB ( '',0.8980392156862745400, 0.8980392156862745400, 0.8980392156862745400 ) ;
#5608 = EDGE_CURVE ( 'NONE', #830, #2051, #4330, .T. ) ;
#5609 = PLANE ( 'NONE',  #5573 ) ;
#5610 = VERTEX_POINT ( 'NONE', #4846 ) ;
#5611 = DIRECTION ( 'NONE',  ( -0.0000000000000000000, -1.000000000000000000, -0.0000000000000000000 ) ) ;
#5612 = LINE ( 'NONE', #3871, #1341 ) ;
#5613 = CARTESIAN_POINT ( 'NONE',  ( 12.00000000000000200, 1.500000000000000000, 3.500000000000000000 ) ) ;
#5614 = LINE ( 'NONE', #223, #1344 ) ;
#5615 = PRESENTATION_LAYER_ASSIGNMENT (  '', '', ( #4894 ) ) ;
#5616 = LINE ( 'NONE', #6311, #6710 ) ;
#5617 = CARTESIAN_POINT ( 'NONE',  ( 12.00000000000005200, 3.500000000000000000, -0.9999999999999983300 ) ) ;
#5618 = DIRECTION ( 'NONE',  ( 0.0000000000000000000, 1.000000000000000000, 0.0000000000000000000 ) ) ;
#5619 = LINE ( 'NONE', #3665, #4208 ) ;
#5620 = EDGE_CURVE ( 'NONE', #6485, #2671, #2891, .T. ) ;
#5621 = EDGE_CURVE ( 'NONE', #1728, #1227, #26, .T. ) ;
#5622 = PRESENTATION_STYLE_ASSIGNMENT (( #113 ) ) ;
#5623 = EDGE_CURVE ( 'NONE', #2794, #1871, #4171, .T. ) ;
#5624 = MECHANICAL_DESIGN_GEOMETRIC_PRESENTATION_REPRESENTATION (  '', ( #2321 ), #5964 ) ;
#5625 = ORIENTED_EDGE ( 'NONE', *, *, #5260, .F. ) ;
#5626 = ORIENTED_EDGE ( 'NONE', *, *, #1536, .F. ) ;
#5627 = DIRECTION ( 'NONE',  ( -1.000000000000000000, 0.0000000000000000000, -0.0000000000000000000 ) ) ;
#5628 = ORIENTED_EDGE ( 'NONE', *, *, #3688, .T. ) ;
#5629 = ADVANCED_FACE ( 'NONE', ( #1308 ), #4336, .F. ) ;
#5630 = ORIENTED_EDGE ( 'NONE', *, *, #860, .T. ) ;
#5631 = PLANE ( 'NONE',  #2216 ) ;
#5632 = ORIENTED_EDGE ( 'NONE', *, *, #5538, .F. ) ;
#5633 = ORIENTED_EDGE ( 'NONE', *, *, #2695, .T. ) ;
#5634 = VECTOR ( 'NONE', #2839, 1000.000000000000000 ) ;
#5635 = PRESENTATION_STYLE_ASSIGNMENT (( #6211 ) ) ;
#5636 = CARTESIAN_POINT ( 'NONE',  ( -6.420229851527615500, 0.05000000000000000300, -1.365134884645989000 ) ) ;
#5637 = CARTESIAN_POINT ( 'NONE',  ( 12.00000000000002800, -4.499999999999992900, 1.000000000000000900 ) ) ;
#5638 = EDGE_CURVE ( 'NONE', #519, #6368, #2208, .T. ) ;
#5639 = MECHANICAL_DESIGN_GEOMETRIC_PRESENTATION_REPRESENTATION (  '', ( #4547 ), #5973 ) ;
#5640 = CARTESIAN_POINT ( 'NONE',  ( 2.571012190790981300, 0.0000000000000000000, -3.475422238637514600 ) ) ;
#5641 = AXIS2_PLACEMENT_3D ( 'NONE', #5976, #2778, #6527 ) ;
#5642 = DIRECTION ( 'NONE',  ( -1.000000000000000000, 0.0000000000000000000, -0.0000000000000000000 ) ) ;
#5643 = PRESENTATION_LAYER_ASSIGNMENT (  '', '', ( #5281 ) ) ;
#5644 = PLANE ( 'NONE',  #1053 ) ;
#5645 = DIRECTION ( 'NONE',  ( -1.000000000000000000, -0.0000000000000000000, -0.0000000000000000000 ) ) ;
#5646 = SURFACE_STYLE_USAGE ( .BOTH. , #1885 ) ;
#5647 = DIRECTION ( 'NONE',  ( 0.0000000000000000000, 0.0000000000000000000, 1.000000000000000000 ) ) ;
#5648 = FACE_OUTER_BOUND ( 'NONE', #3804, .T. ) ;
#5649 = FILL_AREA_STYLE_COLOUR ( '', #1748 ) ;
#5650 = LINE ( 'NONE', #3809, #2617 ) ;
#5651 = EDGE_CURVE ( 'NONE', #5605, #2602, #786, .T. ) ;
#5652 = CARTESIAN_POINT ( 'NONE',  ( 13.25000000000000700, -5.249999999999975100, 1.000000000000000900 ) ) ;
#5653 = VECTOR ( 'NONE', #735, 1000.000000000000000 ) ;
#5654 = ORIENTED_EDGE ( 'NONE', *, *, #5826, .F. ) ;
#5655 = VERTEX_POINT ( 'NONE', #3286 ) ;
#5656 = COLOUR_RGB ( '',0.8980392156862745400, 0.8980392156862745400, 0.8980392156862745400 ) ;
#5657 = PRESENTATION_STYLE_ASSIGNMENT (( #1916 ) ) ;
#5658 =( LENGTH_UNIT ( ) NAMED_UNIT ( * ) SI_UNIT ( .MILLI., .METRE. ) );
#5659 = VECTOR ( 'NONE', #2463, 1000.000000000000100 ) ;
#5660 = VERTEX_POINT ( 'NONE', #618 ) ;
#5661 = LINE ( 'NONE', #4544, #4254 ) ;
#5662 = LINE ( 'NONE', #3888, #112 ) ;
#5663 = DIRECTION ( 'NONE',  ( 0.0000000000000000000, 0.0000000000000000000, -1.000000000000000000 ) ) ;
#5664 = MANIFOLD_SOLID_BREP ( 'По траектории1', #1717 ) ;
#5665 =( LENGTH_UNIT ( ) NAMED_UNIT ( * ) SI_UNIT ( .MILLI., .METRE. ) );
#5666 = DIRECTION ( 'NONE',  ( 0.8494962282757180200, -0.0000000000000000000, 0.5275946911648460300 ) ) ;
#5667 = ORIENTED_EDGE ( 'NONE', *, *, #6659, .T. ) ;
#5668 = MECHANICAL_DESIGN_GEOMETRIC_PRESENTATION_REPRESENTATION (  '', ( #4584 ), #6011 ) ;
#5669 =( NAMED_UNIT ( * ) SI_UNIT ( $, .STERADIAN. ) SOLID_ANGLE_UNIT ( ) );
#5670 = VECTOR ( 'NONE', #5268, 1000.000000000000000 ) ;
#5671 = CARTESIAN_POINT ( 'NONE',  ( -3.105661583331458700, 0.05000000000000000300, -0.4766489202095020000 ) ) ;
#5672 = DIRECTION ( 'NONE',  ( 0.0000000000000000000, 0.0000000000000000000, 1.000000000000000000 ) ) ;
#5673 = EDGE_LOOP ( 'NONE', ( #798, #5580, #964, #2683 ) ) ;
#5674 = EDGE_LOOP ( 'NONE', ( #4683, #14, #2681, #5003 ) ) ;
#5675 = PRESENTATION_LAYER_ASSIGNMENT (  '', '', ( #4962 ) ) ;
#5676 = DIRECTION ( 'NONE',  ( 0.0000000000000000000, 0.0000000000000000000, 1.000000000000000000 ) ) ;
#5677 = PLANE ( 'NONE',  #268 ) ;
#5678 = CYLINDRICAL_SURFACE ( 'NONE', #3348, 1.499999999999999600 ) ;
#5679 = EDGE_CURVE ( 'NONE', #2807, #2514, #6318, .T. ) ;
#5680 = SURFACE_STYLE_FILL_AREA ( #2369 ) ;
#5681 = CARTESIAN_POINT ( 'NONE',  ( -0.7507960402540931900, 0.0000000000000000000, -5.512829155905854400 ) ) ;
#5682 = DIRECTION ( 'NONE',  ( 0.0000000000000000000, 1.000000000000000000, 0.0000000000000000000 ) ) ;
#5683 = SURFACE_STYLE_USAGE ( .BOTH. , #1922 ) ;
#5684 = EDGE_CURVE ( 'NONE', #2794, #488, #626, .T. ) ;
#5685 = MECHANICAL_DESIGN_GEOMETRIC_PRESENTATION_REPRESENTATION (  '', ( #4975 ), #6031 ) ;
#5686 = CARTESIAN_POINT ( 'NONE',  ( -0.3410933151353004500, 0.05000000000000000300, 4.519193818477629200 ) ) ;
#5687 = ORIENTED_EDGE ( 'NONE', *, *, #4126, .F. ) ;
#5688 = CARTESIAN_POINT ( 'NONE',  ( -3.800000000000002900, 6.500000000000000900, -8.705697048393359300 ) ) ;
#5689 = EDGE_LOOP ( 'NONE', ( #2916, #2795, #4600, #2668 ) ) ;
#5690 = COLOUR_RGB ( '',0.8980392156862745400, 0.8980392156862745400, 0.8980392156862745400 ) ;
#5691 = FACE_OUTER_BOUND ( 'NONE', #1226, .T. ) ;
#5692 = DIRECTION ( 'NONE',  ( -0.8498136422762455600, 0.0000000000000000000, -0.5270832698930798500 ) ) ;
#5693 = FILL_AREA_STYLE ('',( #4090 ) ) ;
#5694 = PRESENTATION_LAYER_ASSIGNMENT (  '', '', ( #6036 ) ) ;
#5695 =( NAMED_UNIT ( * ) PLANE_ANGLE_UNIT ( ) SI_UNIT ( $, .RADIAN. ) );
#5696 = ORIENTED_EDGE ( 'NONE', *, *, #2447, .F. ) ;
#5697 = SURFACE_STYLE_USAGE ( .BOTH. , #1933 ) ;
#5698 = DIRECTION ( 'NONE',  ( -0.0000000000000000000, -0.0000000000000000000, -1.000000000000000000 ) ) ;
#5699 = PRESENTATION_STYLE_ASSIGNMENT (( #3252 ) ) ;
#5700 = EDGE_CURVE ( 'NONE', #4074, #1081, #2974, .T. ) ;
#5701 = LINE ( 'NONE', #417, #3007 ) ;
#5702 = DIRECTION ( 'NONE',  ( -0.0000000000000000000, -0.0000000000000000000, 1.000000000000000000 ) ) ;
#5703 = VERTEX_POINT ( 'NONE', #3844 ) ;
#5704 = ORIENTED_EDGE ( 'NONE', *, *, #6759, .F. ) ;
#5705 = UNCERTAINTY_MEASURE_WITH_UNIT (LENGTH_MEASURE( 1.000000000000000100E-005 ), #511, 'distance_accuracy_value', 'NONE');
#5706 = ORIENTED_EDGE ( 'NONE', *, *, #2646, .F. ) ;
#5707 = DIRECTION ( 'NONE',  ( 1.000000000000000000, 0.0000000000000000000, 3.469446951953614200E-015 ) ) ;
#5708 = CIRCLE ( 'NONE', #444, 1.499999999999998700 ) ;
#5709 = PRESENTATION_LAYER_ASSIGNMENT (  '', '', ( #5347 ) ) ;
#5710 = ORIENTED_EDGE ( 'NONE', *, *, #2177, .F. ) ;
#5711 =( NAMED_UNIT ( * ) PLANE_ANGLE_UNIT ( ) SI_UNIT ( $, .RADIAN. ) );
#5712 = VERTEX_POINT ( 'NONE', #4406 ) ;
#5713 = VERTEX_POINT ( 'NONE', #5998 ) ;
#5714 = EDGE_CURVE ( 'NONE', #4155, #6766, #6923, .T. ) ;
#5715 = EDGE_CURVE ( 'NONE', #4457, #5455, #5662, .T. ) ;
#5716 = DIRECTION ( 'NONE',  ( -0.0000000000000000000, -1.000000000000000000, -0.0000000000000000000 ) ) ;
#5717 = CARTESIAN_POINT ( 'NONE',  ( -0.7507960402540931900, 0.05000000000000000300, -5.512829155905854400 ) ) ;
#5718 = PLANE ( 'NONE',  #5459 ) ;
#5719 = CARTESIAN_POINT ( 'NONE',  ( -9.332335357453892800, 0.0000000000000000000, -0.2247228132164734400 ) ) ;
#5720 = UNCERTAINTY_MEASURE_WITH_UNIT (LENGTH_MEASURE( 1.000000000000000100E-005 ), #6807, 'distance_accuracy_value', 'NONE');
#5721 =( LENGTH_UNIT ( ) NAMED_UNIT ( * ) SI_UNIT ( .MILLI., .METRE. ) );
#5722 = LINE ( 'NONE', #3332, #1608 ) ;
#5723 = SURFACE_SIDE_STYLE ('',( #6092 ) ) ;
#5724 = SURFACE_STYLE_USAGE ( .BOTH. , #2522 ) ;
#5725 = VERTEX_POINT ( 'NONE', #3338 ) ;
#5726 = CARTESIAN_POINT ( 'NONE',  ( -2.705661583331457500, 0.05000000000000000300, -4.300355183510403900 ) ) ;
#5727 = CARTESIAN_POINT ( 'NONE',  ( 13.50000000000000000, 1.500000000000000000, -7.499999999999998200 ) ) ;
#5728 = DIRECTION ( 'NONE',  ( -0.0000000000000000000, 1.000000000000000000, -0.0000000000000000000 ) ) ;
#5729 = CIRCLE ( 'NONE', #5549, 8.705697048393359300 ) ;
#5730 = PRESENTATION_LAYER_ASSIGNMENT (  '', '', ( #5026 ) ) ;
#5731 = FACE_BOUND ( 'NONE', #4751, .T. ) ;
#5732 = ORIENTED_EDGE ( 'NONE', *, *, #515, .T. ) ;
#5733 = AXIS2_PLACEMENT_3D ( 'NONE', #5227, #2012, #5763 ) ;
#5734 = SURFACE_SIDE_STYLE ('',( #2625 ) ) ;
#5735 = MECHANICAL_DESIGN_GEOMETRIC_PRESENTATION_REPRESENTATION (  '', ( #4654 ), #6085 ) ;
#5736 = DIRECTION ( 'NONE',  ( 0.5270832698930796300, 0.0000000000000000000, 0.8498136422762457800 ) ) ;
#5737 = CARTESIAN_POINT ( 'NONE',  ( 13.25000000000000200, -4.500000000000000000, 0.0000000000000000000 ) ) ;
#5738 = DIRECTION ( 'NONE',  ( -1.392757777031960500E-014, 1.000000000000000000, 0.0000000000000000000 ) ) ;
#5739 = SURFACE_STYLE_FILL_AREA ( #1733 ) ;
#5740 = VECTOR ( 'NONE', #6813, 1000.000000000000000 ) ;
#5741 = ORIENTED_EDGE ( 'NONE', *, *, #1108, .T. ) ;
#5742 = CARTESIAN_POINT ( 'NONE',  ( -3.580661583331458300, 0.0000000000000000000, 2.929732241150968100 ) ) ;
#5743 = COLOUR_RGB ( '',0.8980392156862745400, 0.8980392156862745400, 0.8980392156862745400 ) ;
#5744 =( LENGTH_UNIT ( ) NAMED_UNIT ( * ) SI_UNIT ( .MILLI., .METRE. ) );
#5745 = DIRECTION ( 'NONE',  ( -0.0000000000000000000, 0.0000000000000000000, -1.000000000000000000 ) ) ;
#5746 =( GEOMETRIC_REPRESENTATION_CONTEXT ( 3 ) GLOBAL_UNCERTAINTY_ASSIGNED_CONTEXT ( ( #593 ) ) GLOBAL_UNIT_ASSIGNED_CONTEXT ( ( #6102, #2900, #6658 ) ) REPRESENTATION_CONTEXT ( 'NONE', 'WORKASPACE' ) );
#5747 = EDGE_LOOP ( 'NONE', ( #1087, #6163, #2547, #4291 ) ) ;
#5748 = PRESENTATION_STYLE_ASSIGNMENT (( #1986 ) ) ;
#5749 = LINE ( 'NONE', #5000, #2890 ) ;
#5750 = SURFACE_STYLE_FILL_AREA ( #2729 ) ;
#5751 = FILL_AREA_STYLE_COLOUR ( '', #791 ) ;
#5752 = ADVANCED_FACE ( 'NONE', ( #2809 ), #4970, .F. ) ;
#5753 = CARTESIAN_POINT ( 'NONE',  ( -6.420229851527615500, 0.05000000000000000300, 2.287777753867636000 ) ) ;
#5754 = EDGE_CURVE ( 'NONE', #1842, #4746, #1220, .T. ) ;
#5755 = ORIENTED_EDGE ( 'NONE', *, *, #893, .F. ) ;
#5756 = ORIENTED_EDGE ( 'NONE', *, *, #6704, .T. ) ;
#5757 = SURFACE_SIDE_STYLE ('',( #6242 ) ) ;
#5758 =( NAMED_UNIT ( * ) SI_UNIT ( $, .STERADIAN. ) SOLID_ANGLE_UNIT ( ) );
#5759 = FILL_AREA_STYLE_COLOUR ( '', #3823 ) ;
#5760 = LINE ( 'NONE', #3245, #1650 ) ;
#5761 = EDGE_CURVE ( 'NONE', #4957, #2419, #2631, .T. ) ;
#5762 = LINE ( 'NONE', #685, #2911 ) ;
#5763 = DIRECTION ( 'NONE',  ( 1.000000000000000000, 0.0000000000000000000, -0.0000000000000000000 ) ) ;
#5764 = ORIENTED_EDGE ( 'NONE', *, *, #162, .F. ) ;
#5765 = VECTOR ( 'NONE', #1581, 1000.000000000000000 ) ;
#5766 = ORIENTED_EDGE ( 'NONE', *, *, #2508, .F. ) ;
#5767 = AXIS2_PLACEMENT_3D ( 'NONE', #6932, #6090, #6647 ) ;
#5768 = MECHANICAL_DESIGN_GEOMETRIC_PRESENTATION_REPRESENTATION (  '', ( #5057 ), #6124 ) ;
#5769 = VERTEX_POINT ( 'NONE', #4991 ) ;
#5770 = CARTESIAN_POINT ( 'NONE',  ( 12.00000000000005200, 3.500000000000000000, -0.9999999999999983300 ) ) ;
#5771 = LINE ( 'NONE', #6087, #4363 ) ;
#5772 = FILL_AREA_STYLE_COLOUR ( '', #3371 ) ;
#5773 = DIRECTION ( 'NONE',  ( -0.0000000000000000000, -1.000000000000000000, -0.0000000000000000000 ) ) ;
#5774 = LINE ( 'NONE', #4736, #58 ) ;
#5775 = DIRECTION ( 'NONE',  ( 0.0000000000000000000, 0.0000000000000000000, 1.000000000000000000 ) ) ;
#5776 = DIRECTION ( 'NONE',  ( -0.0000000000000000000, -0.0000000000000000000, 1.000000000000000000 ) ) ;
#5777 = LINE ( 'NONE', #5836, #2588 ) ;
#5778 = CARTESIAN_POINT ( 'NONE',  ( 3.121012190790982900, 0.05000000000000000300, -3.783294761366649900 ) ) ;
#5779 = ADVANCED_FACE ( 'NONE', ( #3910 ), #1235, .T. ) ;
#5780 = EDGE_CURVE ( 'NONE', #3561, #488, #1034, .T. ) ;
#5781 = LINE ( 'NONE', #7, #4369 ) ;
#5782 = CARTESIAN_POINT ( 'NONE',  ( -3.180661583331457500, 0.0000000000000000000, 2.929732241150968100 ) ) ;
#5783 = UNCERTAINTY_MEASURE_WITH_UNIT (LENGTH_MEASURE( 1.000000000000000100E-005 ), #2599, 'distance_accuracy_value', 'NONE');
#5784 = VERTEX_POINT ( 'NONE', #2848 ) ;
#5785 = EDGE_LOOP ( 'NONE', ( #4452, #2264, #1032, #1774 ) ) ;
#5786 = ORIENTED_EDGE ( 'NONE', *, *, #3750, .T. ) ;
#5787 = ORIENTED_EDGE ( 'NONE', *, *, #860, .F. ) ;
#5788 =( NAMED_UNIT ( * ) SI_UNIT ( $, .STERADIAN. ) SOLID_ANGLE_UNIT ( ) );
#5789 = DIRECTION ( 'NONE',  ( -0.0000000000000000000, 0.0000000000000000000, 1.000000000000000000 ) ) ;
#5790 = ORIENTED_EDGE ( 'NONE', *, *, #2177, .T. ) ;
#5791 = ORIENTED_EDGE ( 'NONE', *, *, #610, .F. ) ;
#5792 = AXIS2_PLACEMENT_3D ( 'NONE', #4941, #1723, #5468 ) ;
#5793 = VECTOR ( 'NONE', #3603, 1000.000000000000000 ) ;
#5794 = CARTESIAN_POINT ( 'NONE',  ( 3.600000000000001000, 0.0000000000000000000, 3.000000000000007100 ) ) ;
#5795 = STYLED_ITEM ( 'NONE', ( #1463 ), #457 ) ;
#5796 = UNCERTAINTY_MEASURE_WITH_UNIT (LENGTH_MEASURE( 1.000000000000000100E-005 ), #6304, 'distance_accuracy_value', 'NONE');
#5797 = SURFACE_STYLE_USAGE ( .BOTH. , #2041 ) ;
#5798 = PLANE ( 'NONE',  #1470 ) ;
#5799 =( NAMED_UNIT ( * ) SI_UNIT ( $, .STERADIAN. ) SOLID_ANGLE_UNIT ( ) );
#5800 = COLOUR_RGB ( '',0.007843137254901960700, 0.2392156862745097900, 0.8235294117647058400 ) ;
#5801 =( GEOMETRIC_REPRESENTATION_CONTEXT ( 3 ) GLOBAL_UNCERTAINTY_ASSIGNED_CONTEXT ( ( #1619 ) ) GLOBAL_UNIT_ASSIGNED_CONTEXT ( ( #840, #4603, #1403 ) ) REPRESENTATION_CONTEXT ( 'NONE', 'WORKASPACE' ) );
#5802 = DIRECTION ( 'NONE',  ( -0.0000000000000000000, -1.000000000000000000, -0.0000000000000000000 ) ) ;
#5803 = CARTESIAN_POINT ( 'NONE',  ( 12.50000000000000000, -4.499999999999992900, 4.000000000000000000 ) ) ;
#5804 = CARTESIAN_POINT ( 'NONE',  ( 0.0000000000000000000, 0.05000000000000000300, 0.0000000000000000000 ) ) ;
#5805 = FILL_AREA_STYLE_COLOUR ( '', #6177 ) ;
#5806 = ADVANCED_FACE ( 'NONE', ( #6583 ), #1960, .T. ) ;
#5807 = PLANE ( 'NONE',  #4116 ) ;
#5808 =( GEOMETRIC_REPRESENTATION_CONTEXT ( 3 ) GLOBAL_UNCERTAINTY_ASSIGNED_CONTEXT ( ( #3729 ) ) GLOBAL_UNIT_ASSIGNED_CONTEXT ( ( #1931, #5695, #2473 ) ) REPRESENTATION_CONTEXT ( 'NONE', 'WORKASPACE' ) );
#5809 = STYLED_ITEM ( 'NONE', ( #5485 ), #3786 ) ;
#5810 = SURFACE_STYLE_USAGE ( .BOTH. , #2053 ) ;
#5811 = FACE_OUTER_BOUND ( 'NONE', #2449, .T. ) ;
#5812 = CARTESIAN_POINT ( 'NONE',  ( -3.655661583331457200, 0.05000000000000000300, -0.4766489202095020000 ) ) ;
#5813 = ADVANCED_FACE ( 'NONE', ( #3216 ), #187, .F. ) ;
#5814 = COLOUR_RGB ( '',0.3098039215686274600, 0.6901960784313725400, 1.000000000000000000 ) ;
#5815 = ORIENTED_EDGE ( 'NONE', *, *, #313, .F. ) ;
#5816 = COLOUR_RGB ( '',0.8980392156862745400, 0.8980392156862745400, 0.8980392156862745400 ) ;
#5817 = EDGE_LOOP ( 'NONE', ( #1840, #3169, #4742, #2353 ) ) ;
#5818 = CARTESIAN_POINT ( 'NONE',  ( -3.800000000000002900, 6.896994759475080400, 0.0000000000000000000 ) ) ;
#5819 = VECTOR ( 'NONE', #5666, 1000.000000000000100 ) ;
#5820 = STYLED_ITEM ( 'NONE', ( #3703 ), #1537 ) ;
#5821 =( NAMED_UNIT ( * ) PLANE_ANGLE_UNIT ( ) SI_UNIT ( $, .RADIAN. ) );
#5822 = PRESENTATION_STYLE_ASSIGNMENT (( #4020 ) ) ;
#5823 = ORIENTED_EDGE ( 'NONE', *, *, #2907, .F. ) ;
#5824 = LINE ( 'NONE', #763, #4416 ) ;
#5825 =( NAMED_UNIT ( * ) SI_UNIT ( $, .STERADIAN. ) SOLID_ANGLE_UNIT ( ) );
#5826 = EDGE_CURVE ( 'NONE', #5983, #4012, #6063, .T. ) ;
#5827 = DIRECTION ( 'NONE',  ( 0.0000000000000000000, 1.000000000000000000, 0.0000000000000000000 ) ) ;
#5828 =( LENGTH_UNIT ( ) NAMED_UNIT ( * ) SI_UNIT ( .MILLI., .METRE. ) );
#5829 = ORIENTED_EDGE ( 'NONE', *, *, #1442, .T. ) ;
#5830 =( NAMED_UNIT ( * ) PLANE_ANGLE_UNIT ( ) SI_UNIT ( $, .RADIAN. ) );
#5831 = LINE ( 'NONE', #2549, #1568 ) ;
#5832 = FACE_OUTER_BOUND ( 'NONE', #6366, .T. ) ;
#5833 = MECHANICAL_DESIGN_GEOMETRIC_PRESENTATION_REPRESENTATION (  '', ( #5121 ), #6184 ) ;
#5834 = EDGE_LOOP ( 'NONE', ( #3041, #3722, #491, #5536 ) ) ;
#5835 = ORIENTED_EDGE ( 'NONE', *, *, #3052, .F. ) ;
#5836 = CARTESIAN_POINT ( 'NONE',  ( 12.50000000000002700, -4.499999999999992900, 1.500000000000000900 ) ) ;
#5837 = CYLINDRICAL_SURFACE ( 'NONE', #307, 1.249999999999949200 ) ;
#5838 = EDGE_CURVE ( 'NONE', #5713, #5079, #1794, .T. ) ;
#5839 = EDGE_CURVE ( 'NONE', #721, #4573, #528, .T. ) ;
#5840 = ADVANCED_FACE ( 'NONE', ( #196 ), #3433, .F. ) ;
#5841 = PRESENTATION_STYLE_ASSIGNMENT (( #2828 ) ) ;
#5842 = DIRECTION ( 'NONE',  ( 0.0000000000000000000, 0.0000000000000000000, 1.000000000000000000 ) ) ;
#5843 = CARTESIAN_POINT ( 'NONE',  ( -4.055661583331458400, 0.05000000000000000300, -4.300355183510403900 ) ) ;
#5844 = ORIENTED_EDGE ( 'NONE', *, *, #6461, .F. ) ;
#5845 = DIRECTION ( 'NONE',  ( -0.8498136422762452300, -0.0000000000000000000, -0.5270832698930804100 ) ) ;
#5846 = ADVANCED_FACE ( 'NONE', ( #1629 ), #5595, .F. ) ;
#5847 = PLANE ( 'NONE',  #240 ) ;
#5848 = CARTESIAN_POINT ( 'NONE',  ( 13.25000000000000200, -4.500000000000000000, 1.000000000000000900 ) ) ;
#5849 = SURFACE_SIDE_STYLE ('',( #4079 ) ) ;
#5850 = MECHANICAL_DESIGN_GEOMETRIC_PRESENTATION_REPRESENTATION (  '', ( #5135 ), #6204 ) ;
#5851 =( NAMED_UNIT ( * ) SI_UNIT ( $, .STERADIAN. ) SOLID_ANGLE_UNIT ( ) );
#5852 = PRESENTATION_STYLE_ASSIGNMENT (( #6553 ) ) ;
#5853 = EDGE_LOOP ( 'NONE', ( #6396, #21, #6364, #3674 ) ) ;
#5854 = CARTESIAN_POINT ( 'NONE',  ( 13.25000000000001400, -5.749999999999949400, -0.9999999999999983300 ) ) ;
#5855 = SURFACE_STYLE_FILL_AREA ( #2716 ) ;
#5856 =( GEOMETRIC_REPRESENTATION_CONTEXT ( 3 ) GLOBAL_UNCERTAINTY_ASSIGNED_CONTEXT ( ( #792 ) ) GLOBAL_UNIT_ASSIGNED_CONTEXT ( ( #6631, #3412, #3974 ) ) REPRESENTATION_CONTEXT ( 'NONE', 'WORKASPACE' ) );
#5857 = AXIS2_PLACEMENT_3D ( 'NONE', #826, #4583, #1383 ) ;
#5858 = VECTOR ( 'NONE', #4910, 1000.000000000000000 ) ;
#5859 = PRESENTATION_LAYER_ASSIGNMENT (  '', '', ( #5507 ) ) ;
#5860 = PRESENTATION_LAYER_ASSIGNMENT (  '', '', ( #5150 ) ) ;
#5861 = EDGE_LOOP ( 'NONE', ( #1179, #2090, #211, #670 ) ) ;
#5862 = ORIENTED_EDGE ( 'NONE', *, *, #6777, .F. ) ;
#5863 = VECTOR ( 'NONE', #4621, 1000.000000000000000 ) ;
#5864 = DIRECTION ( 'NONE',  ( 0.8494962282757256800, -0.0000000000000000000, -0.5275946911648334800 ) ) ;
#5865 = ORIENTED_EDGE ( 'NONE', *, *, #5780, .T. ) ;
#5866 = SURFACE_STYLE_USAGE ( .BOTH. , #2106 ) ;
#5867 = UNCERTAINTY_MEASURE_WITH_UNIT (LENGTH_MEASURE( 1.000000000000000100E-005 ), #5974, 'distance_accuracy_value', 'NONE');
#5868 = ORIENTED_EDGE ( 'NONE', *, *, #5608, .F. ) ;
#5869 = DIRECTION ( 'NONE',  ( 1.000000000000000000, 0.0000000000000000000, 0.0000000000000000000 ) ) ;
#5870 = ORIENTED_EDGE ( 'NONE', *, *, #1662, .F. ) ;
#5871 = EDGE_CURVE ( 'NONE', #4769, #5983, #1122, .T. ) ;
#5872 = LINE ( 'NONE', #4183, #1765 ) ;
#5873 = FILL_AREA_STYLE_COLOUR ( '', #3047 ) ;
#5874 = FILL_AREA_STYLE ('',( #2115 ) ) ;
#5875 = CARTESIAN_POINT ( 'NONE',  ( -3.580661583331458300, 0.05000000000000000300, 3.548872037816159800 ) ) ;
#5876 = EDGE_CURVE ( 'NONE', #4245, #2872, #6670, .T. ) ;
#5877 = DIRECTION ( 'NONE',  ( -0.5275946911648332600, 0.0000000000000000000, -0.8494962282757260200 ) ) ;
#5878 = ADVANCED_FACE ( 'NONE', ( #6488 ), #4659, .F. ) ;
#5879 = UNCERTAINTY_MEASURE_WITH_UNIT (LENGTH_MEASURE( 1.000000000000000100E-005 ), #1480, 'distance_accuracy_value', 'NONE');
#5880 = VERTEX_POINT ( 'NONE', #2955 ) ;
#5881 = SURFACE_STYLE_USAGE ( .BOTH. , #2132 ) ;
#5882 = AXIS2_PLACEMENT_3D ( 'NONE', #80, #3853, #627 ) ;
#5883 = DIRECTION ( 'NONE',  ( 0.8524342904835904300, -0.0000000000000000000, -0.5228343718690823300 ) ) ;
#5884 = EDGE_CURVE ( 'NONE', #2425, #5394, #1968, .T. ) ;
#5885 = SURFACE_STYLE_USAGE ( .BOTH. , #2135 ) ;
#5886 = DIRECTION ( 'NONE',  ( 0.0000000000000000000, -0.0000000000000000000, 1.000000000000000000 ) ) ;
#5887 = LINE ( 'NONE', #5133, #4478 ) ;
#5888 = ORIENTED_EDGE ( 'NONE', *, *, #6893, .F. ) ;
#5889 =( NAMED_UNIT ( * ) SI_UNIT ( $, .STERADIAN. ) SOLID_ANGLE_UNIT ( ) );
#5890 = CARTESIAN_POINT ( 'NONE',  ( -9.332335357453892800, 0.05000000000000000300, -0.2247228132164734400 ) ) ;
#5891 = ORIENTED_EDGE ( 'NONE', *, *, #4201, .T. ) ;
#5892 = EDGE_CURVE ( 'NONE', #4496, #193, #538, .T. ) ;
#5893 = MECHANICAL_DESIGN_GEOMETRIC_PRESENTATION_REPRESENTATION (  '', ( #4832 ), #6248 ) ;
#5894 = VECTOR ( 'NONE', #3556, 1000.000000000000000 ) ;
#5895 = AXIS2_PLACEMENT_3D ( 'NONE', #963, #4723, #1521 ) ;
#5896 = ORIENTED_EDGE ( 'NONE', *, *, #1754, .F. ) ;
#5897 = FACE_BOUND ( 'NONE', #1643, .T. ) ;
#5898 = VECTOR ( 'NONE', #3409, 1000.000000000000000 ) ;
#5899 = VECTOR ( 'NONE', #6872, 1000.000000000000000 ) ;
#5900 = ORIENTED_EDGE ( 'NONE', *, *, #4594, .F. ) ;
#5901 = DIRECTION ( 'NONE',  ( 0.0000000000000000000, 0.0000000000000000000, -1.000000000000000000 ) ) ;
#5902 = SURFACE_STYLE_FILL_AREA ( #1457 ) ;
#5903 = VECTOR ( 'NONE', #3366, 1000.000000000000000 ) ;
#5904 = UNCERTAINTY_MEASURE_WITH_UNIT (LENGTH_MEASURE( 1.000000000000000100E-005 ), #1690, 'distance_accuracy_value', 'NONE');
#5905 = ORIENTED_EDGE ( 'NONE', *, *, #2237, .T. ) ;
#5906 = CARTESIAN_POINT ( 'NONE',  ( 12.00000000000000000, -4.499999999999992900, 4.000000000000000000 ) ) ;
#5907 = CARTESIAN_POINT ( 'NONE',  ( 10.40000000000000000, -5.000000000000000000, 9.800000000000004300 ) ) ;
#5908 = AXIS2_PLACEMENT_3D ( 'NONE', #4896, #5977, #2780 ) ;
#5909 = DIRECTION ( 'NONE',  ( -1.000000000000000000, 0.0000000000000000000, 0.0000000000000000000 ) ) ;
#5910 = ADVANCED_FACE ( 'NONE', ( #1802 ), #4056, .F. ) ;
#5911 = CARTESIAN_POINT ( 'NONE',  ( -3.765765784890264800, 0.0000000000000000000, -4.767752686762338300 ) ) ;
#5912 = ORIENTED_EDGE ( 'NONE', *, *, #657, .T. ) ;
#5913 = ORIENTED_EDGE ( 'NONE', *, *, #2685, .T. ) ;
#5914 = CARTESIAN_POINT ( 'NONE',  ( -6.008914177331514700, 0.05000000000000000300, -6.159029468782984300 ) ) ;
#5915 = AXIS2_PLACEMENT_3D ( 'NONE', #5338, #2108, #5869 ) ;
#5916 = FACE_OUTER_BOUND ( 'NONE', #5182, .T. ) ;
#5917 = PRESENTATION_LAYER_ASSIGNMENT (  '', '', ( #5212 ) ) ;
#5918 = EDGE_CURVE ( 'NONE', #440, #966, #2725, .T. ) ;
#5919 = EDGE_CURVE ( 'NONE', #1078, #2254, #1309, .T. ) ;
#5920 = CARTESIAN_POINT ( 'NONE',  ( 0.0000000000000000000, 0.05000000000000000300, 0.0000000000000000000 ) ) ;
#5921 = STYLED_ITEM ( 'NONE', ( #6240 ), #2258 ) ;
#5922 = DIRECTION ( 'NONE',  ( -1.000000000000000000, 0.0000000000000000000, 0.0000000000000000000 ) ) ;
#5923 = LINE ( 'NONE', #2099, #4513 ) ;
#5924 = ORIENTED_EDGE ( 'NONE', *, *, #802, .T. ) ;
#5925 = CARTESIAN_POINT ( 'NONE',  ( -3.380661583331455900, 0.0000000000000000000, 0.0000000000000000000 ) ) ;
#5926 = DIRECTION ( 'NONE',  ( -0.0000000000000000000, -1.000000000000000000, -0.0000000000000000000 ) ) ;
#5927 = ORIENTED_EDGE ( 'NONE', *, *, #6659, .F. ) ;
#5928 = CARTESIAN_POINT ( 'NONE',  ( -4.055661583331458400, 0.05000000000000000300, -2.833691923126678600 ) ) ;
#5929 = CARTESIAN_POINT ( 'NONE',  ( -3.380661583331455900, 0.05000000000000000300, 0.0000000000000000000 ) ) ;
#5930 = LINE ( 'NONE', #1275, #2925 ) ;
#5931 = PLANE ( 'NONE',  #3112 ) ;
#5932 =( NAMED_UNIT ( * ) SI_UNIT ( $, .STERADIAN. ) SOLID_ANGLE_UNIT ( ) );
#5933 = CARTESIAN_POINT ( 'NONE',  ( 0.2089066848647014300, 0.0000000000000000000, 4.825265866064569300 ) ) ;
#5934 = PRESENTATION_LAYER_ASSIGNMENT (  '', '', ( #5226 ) ) ;
#5935 = CARTESIAN_POINT ( 'NONE',  ( 13.25000000000001400, -5.749999999999974200, 1.000000000000000900 ) ) ;
#5936 = EDGE_LOOP ( 'NONE', ( #2983, #2335, #5896, #3020 ) ) ;
#5937 = PLANE ( 'NONE',  #5354 ) ;
#5938 = VERTEX_POINT ( 'NONE', #4104 ) ;
#5939 = ORIENTED_EDGE ( 'NONE', *, *, #2980, .F. ) ;
#5940 = ORIENTED_EDGE ( 'NONE', *, *, #6787, .T. ) ;
#5941 = ADVANCED_FACE ( 'NONE', ( #2551 ), #2458, .F. ) ;
#5942 = VECTOR ( 'NONE', #3243, 1000.000000000000000 ) ;
#5943 = PRESENTATION_LAYER_ASSIGNMENT (  '', '', ( #5602 ) ) ;
#5944 =( GEOMETRIC_REPRESENTATION_CONTEXT ( 3 ) GLOBAL_UNCERTAINTY_ASSIGNED_CONTEXT ( ( #4054 ) ) GLOBAL_UNIT_ASSIGNED_CONTEXT ( ( #3488, #269, #4046 ) ) REPRESENTATION_CONTEXT ( 'NONE', 'WORKASPACE' ) );
#5945 = DIRECTION ( 'NONE',  ( 0.0000000000000000000, 0.0000000000000000000, -1.000000000000000000 ) ) ;
#5946 = EDGE_LOOP ( 'NONE', ( #1661, #6061, #5125, #4671 ) ) ;
#5947 = CARTESIAN_POINT ( 'NONE',  ( 0.0000000000000000000, 3.500000000000000000, 0.0000000000000000000 ) ) ;
#5948 = EDGE_LOOP ( 'NONE', ( #2769, #2113, #5136, #3516 ) ) ;
#5949 = EDGE_LOOP ( 'NONE', ( #932, #586, #5823, #6960 ) ) ;
#5950 = DIRECTION ( 'NONE',  ( 0.8883292641862271500, 0.0000000000000000000, 0.4592070539422886700 ) ) ;
#5951 = EDGE_CURVE ( 'NONE', #6310, #3408, #990, .T. ) ;
#5952 = PLANE ( 'NONE',  #2312 ) ;
#5953 = CARTESIAN_POINT ( 'NONE',  ( 13.25000000000001400, -5.749999999999947600, -1.499999999999998200 ) ) ;
#5954 = VERTEX_POINT ( 'NONE', #4130 ) ;
#5955 = DIRECTION ( 'NONE',  ( -0.8494962282757259100, 0.0000000000000000000, -0.5275946911648331500 ) ) ;
#5956 = CARTESIAN_POINT ( 'NONE',  ( -3.380661583331455900, 0.05000000000000000300, 0.0000000000000000000 ) ) ;
#5957 = MECHANICAL_DESIGN_GEOMETRIC_PRESENTATION_REPRESENTATION (  '', ( #4894 ), #6316 ) ;
#5958 = CARTESIAN_POINT ( 'NONE',  ( -3.800000000000002900, 7.000000000000000900, 0.0000000000000000000 ) ) ;
#5959 = LINE ( 'NONE', #5558, #1855 ) ;
#5960 = DIRECTION ( 'NONE',  ( -0.0000000000000000000, -0.0000000000000000000, -1.000000000000000000 ) ) ;
#5961 = EDGE_CURVE ( 'NONE', #1728, #3584, #2411, .T. ) ;
#5962 = EDGE_CURVE ( 'NONE', #2643, #2765, #6536, .T. ) ;
#5963 = EDGE_CURVE ( 'NONE', #4555, #2152, #2246, .T. ) ;
#5964 =( GEOMETRIC_REPRESENTATION_CONTEXT ( 3 ) GLOBAL_UNCERTAINTY_ASSIGNED_CONTEXT ( ( #3686 ) ) GLOBAL_UNIT_ASSIGNED_CONTEXT ( ( #2453, #6205, #3002 ) ) REPRESENTATION_CONTEXT ( 'NONE', 'WORKASPACE' ) );
#5965 = VERTEX_POINT ( 'NONE', #5194 ) ;
#5966 = LINE ( 'NONE', #2022, #4556 ) ;
#5967 = VERTEX_POINT ( 'NONE', #3597 ) ;
#5968 = ORIENTED_EDGE ( 'NONE', *, *, #2835, .T. ) ;
#5969 = DIRECTION ( 'NONE',  ( -1.000000000000000000, 0.0000000000000000000, 1.084202172485504400E-016 ) ) ;
#5970 =( LENGTH_UNIT ( ) NAMED_UNIT ( * ) SI_UNIT ( .MILLI., .METRE. ) );
#5971 = EDGE_CURVE ( 'NONE', #1183, #5713, #3512, .T. ) ;
#5972 =( NAMED_UNIT ( * ) SI_UNIT ( $, .STERADIAN. ) SOLID_ANGLE_UNIT ( ) );
#5973 =( GEOMETRIC_REPRESENTATION_CONTEXT ( 3 ) GLOBAL_UNCERTAINTY_ASSIGNED_CONTEXT ( ( #2482 ) ) GLOBAL_UNIT_ASSIGNED_CONTEXT ( ( #4035, #805, #4554 ) ) REPRESENTATION_CONTEXT ( 'NONE', 'WORKASPACE' ) );
#5974 =( LENGTH_UNIT ( ) NAMED_UNIT ( * ) SI_UNIT ( .MILLI., .METRE. ) );
#5975 = ADVANCED_FACE ( 'NONE', ( #5279 ), #1472, .F. ) ;
#5976 = CARTESIAN_POINT ( 'NONE',  ( 12.00000000000000200, -4.499999999999992900, 3.500000000000000000 ) ) ;
#5977 = DIRECTION ( 'NONE',  ( -0.0000000000000000000, -1.000000000000000000, -0.0000000000000000000 ) ) ;
#5978 = CIRCLE ( 'NONE', #847, 1.500000000000003100 ) ;
#5979 = VERTEX_POINT ( 'NONE', #909 ) ;
#5980 = ORIENTED_EDGE ( 'NONE', *, *, #3185, .F. ) ;
#5981 = STYLED_ITEM ( 'NONE', ( #1384 ), #3669 ) ;
#5982 = MECHANICAL_DESIGN_GEOMETRIC_PRESENTATION_REPRESENTATION (  '', ( #5281 ), #6351 ) ;
#5983 = VERTEX_POINT ( 'NONE', #5770 ) ;
#5984 = FACE_OUTER_BOUND ( 'NONE', #48, .T. ) ;
#5985 = UNCERTAINTY_MEASURE_WITH_UNIT (LENGTH_MEASURE( 1.000000000000000100E-005 ), #6672, 'distance_accuracy_value', 'NONE');
#5986 = VECTOR ( 'NONE', #6463, 1000.000000000000000 ) ;
#5987 = ORIENTED_EDGE ( 'NONE', *, *, #3787, .T. ) ;
#5988 = ORIENTED_EDGE ( 'NONE', *, *, #6754, .F. ) ;
#5989 = DIRECTION ( 'NONE',  ( 0.0000000000000000000, -1.000000000000000000, -3.469446951953611000E-015 ) ) ;
#5990 = ORIENTED_EDGE ( 'NONE', *, *, #2329, .T. ) ;
#5991 =( NAMED_UNIT ( * ) SI_UNIT ( $, .STERADIAN. ) SOLID_ANGLE_UNIT ( ) );
#5992 = PRESENTATION_STYLE_ASSIGNMENT (( #5153 ) ) ;
#5993 =( LENGTH_UNIT ( ) NAMED_UNIT ( * ) SI_UNIT ( .MILLI., .METRE. ) );
#5994 = EDGE_CURVE ( 'NONE', #4701, #1488, #148, .T. ) ;
#5995 =( NAMED_UNIT ( * ) PLANE_ANGLE_UNIT ( ) SI_UNIT ( $, .RADIAN. ) );
#5996 = FILL_AREA_STYLE ('',( #5466 ) ) ;
#5997 = VECTOR ( 'NONE', #6004, 1000.000000000000000 ) ;
#5998 = CARTESIAN_POINT ( 'NONE',  ( 12.00000000000005200, -4.499999999999992900, -0.9999999999999983300 ) ) ;
#5999 = VECTOR ( 'NONE', #4537, 1000.000000000000000 ) ;
#6000 = PLANE ( 'NONE',  #3421 ) ;
#6001 = UNCERTAINTY_MEASURE_WITH_UNIT (LENGTH_MEASURE( 1.000000000000000100E-005 ), #6828, 'distance_accuracy_value', 'NONE');
#6002 = CARTESIAN_POINT ( 'NONE',  ( 13.50000000000000000, 0.0000000000000000000, 4.999999999999999100 ) ) ;
#6003 = CARTESIAN_POINT ( 'NONE',  ( 19.75000000000000400, -5.749999999999921800, -3.999999999999998200 ) ) ;
#6004 = DIRECTION ( 'NONE',  ( -0.0000000000000000000, -1.000000000000000000, -0.0000000000000000000 ) ) ;
#6005 = SURFACE_STYLE_FILL_AREA ( #1380 ) ;
#6006 = CARTESIAN_POINT ( 'NONE',  ( 13.50000000000000200, 0.0000000000000000000, -5.000000000000000900 ) ) ;
#6007 = ORIENTED_EDGE ( 'NONE', *, *, #3612, .F. ) ;
#6008 = ORIENTED_EDGE ( 'NONE', *, *, #3930, .F. ) ;
#6009 =( LENGTH_UNIT ( ) NAMED_UNIT ( * ) SI_UNIT ( .MILLI., .METRE. ) );
#6010 = CARTESIAN_POINT ( 'NONE',  ( 0.2089066848647014300, 0.05000000000000000300, 2.287777753867636000 ) ) ;
#6011 =( GEOMETRIC_REPRESENTATION_CONTEXT ( 3 ) GLOBAL_UNCERTAINTY_ASSIGNED_CONTEXT ( ( #2162 ) ) GLOBAL_UNIT_ASSIGNED_CONTEXT ( ( #1699, #4923, #1168 ) ) REPRESENTATION_CONTEXT ( 'NONE', 'WORKASPACE' ) );
#6012 = VECTOR ( 'NONE', #2972, 1000.000000000000000 ) ;
#6013 = VECTOR ( 'NONE', #1161, 1000.000000000000000 ) ;
#6014 = DIRECTION ( 'NONE',  ( 0.0000000000000000000, 0.0000000000000000000, -1.000000000000000000 ) ) ;
#6015 = VERTEX_POINT ( 'NONE', #3643 ) ;
#6016 = MECHANICAL_DESIGN_GEOMETRIC_PRESENTATION_REPRESENTATION (  '', ( #4962 ), #6379 ) ;
#6017 = CARTESIAN_POINT ( 'NONE',  ( 3.121012190790982900, 0.0000000000000000000, 0.08134923437046540100 ) ) ;
#6018 = EDGE_CURVE ( 'NONE', #334, #3701, #4288, .T. ) ;
#6019 = CARTESIAN_POINT ( 'NONE',  ( -0.3410933151353004500, 0.05000000000000000300, 1.240335208870860100 ) ) ;
#6020 = VECTOR ( 'NONE', #60, 1000.000000000000100 ) ;
#6021 = FACE_OUTER_BOUND ( 'NONE', #579, .T. ) ;
#6022 = CARTESIAN_POINT ( 'NONE',  ( 12.00000000000000000, -4.499999999999992900, 4.000000000000000000 ) ) ;
#6023 = ORIENTED_EDGE ( 'NONE', *, *, #5273, .F. ) ;
#6024 = DIRECTION ( 'NONE',  ( -0.8494962282757254600, 0.0000000000000000000, 0.5275946911648340400 ) ) ;
#6025 = ORIENTED_EDGE ( 'NONE', *, *, #4626, .F. ) ;
#6026 = EDGE_LOOP ( 'NONE', ( #253, #1027, #3055, #2416 ) ) ;
#6027 =( NAMED_UNIT ( * ) SI_UNIT ( $, .STERADIAN. ) SOLID_ANGLE_UNIT ( ) );
#6028 = EDGE_CURVE ( 'NONE', #498, #5725, #5701, .T. ) ;
#6029 = SURFACE_SIDE_STYLE ('',( #3153 ) ) ;
#6030 = VERTEX_POINT ( 'NONE', #4720 ) ;
#6031 =( GEOMETRIC_REPRESENTATION_CONTEXT ( 3 ) GLOBAL_UNCERTAINTY_ASSIGNED_CONTEXT ( ( #5705 ) ) GLOBAL_UNIT_ASSIGNED_CONTEXT ( ( #511, #4294, #1058 ) ) REPRESENTATION_CONTEXT ( 'NONE', 'WORKASPACE' ) );
#6032 = DIRECTION ( 'NONE',  ( 0.0000000000000000000, 0.0000000000000000000, 1.000000000000000000 ) ) ;
#6033 = ORIENTED_EDGE ( 'NONE', *, *, #1538, .F. ) ;
#6034 = ORIENTED_EDGE ( 'NONE', *, *, #851, .F. ) ;
#6035 = CARTESIAN_POINT ( 'NONE',  ( -3.180661583331457500, 0.0000000000000000000, 3.548872037816159800 ) ) ;
#6036 = STYLED_ITEM ( 'NONE', ( #1843 ), #1605 ) ;
#6037 = STYLED_ITEM ( 'NONE', ( #2657 ), #6549 ) ;
#6038 = CARTESIAN_POINT ( 'NONE',  ( -13.49999999999999800, 0.0000000000000000000, 7.500000000000005300 ) ) ;
#6039 = CARTESIAN_POINT ( 'NONE',  ( 12.50000000000007800, -2.500000000000000000, -3.999999999999998200 ) ) ;
#6040 = CARTESIAN_POINT ( 'NONE',  ( -3.800000000000001600, 6.000000000000000000, 9.800000000000000700 ) ) ;
#6041 = EDGE_CURVE ( 'NONE', #3208, #2033, #4448, .T. ) ;
#6042 = DIRECTION ( 'NONE',  ( 0.0000000000000000000, 1.000000000000000000, 0.0000000000000000000 ) ) ;
#6043 = COLOUR_RGB ( '',0.1098039215686274500, 0.1098039215686274500, 0.1098039215686274500 ) ;
#6044 = MECHANICAL_DESIGN_GEOMETRIC_PRESENTATION_REPRESENTATION (  '', ( #5347 ), #6417 ) ;
#6045 = CARTESIAN_POINT ( 'NONE',  ( -6.020229851527614300, 0.05000000000000000300, 2.287777753867637800 ) ) ;
#6046 =( NAMED_UNIT ( * ) PLANE_ANGLE_UNIT ( ) SI_UNIT ( $, .RADIAN. ) );
#6047 = EDGE_CURVE ( 'NONE', #1926, #5050, #5527, .T. ) ;
#6048 = EDGE_CURVE ( 'NONE', #1300, #406, #4120, .T. ) ;
#6049 = FILL_AREA_STYLE ('',( #52 ) ) ;
#6050 = VECTOR ( 'NONE', #1886, 1000.000000000000000 ) ;
#6051 = ORIENTED_EDGE ( 'NONE', *, *, #6382, .T. ) ;
#6052 = EDGE_LOOP ( 'NONE', ( #2501, #5428, #2256, #3223 ) ) ;
#6053 = ORIENTED_EDGE ( 'NONE', *, *, #610, .T. ) ;
#6054 = PRESENTATION_STYLE_ASSIGNMENT (( #3354 ) ) ;
#6055 = AXIS2_PLACEMENT_3D ( 'NONE', #2157, #5909, #2703 ) ;
#6056 = FACE_OUTER_BOUND ( 'NONE', #900, .T. ) ;
#6057 = PLANE ( 'NONE',  #2166 ) ;
#6058 =( NAMED_UNIT ( * ) SI_UNIT ( $, .STERADIAN. ) SOLID_ANGLE_UNIT ( ) );
#6059 = LINE ( 'NONE', #4588, #192 ) ;
#6060 = ORIENTED_EDGE ( 'NONE', *, *, #1271, .T. ) ;
#6061 = ORIENTED_EDGE ( 'NONE', *, *, #4972, .F. ) ;
#6062 = LINE ( 'NONE', #5341, #3215 ) ;
#6063 = LINE ( 'NONE', #5038, #4650 ) ;
#6064 = DIRECTION ( 'NONE',  ( 0.0000000000000000000, 0.0000000000000000000, 1.000000000000000000 ) ) ;
#6065 = SURFACE_STYLE_USAGE ( .BOTH. , #2328 ) ;
#6066 = ORIENTED_EDGE ( 'NONE', *, *, #1588, .T. ) ;
#6067 = CARTESIAN_POINT ( 'NONE',  ( 12.50000000000005300, 3.500000000000000000, -1.499999999999998200 ) ) ;
#6068 = FACE_OUTER_BOUND ( 'NONE', #6675, .T. ) ;
#6069 = PRESENTATION_STYLE_ASSIGNMENT (( #4428 ) ) ;
#6070 = DIRECTION ( 'NONE',  ( -0.0000000000000000000, -1.000000000000000000, -0.0000000000000000000 ) ) ;
#6071 = SURFACE_STYLE_FILL_AREA ( #6187 ) ;
#6072 = ORIENTED_EDGE ( 'NONE', *, *, #5951, .F. ) ;
#6073 = CARTESIAN_POINT ( 'NONE',  ( -9.882335357453893500, 0.0000000000000000000, -3.783294761366649900 ) ) ;
#6074 = CARTESIAN_POINT ( 'NONE',  ( 12.00000000000007800, -4.499999999999992900, -3.499999999999997800 ) ) ;
#6075 = SURFACE_SIDE_STYLE ('',( #3071 ) ) ;
#6076 = LINE ( 'NONE', #1397, #4665 ) ;
#6077 = UNCERTAINTY_MEASURE_WITH_UNIT (LENGTH_MEASURE( 1.000000000000000100E-005 ), #1182, 'distance_accuracy_value', 'NONE');
#6078 = VECTOR ( 'NONE', #3606, 1000.000000000000000 ) ;
#6079 = FACE_OUTER_BOUND ( 'NONE', #5101, .T. ) ;
#6080 = FILL_AREA_STYLE_COLOUR ( '', #5078 ) ;
#6081 = MECHANICAL_DESIGN_GEOMETRIC_PRESENTATION_REPRESENTATION (  '', ( #5026 ), #6444 ) ;
#6082 = CARTESIAN_POINT ( 'NONE',  ( -3.380661583331455900, 0.05000000000000000300, 0.0000000000000000000 ) ) ;
#6083 = PRESENTATION_LAYER_ASSIGNMENT (  '', '', ( #5374 ) ) ;
#6084 = VERTEX_POINT ( 'NONE', #441 ) ;
#6085 =( GEOMETRIC_REPRESENTATION_CONTEXT ( 3 ) GLOBAL_UNCERTAINTY_ASSIGNED_CONTEXT ( ( #6001 ) ) GLOBAL_UNIT_ASSIGNED_CONTEXT ( ( #6828, #3623, #394 ) ) REPRESENTATION_CONTEXT ( 'NONE', 'WORKASPACE' ) );
#6086 = ORIENTED_EDGE ( 'NONE', *, *, #4948, .T. ) ;
#6087 = CARTESIAN_POINT ( 'NONE',  ( 19.74999999999999600, -5.249999999999922700, -3.499999999999997800 ) ) ;
#6088 = CARTESIAN_POINT ( 'NONE',  ( -6.970229851527613500, 0.05000000000000000300, 4.825265866064569300 ) ) ;
#6089 = PRESENTATION_STYLE_ASSIGNMENT (( #3053 ) ) ;
#6090 = DIRECTION ( 'NONE',  ( -0.0000000000000000000, -1.000000000000000000, -0.0000000000000000000 ) ) ;
#6091 = DIRECTION ( 'NONE',  ( -1.000000000000000000, 0.0000000000000000000, -0.0000000000000000000 ) ) ;
#6092 = SURFACE_STYLE_FILL_AREA ( #1416 ) ;
#6093 = EDGE_LOOP ( 'NONE', ( #578, #2637, #3466, #4138 ) ) ;
#6094 = PLANE ( 'NONE',  #4357 ) ;
#6095 = FACE_OUTER_BOUND ( 'NONE', #6508, .T. ) ;
#6096 = CARTESIAN_POINT ( 'NONE',  ( 12.50000000000005300, 3.500000000000000000, -1.499999999999998200 ) ) ;
#6097 = VERTEX_POINT ( 'NONE', #978 ) ;
#6098 = SURFACE_SIDE_STYLE ('',( #4247 ) ) ;
#6099 =( LENGTH_UNIT ( ) NAMED_UNIT ( * ) SI_UNIT ( .MILLI., .METRE. ) );
#6100 = EDGE_CURVE ( 'NONE', #1218, #6595, #5363, .T. ) ;
#6101 = FACE_OUTER_BOUND ( 'NONE', #4121, .T. ) ;
#6102 =( LENGTH_UNIT ( ) NAMED_UNIT ( * ) SI_UNIT ( .MILLI., .METRE. ) );
#6103 = LINE ( 'NONE', #6374, #1995 ) ;
#6104 =( LENGTH_UNIT ( ) NAMED_UNIT ( * ) SI_UNIT ( .MILLI., .METRE. ) );
#6105 = ADVANCED_FACE ( 'NONE', ( #1255 ), #3253, .T. ) ;
#6106 = DIRECTION ( 'NONE',  ( -0.5228343718690824400, 0.0000000000000000000, -0.8524342904835904300 ) ) ;
#6107 =( LENGTH_UNIT ( ) NAMED_UNIT ( * ) SI_UNIT ( .MILLI., .METRE. ) );
#6108 = SURFACE_STYLE_USAGE ( .BOTH. , #5052 ) ;
#6109 = EDGE_LOOP ( 'NONE', ( #462, #6989, #4818, #4616 ) ) ;
#6110 = DIRECTION ( 'NONE',  ( -0.0000000000000000000, 0.0000000000000000000, 1.000000000000000000 ) ) ;
#6111 = ORIENTED_EDGE ( 'NONE', *, *, #5525, .T. ) ;
#6112 = EDGE_CURVE ( 'NONE', #5954, #5967, #4690, .T. ) ;
#6113 = ORIENTED_EDGE ( 'NONE', *, *, #2299, .T. ) ;
#6114 = ORIENTED_EDGE ( 'NONE', *, *, #4618, .T. ) ;
#6115 = SURFACE_SIDE_STYLE ('',( #1689 ) ) ;
#6116 = VECTOR ( 'NONE', #6474, 1000.000000000000100 ) ;
#6117 = ORIENTED_EDGE ( 'NONE', *, *, #643, .T. ) ;
#6118 = SURFACE_SIDE_STYLE ('',( #361 ) ) ;
#6119 = DIRECTION ( 'NONE',  ( 0.0000000000000000000, 0.0000000000000000000, -1.000000000000000000 ) ) ;
#6120 = ORIENTED_EDGE ( 'NONE', *, *, #6410, .F. ) ;
#6121 = ORIENTED_EDGE ( 'NONE', *, *, #1108, .F. ) ;
#6122 = AXIS2_PLACEMENT_3D ( 'NONE', #3911, #1229, #5514 ) ;
#6123 = COLOUR_RGB ( '',0.8980392156862745400, 0.8980392156862745400, 0.8980392156862745400 ) ;
#6124 =( GEOMETRIC_REPRESENTATION_CONTEXT ( 3 ) GLOBAL_UNCERTAINTY_ASSIGNED_CONTEXT ( ( #3069 ) ) GLOBAL_UNIT_ASSIGNED_CONTEXT ( ( #4051, #814, #4572 ) ) REPRESENTATION_CONTEXT ( 'NONE', 'WORKASPACE' ) );
#6125 = SURFACE_SIDE_STYLE ('',( #5680 ) ) ;
#6126 = AXIS2_PLACEMENT_3D ( 'NONE', #6466, #3255, #38 ) ;
#6127 = SURFACE_SIDE_STYLE ('',( #857 ) ) ;
#6128 = CARTESIAN_POINT ( 'NONE',  ( 19.75000000000000400, -5.749999999999949400, -0.9999999999999983300 ) ) ;
#6129 = PLANE ( 'NONE',  #2010 ) ;
#6130 = ORIENTED_EDGE ( 'NONE', *, *, #115, .T. ) ;
#6131 = PLANE ( 'NONE',  #3662 ) ;
#6132 = CARTESIAN_POINT ( 'NONE',  ( 12.00000000000002800, 3.500000000000000000, 1.000000000000000900 ) ) ;
#6133 = AXIS2_PLACEMENT_3D ( 'NONE', #5058, #1835, #5598 ) ;
#6134 = EDGE_CURVE ( 'NONE', #6015, #5156, #6103, .T. ) ;
#6135 = FACE_OUTER_BOUND ( 'NONE', #2063, .T. ) ;
#6136 = CARTESIAN_POINT ( 'NONE',  ( -6.008914177331514700, 0.0000000000000000000, -6.159029468782984300 ) ) ;
#6137 = ADVANCED_FACE ( 'NONE', ( #1831 ), #6592, .F. ) ;
#6138 = VECTOR ( 'NONE', #3318, 1000.000000000000100 ) ;
#6139 = CARTESIAN_POINT ( 'NONE',  ( 16.00000000000000000, 0.0000000000000000000, -9.999999999999998200 ) ) ;
#6140 = CARTESIAN_POINT ( 'NONE',  ( 12.00000000000005200, -2.500000000000000000, -0.9999999999999983300 ) ) ;
#6141 = CARTESIAN_POINT ( 'NONE',  ( 3.121012190790982900, 0.05000000000000000300, 0.08134923437046540100 ) ) ;
#6142 = LINE ( 'NONE', #935, #4733 ) ;
#6143 = ORIENTED_EDGE ( 'NONE', *, *, #4948, .F. ) ;
#6144 = ORIENTED_EDGE ( 'NONE', *, *, #5214, .T. ) ;
#6145 = DIRECTION ( 'NONE',  ( -4.832099224333226500E-029, 3.469446951953614200E-015, -1.000000000000000000 ) ) ;
#6146 = FACE_OUTER_BOUND ( 'NONE', #283, .T. ) ;
#6147 = AXIS2_PLACEMENT_3D ( 'NONE', #3906, #678, #4445 ) ;
#6148 = DIRECTION ( 'NONE',  ( -0.0000000000000000000, -0.0000000000000000000, -1.000000000000000000 ) ) ;
#6149 = PLANE ( 'NONE',  #4391 ) ;
#6150 = VECTOR ( 'NONE', #6869, 1000.000000000000000 ) ;
#6151 = STYLED_ITEM ( 'NONE', ( #5004 ), #2537 ) ;
#6152 = ORIENTED_EDGE ( 'NONE', *, *, #6306, .F. ) ;
#6153 = FILL_AREA_STYLE ('',( #4023 ) ) ;
#6154 = PRESENTATION_STYLE_ASSIGNMENT (( #1694 ) ) ;
#6155 = DIRECTION ( 'NONE',  ( -0.0000000000000000000, -1.000000000000000000, -0.0000000000000000000 ) ) ;
#6156 =( LENGTH_UNIT ( ) NAMED_UNIT ( * ) SI_UNIT ( .MILLI., .METRE. ) );
#6157 = ORIENTED_EDGE ( 'NONE', *, *, #3456, .F. ) ;
#6158 = FACE_OUTER_BOUND ( 'NONE', #1627, .T. ) ;
#6159 = PLANE ( 'NONE',  #5147 ) ;
#6160 = EDGE_CURVE ( 'NONE', #2514, #2934, #4857, .T. ) ;
#6161 = ORIENTED_EDGE ( 'NONE', *, *, #2431, .F. ) ;
#6162 = ORIENTED_EDGE ( 'NONE', *, *, #2276, .T. ) ;
#6163 = ORIENTED_EDGE ( 'NONE', *, *, #5002, .F. ) ;
#6164 = AXIS2_PLACEMENT_3D ( 'NONE', #4628, #5174, #1946 ) ;
#6165 = DIRECTION ( 'NONE',  ( -0.0000000000000000000, -0.0000000000000000000, -1.000000000000000000 ) ) ;
#6166 = UNCERTAINTY_MEASURE_WITH_UNIT (LENGTH_MEASURE( 1.000000000000000100E-005 ), #6099, 'distance_accuracy_value', 'NONE');
#6167 = SURFACE_STYLE_FILL_AREA ( #731 ) ;
#6168 = PRESENTATION_STYLE_ASSIGNMENT (( #5797 ) ) ;
#6169 = SURFACE_SIDE_STYLE ('',( #3895 ) ) ;
#6170 = CIRCLE ( 'NONE', #5555, 1.499999999999998700 ) ;
#6171 =( NAMED_UNIT ( * ) PLANE_ANGLE_UNIT ( ) SI_UNIT ( $, .RADIAN. ) );
#6172 = AXIS2_PLACEMENT_3D ( 'NONE', #1451, #1981, #5736 ) ;
#6173 = AXIS2_PLACEMENT_3D ( 'NONE', #3609, #385, #4166 ) ;
#6174 = CARTESIAN_POINT ( 'NONE',  ( 0.2089066848647014300, 0.05000000000000000300, -1.670990180068217900 ) ) ;
#6175 = CARTESIAN_POINT ( 'NONE',  ( -9.332335357453892800, 0.05000000000000000300, -3.475422238637514600 ) ) ;
#6176 = ORIENTED_EDGE ( 'NONE', *, *, #4098, .F. ) ;
#6177 = COLOUR_RGB ( '',0.8980392156862745400, 0.8980392156862745400, 0.8980392156862745400 ) ;
#6178 = COLOUR_RGB ( '',0.8980392156862745400, 0.8980392156862745400, 0.8980392156862745400 ) ;
#6179 = EDGE_CURVE ( 'NONE', #6220, #393, #396, .T. ) ;
#6180 = UNCERTAINTY_MEASURE_WITH_UNIT (LENGTH_MEASURE( 1.000000000000000100E-005 ), #4383, 'distance_accuracy_value', 'NONE');
#6181 = DIRECTION ( 'NONE',  ( -0.0000000000000000000, -1.000000000000000000, -0.0000000000000000000 ) ) ;
#6182 =( NAMED_UNIT ( * ) SI_UNIT ( $, .STERADIAN. ) SOLID_ANGLE_UNIT ( ) );
#6183 = DIRECTION ( 'NONE',  ( -0.0000000000000000000, -1.000000000000000000, -0.0000000000000000000 ) ) ;
#6184 =( GEOMETRIC_REPRESENTATION_CONTEXT ( 3 ) GLOBAL_UNCERTAINTY_ASSIGNED_CONTEXT ( ( #6926 ) ) GLOBAL_UNIT_ASSIGNED_CONTEXT ( ( #541, #4312, #1083 ) ) REPRESENTATION_CONTEXT ( 'NONE', 'WORKASPACE' ) );
#6185 = VECTOR ( 'NONE', #3283, 1000.000000000000000 ) ;
#6186 = VERTEX_POINT ( 'NONE', #5005 ) ;
#6187 = FILL_AREA_STYLE ('',( #1899 ) ) ;
#6188 = CARTESIAN_POINT ( 'NONE',  ( -13.49999999999999800, 1.500000000000000000, -7.499999999999994700 ) ) ;
#6189 = EDGE_CURVE ( 'NONE', #2765, #6564, #569, .T. ) ;
#6190 = EDGE_CURVE ( 'NONE', #1728, #1183, #3085, .T. ) ;
#6191 =( NAMED_UNIT ( * ) SI_UNIT ( $, .STERADIAN. ) SOLID_ANGLE_UNIT ( ) );
#6192 = SURFACE_SIDE_STYLE ('',( #3470 ) ) ;
#6193 = SURFACE_STYLE_FILL_AREA ( #596 ) ;
#6194 = ORIENTED_EDGE ( 'NONE', *, *, #2803, .T. ) ;
#6195 = CARTESIAN_POINT ( 'NONE',  ( 19.75000000000017400, -17.75000000000000400, 0.0000000000000000000 ) ) ;
#6196 = VERTEX_POINT ( 'NONE', #5029 ) ;
#6197 = ORIENTED_EDGE ( 'NONE', *, *, #723, .F. ) ;
#6198 = CARTESIAN_POINT ( 'NONE',  ( 12.00000000000002700, -2.500000000000000000, 1.500000000000000900 ) ) ;
#6199 = ORIENTED_EDGE ( 'NONE', *, *, #2695, .F. ) ;
#6200 = CARTESIAN_POINT ( 'NONE',  ( -4.055661583331458400, 0.05000000000000000300, -3.481134468123456800 ) ) ;
#6201 = CARTESIAN_POINT ( 'NONE',  ( -3.655661583331457200, 0.05000000000000000300, -0.4766489202095020000 ) ) ;
#6202 = EDGE_LOOP ( 'NONE', ( #1572, #5089, #4633, #6750 ) ) ;
#6203 = ORIENTED_EDGE ( 'NONE', *, *, #4903, .F. ) ;
#6204 =( GEOMETRIC_REPRESENTATION_CONTEXT ( 3 ) GLOBAL_UNCERTAINTY_ASSIGNED_CONTEXT ( ( #5720 ) ) GLOBAL_UNIT_ASSIGNED_CONTEXT ( ( #6807, #3601, #377 ) ) REPRESENTATION_CONTEXT ( 'NONE', 'WORKASPACE' ) );
#6205 =( NAMED_UNIT ( * ) PLANE_ANGLE_UNIT ( ) SI_UNIT ( $, .RADIAN. ) );
#6206 = PRESENTATION_STYLE_ASSIGNMENT (( #4932 ) ) ;
#6207 = PRESENTATION_LAYER_ASSIGNMENT (  '', '', ( #5506 ) ) ;
#6208 = MECHANICAL_DESIGN_GEOMETRIC_PRESENTATION_REPRESENTATION (  '', ( #5507 ), #6587 ) ;
#6209 = CARTESIAN_POINT ( 'NONE',  ( 13.25000000000000700, -5.249999999999949400, -0.9999999999999983300 ) ) ;
#6210 = MECHANICAL_DESIGN_GEOMETRIC_PRESENTATION_REPRESENTATION (  '', ( #5150 ), #6588 ) ;
#6211 = SURFACE_STYLE_USAGE ( .BOTH. , #2469 ) ;
#6212 = CARTESIAN_POINT ( 'NONE',  ( 12.00000000000005300, -2.500000000000000000, -1.499999999999998200 ) ) ;
#6213 = EDGE_LOOP ( 'NONE', ( #3234, #4199, #6640, #4559 ) ) ;
#6214 = UNCERTAINTY_MEASURE_WITH_UNIT (LENGTH_MEASURE( 1.000000000000000100E-005 ), #710, 'distance_accuracy_value', 'NONE');
#6215 =( NAMED_UNIT ( * ) PLANE_ANGLE_UNIT ( ) SI_UNIT ( $, .RADIAN. ) );
#6216 = CARTESIAN_POINT ( 'NONE',  ( -0.7524089893314011000, 0.05000000000000000300, -6.159029468782984300 ) ) ;
#6217 = SURFACE_STYLE_FILL_AREA ( #2561 ) ;
#6218 = EDGE_CURVE ( 'NONE', #4732, #5168, #5930, .T. ) ;
#6219 = LINE ( 'NONE', #6730, #3202 ) ;
#6220 = VERTEX_POINT ( 'NONE', #6616 ) ;
#6221 = EDGE_LOOP ( 'NONE', ( #3925, #4354, #4164, #6799 ) ) ;
#6222 = FACE_OUTER_BOUND ( 'NONE', #3445, .T. ) ;
#6223 = FACE_OUTER_BOUND ( 'NONE', #2858, .T. ) ;
#6224 = PLANE ( 'NONE',  #808 ) ;
#6225 = LINE ( 'NONE', #2209, #2121 ) ;
#6226 = ORIENTED_EDGE ( 'NONE', *, *, #3052, .T. ) ;
#6227 = ORIENTED_EDGE ( 'NONE', *, *, #2308, .T. ) ;
#6228 = VECTOR ( 'NONE', #6181, 1000.000000000000000 ) ;
#6229 = EDGE_CURVE ( 'NONE', #854, #3208, #5771, .T. ) ;
#6230 = CARTESIAN_POINT ( 'NONE',  ( 0.2089066848647014300, 0.05000000000000000300, 1.240335208870860100 ) ) ;
#6231 = EDGE_LOOP ( 'NONE', ( #3214, #5189, #296, #4107 ) ) ;
#6232 = DIRECTION ( 'NONE',  ( 1.000000000000000000, 0.0000000000000000000, 0.0000000000000000000 ) ) ;
#6233 = VECTOR ( 'NONE', #514, 1000.000000000000100 ) ;
#6234 = DIRECTION ( 'NONE',  ( -0.0000000000000000000, -1.000000000000000000, -0.0000000000000000000 ) ) ;
#6235 =( NAMED_UNIT ( * ) SI_UNIT ( $, .STERADIAN. ) SOLID_ANGLE_UNIT ( ) );
#6236 = ORIENTED_EDGE ( 'NONE', *, *, #4676, .F. ) ;
#6237 = AXIS2_PLACEMENT_3D ( 'NONE', #502, #4283, #1039 ) ;
#6238 =( LENGTH_UNIT ( ) NAMED_UNIT ( * ) SI_UNIT ( .MILLI., .METRE. ) );
#6239 = DIRECTION ( 'NONE',  ( 0.0000000000000000000, -1.000000000000000000, 0.0000000000000000000 ) ) ;
#6240 = PRESENTATION_STYLE_ASSIGNMENT (( #728 ) ) ;
#6241 = EDGE_CURVE ( 'NONE', #2941, #1781, #1509, .T. ) ;
#6242 = SURFACE_STYLE_FILL_AREA ( #2002 ) ;
#6243 = CARTESIAN_POINT ( 'NONE',  ( 13.25000000000000200, -4.500000000000000000, 0.0000000000000000000 ) ) ;
#6244 = ORIENTED_EDGE ( 'NONE', *, *, #2834, .F. ) ;
#6245 = DIRECTION ( 'NONE',  ( 1.000000000000000000, 0.0000000000000000000, 0.0000000000000000000 ) ) ;
#6246 = DIRECTION ( 'NONE',  ( 0.0000000000000000000, 0.0000000000000000000, 1.000000000000000000 ) ) ;
#6247 = EDGE_CURVE ( 'NONE', #2419, #3618, #55, .T. ) ;
#6248 =( GEOMETRIC_REPRESENTATION_CONTEXT ( 3 ) GLOBAL_UNCERTAINTY_ASSIGNED_CONTEXT ( ( #1006 ) ) GLOBAL_UNIT_ASSIGNED_CONTEXT ( ( #1203, #4960, #1739 ) ) REPRESENTATION_CONTEXT ( 'NONE', 'WORKASPACE' ) );
#6249 = LINE ( 'NONE', #3031, #3413 ) ;
#6250 = STYLED_ITEM ( 'NONE', ( #2701 ), #4248 ) ;
#6251 = ORIENTED_EDGE ( 'NONE', *, *, #2633, .F. ) ;
#6252 = FACE_OUTER_BOUND ( 'NONE', #6456, .T. ) ;
#6253 = PRESENTATION_STYLE_ASSIGNMENT (( #5524 ) ) ;
#6254 = SURFACE_SIDE_STYLE ('',( #384 ) ) ;
#6255 =( LENGTH_UNIT ( ) NAMED_UNIT ( * ) SI_UNIT ( .MILLI., .METRE. ) );
#6256 = DIRECTION ( 'NONE',  ( 0.0000000000000000000, 0.0000000000000000000, 1.000000000000000000 ) ) ;
#6257 = ORIENTED_EDGE ( 'NONE', *, *, #4418, .T. ) ;
#6258 = ADVANCED_FACE ( 'NONE', ( #4203 ), #5581, .F. ) ;
#6259 = AXIS2_PLACEMENT_3D ( 'NONE', #3893, #666, #4438 ) ;
#6260 = ORIENTED_EDGE ( 'NONE', *, *, #3750, .F. ) ;
#6261 =( NAMED_UNIT ( * ) SI_UNIT ( $, .STERADIAN. ) SOLID_ANGLE_UNIT ( ) );
#6262 = SURFACE_STYLE_FILL_AREA ( #1695 ) ;
#6263 = DIRECTION ( 'NONE',  ( 0.0000000000000000000, -0.0000000000000000000, 1.000000000000000000 ) ) ;
#6264 = FACE_OUTER_BOUND ( 'NONE', #6580, .T. ) ;
#6265 = CARTESIAN_POINT ( 'NONE',  ( -3.380661583331452800, 0.05000000000000000300, -3.900355183510405800 ) ) ;
#6266 = SURFACE_SIDE_STYLE ('',( #2674 ) ) ;
#6267 = FACE_OUTER_BOUND ( 'NONE', #1475, .T. ) ;
#6268 = AXIS2_PLACEMENT_3D ( 'NONE', #4756, #2608, #6356 ) ;
#6269 = ORIENTED_EDGE ( 'NONE', *, *, #2521, .T. ) ;
#6270 = SURFACE_SIDE_STYLE ('',( #822 ) ) ;
#6271 = MECHANICAL_DESIGN_GEOMETRIC_PRESENTATION_REPRESENTATION (  '', ( #5212 ), #6657 ) ;
#6272 = ORIENTED_EDGE ( 'NONE', *, *, #2461, .T. ) ;
#6273 = ORIENTED_EDGE ( 'NONE', *, *, #5246, .T. ) ;
#6274 = EDGE_CURVE ( 'NONE', #3757, #4792, #5614, .T. ) ;
#6275 = EDGE_CURVE ( 'NONE', #1500, #5455, #6871, .T. ) ;
#6276 = DIRECTION ( 'NONE',  ( 0.0000000000000000000, 1.000000000000000000, 0.0000000000000000000 ) ) ;
#6277 = ORIENTED_EDGE ( 'NONE', *, *, #5651, .F. ) ;
#6278 = AXIS2_PLACEMENT_3D ( 'NONE', #3889, #4469, #1262 ) ;
#6279 = DIRECTION ( 'NONE',  ( -1.000000000000000000, 0.0000000000000000000, -0.0000000000000000000 ) ) ;
#6280 = DIRECTION ( 'NONE',  ( 0.0000000000000000000, 0.0000000000000000000, 1.000000000000000000 ) ) ;
#6281 = ORIENTED_EDGE ( 'NONE', *, *, #6322, .T. ) ;
#6282 = ORIENTED_EDGE ( 'NONE', *, *, #1538, .T. ) ;
#6283 =( LENGTH_UNIT ( ) NAMED_UNIT ( * ) SI_UNIT ( .MILLI., .METRE. ) );
#6284 = COLOUR_RGB ( '',0.8980392156862745400, 0.8980392156862745400, 0.8980392156862745400 ) ;
#6285 = CARTESIAN_POINT ( 'NONE',  ( 16.00000000000000000, 0.0000000000000000000, 10.00000000000000200 ) ) ;
#6286 = CARTESIAN_POINT ( 'NONE',  ( 0.0000000000000000000, 1.500000000000000000, 0.0000000000000000000 ) ) ;
#6287 = PLANE ( 'NONE',  #494 ) ;
#6288 = UNCERTAINTY_MEASURE_WITH_UNIT (LENGTH_MEASURE( 1.000000000000000100E-005 ), #5256, 'distance_accuracy_value', 'NONE');
#6289 =( NAMED_UNIT ( * ) PLANE_ANGLE_UNIT ( ) SI_UNIT ( $, .RADIAN. ) );
#6290 = ORIENTED_EDGE ( 'NONE', *, *, #5876, .F. ) ;
#6291 = MECHANICAL_DESIGN_GEOMETRIC_PRESENTATION_REPRESENTATION (  '', ( #5226 ), #6673 ) ;
#6292 = CARTESIAN_POINT ( 'NONE',  ( 13.50000000000000000, 1.500000000000000000, -7.499999999999998200 ) ) ;
#6293 = ADVANCED_FACE ( 'NONE', ( #1165 ), #6664, .F. ) ;
#6294 = CARTESIAN_POINT ( 'NONE',  ( -13.49999999999999800, 1.500000000000000000, -8.999999999999996400 ) ) ;
#6295 = LINE ( 'NONE', #1029, #2026 ) ;
#6296 = UNCERTAINTY_MEASURE_WITH_UNIT (LENGTH_MEASURE( 1.000000000000000100E-005 ), #716, 'distance_accuracy_value', 'NONE');
#6297 = MECHANICAL_DESIGN_GEOMETRIC_PRESENTATION_REPRESENTATION (  '', ( #5602 ), #6684 ) ;
#6298 = FILL_AREA_STYLE_COLOUR ( '', #5259 ) ;
#6299 = SURFACE_SIDE_STYLE ('',( #6217 ) ) ;
#6300 = FILL_AREA_STYLE_COLOUR ( '', #3209 ) ;
#6301 = LINE ( 'NONE', #2909, #3635 ) ;
#6302 = FILL_AREA_STYLE_COLOUR ( '', #1606 ) ;
#6303 = CARTESIAN_POINT ( 'NONE',  ( -3.765765784890264800, 0.0000000000000000000, -4.767752686762338300 ) ) ;
#6304 =( LENGTH_UNIT ( ) NAMED_UNIT ( * ) SI_UNIT ( .MILLI., .METRE. ) );
#6305 = DIRECTION ( 'NONE',  ( -0.0000000000000000000, -1.000000000000000000, -0.0000000000000000000 ) ) ;
#6306 = EDGE_CURVE ( 'NONE', #4617, #2007, #5275, .T. ) ;
#6307 = FACE_OUTER_BOUND ( 'NONE', #3966, .T. ) ;
#6308 = LINE ( 'NONE', #5244, #611 ) ;
#6309 = ORIENTED_EDGE ( 'NONE', *, *, #1236, .T. ) ;
#6310 = VERTEX_POINT ( 'NONE', #6691 ) ;
#6311 = CARTESIAN_POINT ( 'NONE',  ( -9.332335357453892800, 0.0000000000000000000, -3.475422238637514600 ) ) ;
#6312 = DIRECTION ( 'NONE',  ( -0.0000000000000000000, -0.0000000000000000000, -1.000000000000000000 ) ) ;
#6313 = VECTOR ( 'NONE', #4338, 1000.000000000000000 ) ;
#6314 = PLANE ( 'NONE',  #1228 ) ;
#6315 = FACE_OUTER_BOUND ( 'NONE', #2485, .T. ) ;
#6316 =( GEOMETRIC_REPRESENTATION_CONTEXT ( 3 ) GLOBAL_UNCERTAINTY_ASSIGNED_CONTEXT ( ( #5879 ) ) GLOBAL_UNIT_ASSIGNED_CONTEXT ( ( #1480, #5219, #2001 ) ) REPRESENTATION_CONTEXT ( 'NONE', 'WORKASPACE' ) );
#6317 = EDGE_LOOP ( 'NONE', ( #4132, #1471, #5791, #4912 ) ) ;
#6318 = LINE ( 'NONE', #6523, #1561 ) ;
#6319 = DIRECTION ( 'NONE',  ( 0.0000000000000000000, 0.0000000000000000000, -1.000000000000000000 ) ) ;
#6320 = CARTESIAN_POINT ( 'NONE',  ( 12.50000000000002700, -2.500000000000000000, 1.000000000000000900 ) ) ;
#6321 = EDGE_CURVE ( 'NONE', #6564, #1305, #2404, .T. ) ;
#6322 = EDGE_CURVE ( 'NONE', #3351, #539, #3858, .T. ) ;
#6323 = CARTESIAN_POINT ( 'NONE',  ( -0.7410933151353015200, 0.0000000000000000000, 2.087777753867637600 ) ) ;
#6324 = ORIENTED_EDGE ( 'NONE', *, *, #479, .F. ) ;
#6325 = ADVANCED_FACE ( 'NONE', ( #6708 ), #2398, .T. ) ;
#6326 = SURFACE_STYLE_FILL_AREA ( #6822 ) ;
#6327 = EDGE_CURVE ( 'NONE', #6883, #3065, #3164, .T. ) ;
#6328 =( NAMED_UNIT ( * ) PLANE_ANGLE_UNIT ( ) SI_UNIT ( $, .RADIAN. ) );
#6329 = ORIENTED_EDGE ( 'NONE', *, *, #1459, .T. ) ;
#6330 = DIRECTION ( 'NONE',  ( -0.0000000000000000000, -1.000000000000000000, -0.0000000000000000000 ) ) ;
#6331 = ORIENTED_EDGE ( 'NONE', *, *, #5002, .T. ) ;
#6332 = CARTESIAN_POINT ( 'NONE',  ( 19.75000000000017400, -17.75000000000000400, 0.0000000000000000000 ) ) ;
#6333 = EDGE_LOOP ( 'NONE', ( #5829, #3611, #2370, #1741 ) ) ;
#6334 = DIRECTION ( 'NONE',  ( 0.0000000000000000000, -1.000000000000000000, -0.0000000000000000000 ) ) ;
#6335 = FILL_AREA_STYLE_COLOUR ( '', #5816 ) ;
#6336 = CARTESIAN_POINT ( 'NONE',  ( -9.882335357453893500, 0.0000000000000000000, 0.08134923437046887000 ) ) ;
#6337 = DIRECTION ( 'NONE',  ( 0.0000000000000000000, -1.000000000000000000, 0.0000000000000000000 ) ) ;
#6338 = ADVANCED_FACE ( 'NONE', ( #4596 ), #5631, .T. ) ;
#6339 = VECTOR ( 'NONE', #1285, 1000.000000000000000 ) ;
#6340 = DIRECTION ( 'NONE',  ( 1.000000000000000000, -0.0000000000000000000, -1.084202172485504400E-016 ) ) ;
#6341 = DIRECTION ( 'NONE',  ( 0.0000000000000000000, 0.0000000000000000000, -1.000000000000000000 ) ) ;
#6342 = DIRECTION ( 'NONE',  ( 0.0000000000000000000, 1.000000000000000000, 0.0000000000000000000 ) ) ;
#6343 = EDGE_CURVE ( 'NONE', #5358, #559, #6780, .T. ) ;
#6344 =( NAMED_UNIT ( * ) PLANE_ANGLE_UNIT ( ) SI_UNIT ( $, .RADIAN. ) );
#6345 = PLANE ( 'NONE',  #6563 ) ;
#6346 = ORIENTED_EDGE ( 'NONE', *, *, #351, .F. ) ;
#6347 = VECTOR ( 'NONE', #6312, 1000.000000000000000 ) ;
#6348 = LINE ( 'NONE', #4322, #1332 ) ;
#6349 = AXIS2_PLACEMENT_3D ( 'NONE', #941, #5299, #1014 ) ;
#6350 = AXIS2_PLACEMENT_3D ( 'NONE', #97, #4410, #1194 ) ;
#6351 =( GEOMETRIC_REPRESENTATION_CONTEXT ( 3 ) GLOBAL_UNCERTAINTY_ASSIGNED_CONTEXT ( ( #3503 ) ) GLOBAL_UNIT_ASSIGNED_CONTEXT ( ( #2867, #6625, #3407 ) ) REPRESENTATION_CONTEXT ( 'NONE', 'WORKASPACE' ) );
#6352 = FILL_AREA_STYLE ('',( #1539 ) ) ;
#6353 = CARTESIAN_POINT ( 'NONE',  ( 13.25000000000000200, -4.500000000000000000, 3.500000000000000000 ) ) ;
#6354 = VECTOR ( 'NONE', #3311, 1000.000000000000000 ) ;
#6355 = CARTESIAN_POINT ( 'NONE',  ( 0.0000000000000000000, 3.500000000000000000, 0.0000000000000000000 ) ) ;
#6356 = DIRECTION ( 'NONE',  ( 0.8883292641862270400, 0.0000000000000000000, -0.4592070539422891100 ) ) ;
#6357 = COLOUR_RGB ( '',0.8980392156862745400, 0.8980392156862745400, 0.8980392156862745400 ) ;
#6358 = VECTOR ( 'NONE', #375, 1000.000000000000000 ) ;
#6359 = EDGE_CURVE ( 'NONE', #246, #519, #4113, .T. ) ;
#6360 = CARTESIAN_POINT ( 'NONE',  ( -13.49999999999999800, 1.500000000000000000, 7.500000000000005300 ) ) ;
#6361 =( NAMED_UNIT ( * ) SI_UNIT ( $, .STERADIAN. ) SOLID_ANGLE_UNIT ( ) );
#6362 = ADVANCED_FACE ( 'NONE', ( #1068 ), #848, .T. ) ;
#6363 = EDGE_LOOP ( 'NONE', ( #1601, #4014, #4461, #4179 ) ) ;
#6364 = ORIENTED_EDGE ( 'NONE', *, *, #1190, .F. ) ;
#6365 = ORIENTED_EDGE ( 'NONE', *, *, #1350, .F. ) ;
#6366 = EDGE_LOOP ( 'NONE', ( #6821, #182, #6950, #4576, #1284, #6060, #1763, #2081, #4094, #247 ) ) ;
#6367 = LINE ( 'NONE', #3890, #4959 ) ;
#6368 = VERTEX_POINT ( 'NONE', #1438 ) ;
#6369 = DIRECTION ( 'NONE',  ( 2.522900762084956700E-017, -0.9785497849867490500, 0.2060104810498421500 ) ) ;
#6370 = EDGE_LOOP ( 'NONE', ( #1337, #1811, #6203, #5756 ) ) ;
#6371 = VERTEX_POINT ( 'NONE', #5179 ) ;
#6372 = ADVANCED_FACE ( 'NONE', ( #558 ), #877, .F. ) ;
#6373 = FACE_OUTER_BOUND ( 'NONE', #4047, .T. ) ;
#6374 = CARTESIAN_POINT ( 'NONE',  ( -4.055661583331458400, 0.05000000000000000300, -4.300355183510403900 ) ) ;
#6375 = FILL_AREA_STYLE_COLOUR ( '', #6642 ) ;
#6376 = DIRECTION ( 'NONE',  ( -1.000000000000000000, 0.0000000000000000000, 0.0000000000000000000 ) ) ;
#6377 = COLOUR_RGB ( '',0.007843137254901960700, 0.2392156862745097900, 0.8235294117647058400 ) ;
#6378 = CARTESIAN_POINT ( 'NONE',  ( -6.970229851527613500, 0.0000000000000000000, 2.287777753867637800 ) ) ;
#6379 =( GEOMETRIC_REPRESENTATION_CONTEXT ( 3 ) GLOBAL_UNCERTAINTY_ASSIGNED_CONTEXT ( ( #3599 ) ) GLOBAL_UNIT_ASSIGNED_CONTEXT ( ( #405, #4190, #945 ) ) REPRESENTATION_CONTEXT ( 'NONE', 'WORKASPACE' ) );
#6380 = DIRECTION ( 'NONE',  ( 0.8498136422762457800, -0.0000000000000000000, 0.5270832698930796300 ) ) ;
#6381 = UNCERTAINTY_MEASURE_WITH_UNIT (LENGTH_MEASURE( 1.000000000000000100E-005 ), #1141, 'distance_accuracy_value', 'NONE');
#6382 = EDGE_CURVE ( 'NONE', #4707, #6428, #49, .T. ) ;
#6383 = DIRECTION ( 'NONE',  ( -0.5275946911648317100, 0.0000000000000000000, -0.8494962282757269100 ) ) ;
#6384 = DIRECTION ( 'NONE',  ( 1.000000000000000000, 0.0000000000000000000, 0.0000000000000000000 ) ) ;
#6385 = DIRECTION ( 'NONE',  ( 1.000000000000000000, 0.0000000000000000000, 0.0000000000000000000 ) ) ;
#6386 =( LENGTH_UNIT ( ) NAMED_UNIT ( * ) SI_UNIT ( .MILLI., .METRE. ) );
#6387 = PLANE ( 'NONE',  #2487 ) ;
#6388 =( LENGTH_UNIT ( ) NAMED_UNIT ( * ) SI_UNIT ( .MILLI., .METRE. ) );
#6389 = EDGE_LOOP ( 'NONE', ( #700, #4685, #2083, #5073 ) ) ;
#6390 = EDGE_CURVE ( 'NONE', #6084, #2324, #3424, .T. ) ;
#6391 = AXIS2_PLACEMENT_3D ( 'NONE', #2147, #5901, #2697 ) ;
#6392 = LINE ( 'NONE', #4937, #2107 ) ;
#6393 = CARTESIAN_POINT ( 'NONE',  ( 12.50000000000000000, -4.499999999999992900, 3.500000000000000000 ) ) ;
#6394 = LINE ( 'NONE', #5046, #4985 ) ;
#6395 = ORIENTED_EDGE ( 'NONE', *, *, #3230, .F. ) ;
#6396 = ORIENTED_EDGE ( 'NONE', *, *, #5128, .T. ) ;
#6397 = COLOUR_RGB ( '',0.1098039215686274500, 0.1098039215686274500, 0.1098039215686274500 ) ;
#6398 = LINE ( 'NONE', #1421, #2290 ) ;
#6399 = DIRECTION ( 'NONE',  ( 0.8883292641862271500, -0.0000000000000000000, -0.4592070539422886700 ) ) ;
#6400 = AXIS2_PLACEMENT_3D ( 'NONE', #5242, #4316, #2704 ) ;
#6401 = PLANE ( 'NONE',  #3251 ) ;
#6402 = PLANE ( 'NONE',  #144 ) ;
#6403 = AXIS2_PLACEMENT_3D ( 'NONE', #3126, #6944, #3726 ) ;
#6404 = EDGE_LOOP ( 'NONE', ( #3034, #2294, #3528, #4607 ) ) ;
#6405 = ORIENTED_EDGE ( 'NONE', *, *, #5171, .T. ) ;
#6406 = VECTOR ( 'NONE', #3720, 1000.000000000000000 ) ;
#6407 =( NAMED_UNIT ( * ) PLANE_ANGLE_UNIT ( ) SI_UNIT ( $, .RADIAN. ) );
#6408 = DIRECTION ( 'NONE',  ( -0.0000000000000000000, -1.000000000000000000, -0.0000000000000000000 ) ) ;
#6409 = ADVANCED_FACE ( 'NONE', ( #4197 ), #6815, .T. ) ;
#6410 = EDGE_CURVE ( 'NONE', #4735, #1276, #2232, .T. ) ;
#6411 = CARTESIAN_POINT ( 'NONE',  ( -6.970229851527613500, 0.0000000000000000000, 2.287777753867637800 ) ) ;
#6412 = DIRECTION ( 'NONE',  ( 0.0000000000000000000, 0.0000000000000000000, -1.000000000000000000 ) ) ;
#6413 = SURFACE_STYLE_USAGE ( .BOTH. , #2662 ) ;
#6414 = VERTEX_POINT ( 'NONE', #404 ) ;
#6415 = VECTOR ( 'NONE', #5698, 1000.000000000000000 ) ;
#6416 = SURFACE_STYLE_FILL_AREA ( #5361 ) ;
#6417 =( GEOMETRIC_REPRESENTATION_CONTEXT ( 3 ) GLOBAL_UNCERTAINTY_ASSIGNED_CONTEXT ( ( #71 ) ) GLOBAL_UNIT_ASSIGNED_CONTEXT ( ( #2248, #5995, #2797 ) ) REPRESENTATION_CONTEXT ( 'NONE', 'WORKASPACE' ) );
#6418 = ORIENTED_EDGE ( 'NONE', *, *, #5918, .T. ) ;
#6419 = VECTOR ( 'NONE', #5521, 1000.000000000000000 ) ;
#6420 = CARTESIAN_POINT ( 'NONE',  ( -16.00000000000000000, 1.500000000000000000, -10.00000000000000000 ) ) ;
#6421 = LINE ( 'NONE', #1436, #715 ) ;
#6422 = EDGE_CURVE ( 'NONE', #2562, #5034, #6519, .T. ) ;
#6423 = SURFACE_STYLE_FILL_AREA ( #6705 ) ;
#6424 = EDGE_CURVE ( 'NONE', #2671, #2123, #3675, .T. ) ;
#6425 = VERTEX_POINT ( 'NONE', #4189 ) ;
#6426 = UNCERTAINTY_MEASURE_WITH_UNIT (LENGTH_MEASURE( 1.000000000000000100E-005 ), #3982, 'distance_accuracy_value', 'NONE');
#6427 =( NAMED_UNIT ( * ) PLANE_ANGLE_UNIT ( ) SI_UNIT ( $, .RADIAN. ) );
#6428 = VERTEX_POINT ( 'NONE', #2570 ) ;
#6429 = DIRECTION ( 'NONE',  ( 0.0000000000000000000, 0.0000000000000000000, 1.000000000000000000 ) ) ;
#6430 = ORIENTED_EDGE ( 'NONE', *, *, #4418, .F. ) ;
#6431 = PRESENTATION_STYLE_ASSIGNMENT (( #3777 ) ) ;
#6432 =( NAMED_UNIT ( * ) PLANE_ANGLE_UNIT ( ) SI_UNIT ( $, .RADIAN. ) );
#6433 = LINE ( 'NONE', #4976, #5024 ) ;
#6434 = CARTESIAN_POINT ( 'NONE',  ( -6.420229851527615500, 0.0000000000000000000, 0.8403352088708592200 ) ) ;
#6435 =( LENGTH_UNIT ( ) NAMED_UNIT ( * ) SI_UNIT ( .MILLI., .METRE. ) );
#6436 = CARTESIAN_POINT ( 'NONE',  ( 12.50000000000002700, 3.500000000000000000, 1.500000000000000900 ) ) ;
#6437 = DIRECTION ( 'NONE',  ( 0.0000000000000000000, -1.000000000000000000, -3.469446951953614200E-015 ) ) ;
#6438 = FACE_OUTER_BOUND ( 'NONE', #1791, .T. ) ;
#6439 = ORIENTED_EDGE ( 'NONE', *, *, #804, .F. ) ;
#6440 = ORIENTED_EDGE ( 'NONE', *, *, #1173, .F. ) ;
#6441 = DIRECTION ( 'NONE',  ( 0.0000000000000000000, -0.0000000000000000000, 1.000000000000000000 ) ) ;
#6442 = FACE_OUTER_BOUND ( 'NONE', #3540, .T. ) ;
#6443 = ADVANCED_FACE ( 'NONE', ( #2064 ), #430, .F. ) ;
#6444 =( GEOMETRIC_REPRESENTATION_CONTEXT ( 3 ) GLOBAL_UNCERTAINTY_ASSIGNED_CONTEXT ( ( #4934 ) ) GLOBAL_UNIT_ASSIGNED_CONTEXT ( ( #4877, #1658, #5402 ) ) REPRESENTATION_CONTEXT ( 'NONE', 'WORKASPACE' ) );
#6445 = MECHANICAL_DESIGN_GEOMETRIC_PRESENTATION_REPRESENTATION (  '', ( #5374 ), #6808 ) ;
#6446 = CARTESIAN_POINT ( 'NONE',  ( -1.109405606098030200, 0.0000000000000000000, 1.859030876677710600 ) ) ;
#6447 = CARTESIAN_POINT ( 'NONE',  ( 0.2089066848647014300, 0.05000000000000000300, 2.287777753867636000 ) ) ;
#6448 = DIRECTION ( 'NONE',  ( -0.0000000000000000000, -1.000000000000000000, -0.0000000000000000000 ) ) ;
#6449 = ORIENTED_EDGE ( 'NONE', *, *, #4399, .F. ) ;
#6450 = CARTESIAN_POINT ( 'NONE',  ( -13.49999999999999800, 1.500000000000000000, -5.999999999999992900 ) ) ;
#6451 = VERTEX_POINT ( 'NONE', #3104 ) ;
#6452 = VERTEX_POINT ( 'NONE', #5271 ) ;
#6453 = CARTESIAN_POINT ( 'NONE',  ( -0.3410933151353004500, 0.05000000000000000300, 1.240335208870860100 ) ) ;
#6454 = DIRECTION ( 'NONE',  ( 1.000000000000000000, 0.0000000000000000000, 0.0000000000000000000 ) ) ;
#6455 = STYLED_ITEM ( 'NONE', ( #5822 ), #4905 ) ;
#6456 = EDGE_LOOP ( 'NONE', ( #5786, #2598, #717, #6724 ) ) ;
#6457 = DIRECTION ( 'NONE',  ( 0.0000000000000000000, 0.0000000000000000000, 1.000000000000000000 ) ) ;
#6458 = ORIENTED_EDGE ( 'NONE', *, *, #5780, .F. ) ;
#6459 = VERTEX_POINT ( 'NONE', #6867 ) ;
#6460 = VECTOR ( 'NONE', #809, 1000.000000000000000 ) ;
#6461 = EDGE_CURVE ( 'NONE', #4401, #4245, #649, .T. ) ;
#6462 = SURFACE_SIDE_STYLE ('',( #5855 ) ) ;
#6463 = DIRECTION ( 'NONE',  ( -1.392757777031960500E-014, 1.000000000000000000, 0.0000000000000000000 ) ) ;
#6464 = FACE_OUTER_BOUND ( 'NONE', #224, .T. ) ;
#6465 = DIRECTION ( 'NONE',  ( -0.0000000000000000000, -1.000000000000000000, -0.0000000000000000000 ) ) ;
#6466 = CARTESIAN_POINT ( 'NONE',  ( 13.25000000000000200, -4.500000000000000000, -0.9999999999999983300 ) ) ;
#6467 = DIRECTION ( 'NONE',  ( -0.0000000000000000000, -0.0000000000000000000, 1.000000000000000000 ) ) ;
#6468 = PLANE ( 'NONE',  #2454 ) ;
#6469 = FACE_OUTER_BOUND ( 'NONE', #5689, .T. ) ;
#6470 = EDGE_CURVE ( 'NONE', #1146, #3625, #812, .T. ) ;
#6471 = SURFACE_SIDE_STYLE ('',( #5750 ) ) ;
#6472 = DIRECTION ( 'NONE',  ( -0.0000000000000000000, -1.000000000000000000, -0.0000000000000000000 ) ) ;
#6473 = ADVANCED_FACE ( 'NONE', ( #3497 ), #3680, .F. ) ;
#6474 = DIRECTION ( 'NONE',  ( -0.8883292641862272600, 0.0000000000000000000, -0.4592070539422885000 ) ) ;
#6475 = CARTESIAN_POINT ( 'NONE',  ( 0.2089066848647014300, 0.05000000000000000300, -1.670990180068217900 ) ) ;
#6476 =( LENGTH_UNIT ( ) NAMED_UNIT ( * ) SI_UNIT ( .MILLI., .METRE. ) );
#6477 = CARTESIAN_POINT ( 'NONE',  ( 10.40000000000000000, -5.000000000000000000, 3.000000000000007100 ) ) ;
#6478 = LINE ( 'NONE', #1323, #6138 ) ;
#6479 = DIRECTION ( 'NONE',  ( -1.000000000000000000, 0.0000000000000000000, -0.0000000000000000000 ) ) ;
#6480 = VECTOR ( 'NONE', #2627, 1000.000000000000000 ) ;
#6481 = AXIS2_PLACEMENT_3D ( 'NONE', #634, #5437, #6546 ) ;
#6482 = AXIS2_PLACEMENT_3D ( 'NONE', #1091, #4320, #547 ) ;
#6483 = LINE ( 'NONE', #1221, #938 ) ;
#6484 = AXIS2_PLACEMENT_3D ( 'NONE', #6447, #1106, #4863 ) ;
#6485 = VERTEX_POINT ( 'NONE', #455 ) ;
#6486 = ORIENTED_EDGE ( 'NONE', *, *, #5128, .F. ) ;
#6487 = LINE ( 'NONE', #2159, #2196 ) ;
#6488 = FACE_OUTER_BOUND ( 'NONE', #1783, .T. ) ;
#6489 = DIRECTION ( 'NONE',  ( -0.8498136422762455600, 0.0000000000000000000, -0.5270832698930799600 ) ) ;
#6490 = SURFACE_SIDE_STYLE ('',( #2981 ) ) ;
#6491 = SURFACE_STYLE_FILL_AREA ( #1818 ) ;
#6492 = ORIENTED_EDGE ( 'NONE', *, *, #5577, .T. ) ;
#6493 = FACE_OUTER_BOUND ( 'NONE', #5673, .T. ) ;
#6494 = DIRECTION ( 'NONE',  ( 0.0000000000000000000, -1.000000000000000000, 0.0000000000000000000 ) ) ;
#6495 = AXIS2_PLACEMENT_3D ( 'NONE', #6096, #2895, #6654 ) ;
#6496 = EDGE_CURVE ( 'NONE', #3810, #3390, #2831, .T. ) ;
#6497 = ORIENTED_EDGE ( 'NONE', *, *, #3830, .F. ) ;
#6498 = DIRECTION ( 'NONE',  ( -0.0000000000000000000, -1.000000000000000000, -0.0000000000000000000 ) ) ;
#6499 = FACE_OUTER_BOUND ( 'NONE', #3838, .T. ) ;
#6500 = CARTESIAN_POINT ( 'NONE',  ( 0.2089066848647014300, 0.0000000000000000000, 0.8403352088708592200 ) ) ;
#6501 = SURFACE_STYLE_FILL_AREA ( #2067 ) ;
#6502 = CARTESIAN_POINT ( 'NONE',  ( 13.50000000000000000, 1.500000000000000000, 7.500000000000001800 ) ) ;
#6503 = FILL_AREA_STYLE_COLOUR ( '', #5656 ) ;
#6504 = ORIENTED_EDGE ( 'NONE', *, *, #4855, .F. ) ;
#6505 = CARTESIAN_POINT ( 'NONE',  ( -3.580661583331458300, 0.05000000000000000300, 2.929732241150968100 ) ) ;
#6506 = VERTEX_POINT ( 'NONE', #4782 ) ;
#6507 = DIRECTION ( 'NONE',  ( -0.0000000000000000000, -1.000000000000000000, -0.0000000000000000000 ) ) ;
#6508 = EDGE_LOOP ( 'NONE', ( #4426, #2656, #2170, #2531 ) ) ;
#6510 = FILL_AREA_STYLE_COLOUR ( '', #3388 ) ;
#6509 = SURFACE_STYLE_FILL_AREA ( #3217 ) ;
#6511 = VECTOR ( 'NONE', #5546, 1000.000000000000100 ) ;
#6512 = PRESENTATION_LAYER_ASSIGNMENT (  '', '', ( #5795 ) ) ;
#6513 = UNCERTAINTY_MEASURE_WITH_UNIT (LENGTH_MEASURE( 1.000000000000000100E-005 ), #5134, 'distance_accuracy_value', 'NONE');
#6514 = PRESENTATION_STYLE_ASSIGNMENT (( #2356 ) ) ;
#6515 = ADVANCED_FACE ( 'NONE', ( #4279 ), #1579, .F. ) ;
#6516 = FILL_AREA_STYLE_COLOUR ( '', #3741 ) ;
#6517 = DIRECTION ( 'NONE',  ( -0.0000000000000000000, 1.000000000000000000, -0.0000000000000000000 ) ) ;
#6518 = ORIENTED_EDGE ( 'NONE', *, *, #6390, .F. ) ;
#6519 = LINE ( 'NONE', #3631, #4935 ) ;
#6520 = DIRECTION ( 'NONE',  ( 1.000000000000000000, -0.0000000000000000000, 3.469446951953614200E-015 ) ) ;
#6521 = CARTESIAN_POINT ( 'NONE',  ( 12.00000000000007800, 3.500000000000000000, -3.499999999999997800 ) ) ;
#6522 = PLANE ( 'NONE',  #4794 ) ;
#6523 = CARTESIAN_POINT ( 'NONE',  ( -0.7410933151353015200, 0.05000000000000000300, 2.287777753867636000 ) ) ;
#6524 =( NAMED_UNIT ( * ) SI_UNIT ( $, .STERADIAN. ) SOLID_ANGLE_UNIT ( ) );
#6525 = PLANE ( 'NONE',  #1953 ) ;
#6526 = SURFACE_STYLE_FILL_AREA ( #6153 ) ;
#6527 = DIRECTION ( 'NONE',  ( -1.000000000000000000, 0.0000000000000000000, 0.0000000000000000000 ) ) ;
#6528 = EDGE_CURVE ( 'NONE', #583, #732, #6951, .T. ) ;
#6529 = SURFACE_SIDE_STYLE ('',( #2788 ) ) ;
#6530 = CIRCLE ( 'NONE', #6726, 1.500000000000003100 ) ;
#6531 = STYLED_ITEM ( 'NONE', ( #4097 ), #2948 ) ;
#6532 = PRESENTATION_LAYER_ASSIGNMENT (  '', '', ( #5809 ) ) ;
#6533 = DIRECTION ( 'NONE',  ( 0.0000000000000000000, -0.0000000000000000000, 1.000000000000000000 ) ) ;
#6534 = VECTOR ( 'NONE', #3182, 1000.000000000000000 ) ;
#6535 = FILL_AREA_STYLE_COLOUR ( '', #4162 ) ;
#6536 = LINE ( 'NONE', #350, #5114 ) ;
#6537 = COLOUR_RGB ( '',0.8980392156862745400, 0.8980392156862745400, 0.8980392156862745400 ) ;
#6538 = ORIENTED_EDGE ( 'NONE', *, *, #4538, .F. ) ;
#6539 = VERTEX_POINT ( 'NONE', #4804 ) ;
#6540 = EDGE_LOOP ( 'NONE', ( #5015, #864 ) ) ;
#6541 = FACE_OUTER_BOUND ( 'NONE', #6800, .T. ) ;
#6542 = PRESENTATION_LAYER_ASSIGNMENT (  '', '', ( #5820 ) ) ;
#6543 = AXIS2_PLACEMENT_3D ( 'NONE', #4142, #903, #4663 ) ;
#6544 = FILL_AREA_STYLE_COLOUR ( '', #3226 ) ;
#6545 = ORIENTED_EDGE ( 'NONE', *, *, #1483, .T. ) ;
#6546 = DIRECTION ( 'NONE',  ( 0.0000000000000000000, 0.0000000000000000000, -1.000000000000000000 ) ) ;
#6547 = ORIENTED_EDGE ( 'NONE', *, *, #1085, .T. ) ;
#6548 = ORIENTED_EDGE ( 'NONE', *, *, #575, .F. ) ;
#6549 = ADVANCED_FACE ( 'NONE', ( #4108 ), #5314, .F. ) ;
#6550 =( NAMED_UNIT ( * ) SI_UNIT ( $, .STERADIAN. ) SOLID_ANGLE_UNIT ( ) );
#6551 = EDGE_CURVE ( 'NONE', #962, #3481, #2144, .T. ) ;
#6552 = FACE_OUTER_BOUND ( 'NONE', #1920, .T. ) ;
#6553 = SURFACE_STYLE_USAGE ( .BOTH. , #2799 ) ;
#6554 = CARTESIAN_POINT ( 'NONE',  ( 13.50000000000000200, -2.500000000000000000, -5.000000000000000900 ) ) ;
#6555 = FILL_AREA_STYLE ('',( #1213 ) ) ;
#6556 = ADVANCED_FACE ( 'NONE', ( #6252 ), #2139, .T. ) ;
#6557 = PRESENTATION_LAYER_ASSIGNMENT (  '', '', ( #6920 ) ) ;
#6558 = CARTESIAN_POINT ( 'NONE',  ( 10.40000000000000000, 0.0000000000000000000, 9.800000000000004300 ) ) ;
#6559 =( NAMED_UNIT ( * ) SI_UNIT ( $, .STERADIAN. ) SOLID_ANGLE_UNIT ( ) );
#6560 = CARTESIAN_POINT ( 'NONE',  ( 0.0000000000000000000, 0.05000000000000000300, 0.0000000000000000000 ) ) ;
#6561 = EDGE_CURVE ( 'NONE', #2439, #4088, #5760, .T. ) ;
#6562 = EDGE_CURVE ( 'NONE', #2643, #1276, #219, .T. ) ;
#6563 = AXIS2_PLACEMENT_3D ( 'NONE', #1002, #4768, #1562 ) ;
#6564 = VERTEX_POINT ( 'NONE', #2709 ) ;
#6565 = PLANE ( 'NONE',  #1467 ) ;
#6566 = SURFACE_SIDE_STYLE ('',( #522 ) ) ;
#6567 = CARTESIAN_POINT ( 'NONE',  ( 3.121012190790982900, 0.0000000000000000000, -3.783294761366649900 ) ) ;
#6568 = VECTOR ( 'NONE', #1496, 1000.000000000000000 ) ;
#6569 = DIRECTION ( 'NONE',  ( -0.0000000000000000000, -1.000000000000000000, -0.0000000000000000000 ) ) ;
#6570 = VECTOR ( 'NONE', #4519, 1000.000000000000000 ) ;
#6571 = ORIENTED_EDGE ( 'NONE', *, *, #5884, .T. ) ;
#6572 = VECTOR ( 'NONE', #5802, 1000.000000000000000 ) ;
#6573 = ORIENTED_EDGE ( 'NONE', *, *, #6218, .T. ) ;
#6574 = FILL_AREA_STYLE_COLOUR ( '', #5412 ) ;
#6575 = CARTESIAN_POINT ( 'NONE',  ( 13.25000000000001400, -5.749999999999949400, -0.9999999999999983300 ) ) ;
#6576 = CARTESIAN_POINT ( 'NONE',  ( -0.3410933151353004500, 0.05000000000000000300, 1.240335208870860100 ) ) ;
#6577 = CARTESIAN_POINT ( 'NONE',  ( 12.00000000000005200, -4.499999999999992900, -0.9999999999999983300 ) ) ;
#6578 =( LENGTH_UNIT ( ) NAMED_UNIT ( * ) SI_UNIT ( .MILLI., .METRE. ) );
#6579 = PRESENTATION_STYLE_ASSIGNMENT (( #5646 ) ) ;
#6580 = EDGE_LOOP ( 'NONE', ( #3780, #6120, #4075, #534 ) ) ;
#6581 = VERTEX_POINT ( 'NONE', #4340 ) ;
#6582 = CARTESIAN_POINT ( 'NONE',  ( 2.571012190790981300, 0.05000000000000000300, -0.2247228132164734400 ) ) ;
#6583 = FACE_OUTER_BOUND ( 'NONE', #1944, .T. ) ;
#6584 = CARTESIAN_POINT ( 'NONE',  ( -16.00000000000000000, 0.0000000000000000000, 10.00000000000000500 ) ) ;
#6585 = STYLED_ITEM ( 'NONE', ( #5030 ), #989 ) ;
#6586 = MECHANICAL_DESIGN_GEOMETRIC_PRESENTATION_REPRESENTATION (  '', ( #5506 ), #6955 ) ;
#6587 =( GEOMETRIC_REPRESENTATION_CONTEXT ( 3 ) GLOBAL_UNCERTAINTY_ASSIGNED_CONTEXT ( ( #1542 ) ) GLOBAL_UNIT_ASSIGNED_CONTEXT ( ( #859, #4620, #1422 ) ) REPRESENTATION_CONTEXT ( 'NONE', 'WORKASPACE' ) );
#6588 =( GEOMETRIC_REPRESENTATION_CONTEXT ( 3 ) GLOBAL_UNCERTAINTY_ASSIGNED_CONTEXT ( ( #5077 ) ) GLOBAL_UNIT_ASSIGNED_CONTEXT ( ( #1357, #5100, #1872 ) ) REPRESENTATION_CONTEXT ( 'NONE', 'WORKASPACE' ) );
#6589 = EDGE_LOOP ( 'NONE', ( #6199, #149, #3261, #2962 ) ) ;
#6590 = VECTOR ( 'NONE', #2445, 1000.000000000000000 ) ;
#6591 = FACE_OUTER_BOUND ( 'NONE', #6389, .T. ) ;
#6592 = PLANE ( 'NONE',  #3076 ) ;
#6593 = SURFACE_STYLE_FILL_AREA ( #3860 ) ;
#6594 = LINE ( 'NONE', #2093, #2306 ) ;
#6595 = VERTEX_POINT ( 'NONE', #4875 ) ;
#6596 = EDGE_LOOP ( 'NONE', ( #4123, #2378, #1889, #5045 ) ) ;
#6597 = DIRECTION ( 'NONE',  ( 0.0000000000000000000, 0.0000000000000000000, 1.000000000000000000 ) ) ;
#6598 = DIRECTION ( 'NONE',  ( -1.734723475976807100E-016, -0.0000000000000000000, 1.000000000000000000 ) ) ;
#6599 = DIRECTION ( 'NONE',  ( -0.0000000000000000000, 1.000000000000000000, -0.0000000000000000000 ) ) ;
#6600 = VECTOR ( 'NONE', #3923, 1000.000000000000200 ) ;
#6601 = PRESENTATION_STYLE_ASSIGNMENT (( #1898 ) ) ;
#6602 = LINE ( 'NONE', #4887, #3929 ) ;
#6603 = CARTESIAN_POINT ( 'NONE',  ( 12.50000000000005300, 1.500000000000000000, -0.9999999999999983300 ) ) ;
#6604 = EDGE_CURVE ( 'NONE', #1945, #3416, #5601, .T. ) ;
#6605 = DIRECTION ( 'NONE',  ( 1.000000000000000000, 0.0000000000000000000, 0.0000000000000000000 ) ) ;
#6606 = ORIENTED_EDGE ( 'NONE', *, *, #1753, .T. ) ;
#6607 = CARTESIAN_POINT ( 'NONE',  ( -0.3410933151353004500, 0.05000000000000000300, -1.365134884645989000 ) ) ;
#6608 = CARTESIAN_POINT ( 'NONE',  ( 12.50000000000007800, 3.500000000000000000, -3.999999999999998200 ) ) ;
#6609 = DIRECTION ( 'NONE',  ( 0.0000000000000000000, 0.0000000000000000000, 1.000000000000000000 ) ) ;
#6610 = EDGE_CURVE ( 'NONE', #493, #3416, #3070, .T. ) ;
#6611 = ORIENTED_EDGE ( 'NONE', *, *, #443, .T. ) ;
#6612 = UNCERTAINTY_MEASURE_WITH_UNIT (LENGTH_MEASURE( 1.000000000000000100E-005 ), #4495, 'distance_accuracy_value', 'NONE');
#6613 = VECTOR ( 'NONE', #625, 1000.000000000000000 ) ;
#6614 = PLANE ( 'NONE',  #4669 ) ;
#6615 = SURFACE_STYLE_USAGE ( .BOTH. , #2860 ) ;
#6616 = CARTESIAN_POINT ( 'NONE',  ( 3.121012190790982900, 0.05000000000000000300, 0.08134923437046540100 ) ) ;
#6617 = EDGE_LOOP ( 'NONE', ( #1186, #4997, #563, #3517 ) ) ;
#6618 = PRESENTATION_STYLE_ASSIGNMENT (( #91 ) ) ;
#6619 = DIRECTION ( 'NONE',  ( -1.000000000000000000, -0.0000000000000000000, -0.0000000000000000000 ) ) ;
#6620 = CARTESIAN_POINT ( 'NONE',  ( 12.50000000000005300, -4.499999999999992900, -0.9999999999999983300 ) ) ;
#6621 = ORIENTED_EDGE ( 'NONE', *, *, #4238, .F. ) ;
#6622 = STYLED_ITEM ( 'NONE', ( #1956 ), #2638 ) ;
#6623 = EDGE_CURVE ( 'NONE', #2807, #5050, #42, .T. ) ;
#6624 = VECTOR ( 'NONE', #4371, 1000.000000000000000 ) ;
#6625 =( NAMED_UNIT ( * ) PLANE_ANGLE_UNIT ( ) SI_UNIT ( $, .RADIAN. ) );
#6626 = DIRECTION ( 'NONE',  ( 0.0000000000000000000, 0.0000000000000000000, -1.000000000000000000 ) ) ;
#6627 = EDGE_LOOP ( 'NONE', ( #2744, #5365, #5654, #5118 ) ) ;
#6628 = CARTESIAN_POINT ( 'NONE',  ( 12.00000000000000000, -4.499999999999992900, 4.000000000000000000 ) ) ;
#6629 = EDGE_CURVE ( 'NONE', #2425, #6084, #2742, .T. ) ;
#6630 = DIRECTION ( 'NONE',  ( -0.0000000000000000000, -0.0000000000000000000, -1.000000000000000000 ) ) ;
#6631 =( LENGTH_UNIT ( ) NAMED_UNIT ( * ) SI_UNIT ( .MILLI., .METRE. ) );
#6632 = ORIENTED_EDGE ( 'NONE', *, *, #2959, .T. ) ;
#6633 = PRESENTATION_LAYER_ASSIGNMENT (  '', '', ( #6250 ) ) ;
#6634 =( LENGTH_UNIT ( ) NAMED_UNIT ( * ) SI_UNIT ( .MILLI., .METRE. ) );
#6635 = ORIENTED_EDGE ( 'NONE', *, *, #6190, .F. ) ;
#6636 = EDGE_LOOP ( 'NONE', ( #5203, #6157, #5231, #3696 ) ) ;
#6637 = CARTESIAN_POINT ( 'NONE',  ( -4.055661583331458400, 0.0000000000000000000, -4.300355183510403900 ) ) ;
#6638 = COLOUR_RGB ( '',0.8980392156862745400, 0.8980392156862745400, 0.8980392156862745400 ) ;
#6639 = DIRECTION ( 'NONE',  ( 0.0000000000000000000, 0.0000000000000000000, 1.000000000000000000 ) ) ;
#6640 = ORIENTED_EDGE ( 'NONE', *, *, #2154, .F. ) ;
#6641 = ORIENTED_EDGE ( 'NONE', *, *, #2460, .F. ) ;
#6642 = COLOUR_RGB ( '',0.8980392156862745400, 0.8980392156862745400, 0.8980392156862745400 ) ;
#6643 = STYLED_ITEM ( 'NONE', ( #5841 ), #6725 ) ;
#6644 = LINE ( 'NONE', #777, #3795 ) ;
#6645 = DIRECTION ( 'NONE',  ( -0.5270832698930805200, 0.0000000000000000000, 0.8498136422762453400 ) ) ;
#6646 = DIRECTION ( 'NONE',  ( 0.0000000000000000000, 0.0000000000000000000, 1.000000000000000000 ) ) ;
#6647 = DIRECTION ( 'NONE',  ( 0.0000000000000000000, 0.0000000000000000000, -1.000000000000000000 ) ) ;
#6648 = CARTESIAN_POINT ( 'NONE',  ( -3.800000000000002900, 6.000000000000000000, -9.800000000000000700 ) ) ;
#6649 = LINE ( 'NONE', #136, #5217 ) ;
#6650 = CARTESIAN_POINT ( 'NONE',  ( -6.420229851527615500, 0.05000000000000000300, 0.8403352088708592200 ) ) ;
#6651 = DIRECTION ( 'NONE',  ( -1.000000000000000000, -0.0000000000000000000, -0.0000000000000000000 ) ) ;
#6652 = STYLED_ITEM ( 'NONE', ( #3397 ), #5593 ) ;
#6653 = CARTESIAN_POINT ( 'NONE',  ( -3.580661583331458300, 0.05000000000000000300, 3.548872037816159800 ) ) ;
#6654 = DIRECTION ( 'NONE',  ( 0.0000000000000000000, 0.0000000000000000000, 1.000000000000000000 ) ) ;
#6655 =( LENGTH_UNIT ( ) NAMED_UNIT ( * ) SI_UNIT ( .MILLI., .METRE. ) );
#6656 =( NAMED_UNIT ( * ) SI_UNIT ( $, .STERADIAN. ) SOLID_ANGLE_UNIT ( ) );
#6657 =( GEOMETRIC_REPRESENTATION_CONTEXT ( 3 ) GLOBAL_UNCERTAINTY_ASSIGNED_CONTEXT ( ( #1703 ) ) GLOBAL_UNIT_ASSIGNED_CONTEXT ( ( #4192, #6289, #6846 ) ) REPRESENTATION_CONTEXT ( 'NONE', 'WORKASPACE' ) );
#6658 =( NAMED_UNIT ( * ) SI_UNIT ( $, .STERADIAN. ) SOLID_ANGLE_UNIT ( ) );
#6659 = EDGE_CURVE ( 'NONE', #3791, #6595, #1494, .T. ) ;
#6660 = EDGE_CURVE ( 'NONE', #5533, #5610, #6856, .T. ) ;
#6661 =( NAMED_UNIT ( * ) SI_UNIT ( $, .STERADIAN. ) SOLID_ANGLE_UNIT ( ) );
#6662 = ORIENTED_EDGE ( 'NONE', *, *, #3983, .F. ) ;
#6663 = PRESENTATION_LAYER_ASSIGNMENT (  '', '', ( #5921 ) ) ;
#6664 = PLANE ( 'NONE',  #4883 ) ;
#6665 = LINE ( 'NONE', #6936, #2712 ) ;
#6666 =( NAMED_UNIT ( * ) SI_UNIT ( $, .STERADIAN. ) SOLID_ANGLE_UNIT ( ) );
#6667 = ORIENTED_EDGE ( 'NONE', *, *, #5353, .T. ) ;
#6668 = ORIENTED_EDGE ( 'NONE', *, *, #365, .T. ) ;
#6669 = LINE ( 'NONE', #2686, #3997 ) ;
#6670 = LINE ( 'NONE', #6139, #2374 ) ;
#6671 = SURFACE_STYLE_FILL_AREA ( #6818 ) ;
#6672 =( LENGTH_UNIT ( ) NAMED_UNIT ( * ) SI_UNIT ( .MILLI., .METRE. ) );
#6673 =( GEOMETRIC_REPRESENTATION_CONTEXT ( 3 ) GLOBAL_UNCERTAINTY_ASSIGNED_CONTEXT ( ( #577 ) ) GLOBAL_UNIT_ASSIGNED_CONTEXT ( ( #3395, #176, #3956 ) ) REPRESENTATION_CONTEXT ( 'NONE', 'WORKASPACE' ) );
#6674 = SURFACE_STYLE_FILL_AREA ( #363 ) ;
#6675 = EDGE_LOOP ( 'NONE', ( #1356, #5940, #709, #4105, #939, #2168 ) ) ;
#6676 =( LENGTH_UNIT ( ) NAMED_UNIT ( * ) SI_UNIT ( .MILLI., .METRE. ) );
#6677 = LINE ( 'NONE', #3962, #5080 ) ;
#6678 = DIRECTION ( 'NONE',  ( -0.0000000000000000000, -1.000000000000000000, -0.0000000000000000000 ) ) ;
#6679 =( LENGTH_UNIT ( ) NAMED_UNIT ( * ) SI_UNIT ( .MILLI., .METRE. ) );
#6680 =( LENGTH_UNIT ( ) NAMED_UNIT ( * ) SI_UNIT ( .MILLI., .METRE. ) );
#6681 = SURFACE_STYLE_FILL_AREA ( #3495 ) ;
#6682 = VECTOR ( 'NONE', #3654, 1000.000000000000100 ) ;
#6683 = LINE ( 'NONE', #4467, #5251 ) ;
#6684 =( GEOMETRIC_REPRESENTATION_CONTEXT ( 3 ) GLOBAL_UNCERTAINTY_ASSIGNED_CONTEXT ( ( #6166 ) ) GLOBAL_UNIT_ASSIGNED_CONTEXT ( ( #6099, #2898, #6656 ) ) REPRESENTATION_CONTEXT ( 'NONE', 'WORKASPACE' ) );
#6685 = CARTESIAN_POINT ( 'NONE',  ( -16.00000000000000000, 1.500000000000000000, 10.00000000000000500 ) ) ;
#6686 = EDGE_LOOP ( 'NONE', ( #1673, #6324, #3125, #5207 ) ) ;
#6687 = ORIENTED_EDGE ( 'NONE', *, *, #6189, .F. ) ;
#6688 = STYLED_ITEM ( 'NONE', ( #318 ), #6338 ) ;
#6689 = ADVANCED_FACE ( 'NONE', ( #6696 ), #2058, .T. ) ;
#6690 = ORIENTED_EDGE ( 'NONE', *, *, #1599, .F. ) ;
#6691 = CARTESIAN_POINT ( 'NONE',  ( 13.25000000000001400, -5.749999999999947600, -1.499999999999998200 ) ) ;
#6692 = EDGE_CURVE ( 'NONE', #6539, #6186, #6170, .T. ) ;
#6693 = CARTESIAN_POINT ( 'NONE',  ( 13.25000000000000200, -4.500000000000000000, -3.499999999999997800 ) ) ;
#6694 =( NAMED_UNIT ( * ) SI_UNIT ( $, .STERADIAN. ) SOLID_ANGLE_UNIT ( ) );
#6695 = SHAPE_DEFINITION_REPRESENTATION ( #1277, #3210 ) ;
#6696 = FACE_OUTER_BOUND ( 'NONE', #3145, .T. ) ;
#6697 = SURFACE_STYLE_FILL_AREA ( #1817 ) ;
#6698 = DIRECTION ( 'NONE',  ( 0.8524342904835904300, -0.0000000000000000000, -0.5228343718690823300 ) ) ;
#6699 = STYLED_ITEM ( 'NONE', ( #4402 ), #5191 ) ;
#6700 = DIRECTION ( 'NONE',  ( -1.000000000000000000, 0.0000000000000000000, -5.421010862427522200E-017 ) ) ;
#6701 = DIRECTION ( 'NONE',  ( -0.8498136422762461200, -0.0000000000000000000, 0.5270832698930789700 ) ) ;
#6702 = ORIENTED_EDGE ( 'NONE', *, *, #6410, .T. ) ;
#6703 = EDGE_CURVE ( 'NONE', #4088, #158, #639, .T. ) ;
#6704 = EDGE_CURVE ( 'NONE', #131, #3902, #3329, .T. ) ;
#6705 = FILL_AREA_STYLE ('',( #1857 ) ) ;
#6706 = DIRECTION ( 'NONE',  ( -1.000000000000000000, -0.0000000000000000000, -0.0000000000000000000 ) ) ;
#6707 = EDGE_CURVE ( 'NONE', #3444, #5712, #472, .T. ) ;
#6708 = FACE_OUTER_BOUND ( 'NONE', #78, .T. ) ;
#6709 = DIRECTION ( 'NONE',  ( 0.0000000000000000000, 0.0000000000000000000, -1.000000000000000000 ) ) ;
#6710 = VECTOR ( 'NONE', #3656, 1000.000000000000000 ) ;
#6711 = SURFACE_STYLE_USAGE ( .BOTH. , #2949 ) ;
#6712 = LINE ( 'NONE', #3709, #5278 ) ;
#6713 = FILL_AREA_STYLE ('',( #2952 ) ) ;
#6714 =( NAMED_UNIT ( * ) SI_UNIT ( $, .STERADIAN. ) SOLID_ANGLE_UNIT ( ) );
#6715 = ORIENTED_EDGE ( 'NONE', *, *, #1206, .T. ) ;
#6716 = EDGE_CURVE ( 'NONE', #4957, #3595, #4765, .T. ) ;
#6717 = ORIENTED_EDGE ( 'NONE', *, *, #2027, .T. ) ;
#6718 = VERTEX_POINT ( 'NONE', #1215 ) ;
#6719 = DIRECTION ( 'NONE',  ( 0.0000000000000000000, 0.0000000000000000000, 1.000000000000000000 ) ) ;
#6720 = CIRCLE ( 'NONE', #874, 1.499999999999996200 ) ;
#6721 = ORIENTED_EDGE ( 'NONE', *, *, #3785, .T. ) ;
#6722 = FILL_AREA_STYLE_COLOUR ( '', #1721 ) ;
#6723 = ORIENTED_EDGE ( 'NONE', *, *, #3418, .T. ) ;
#6724 = ORIENTED_EDGE ( 'NONE', *, *, #3155, .F. ) ;
#6725 = ADVANCED_FACE ( 'NONE', ( #305 ), #3342, .T. ) ;
#6726 = AXIS2_PLACEMENT_3D ( 'NONE', #2869, #4492, #4435 ) ;
#6727 = PRESENTATION_LAYER_ASSIGNMENT (  '', '', ( #5981 ) ) ;
#6728 = DIRECTION ( 'NONE',  ( 0.5270832698930789700, -0.0000000000000000000, 0.8498136422762461200 ) ) ;
#6729 =( LENGTH_UNIT ( ) NAMED_UNIT ( * ) SI_UNIT ( .MILLI., .METRE. ) );
#6730 = CARTESIAN_POINT ( 'NONE',  ( 12.50000000000002700, -2.500000000000000000, 1.500000000000000900 ) ) ;
#6731 = EDGE_CURVE ( 'NONE', #1183, #6775, #1491, .T. ) ;
#6732 = LINE ( 'NONE', #2192, #6899 ) ;
#6733 = MANIFOLD_SOLID_BREP ( 'Бобышка-Вытянуть2', #2140 ) ;
#6734 = CARTESIAN_POINT ( 'NONE',  ( 16.00000000000000000, 1.500000000000000000, -9.999999999999998200 ) ) ;
#6736 = LINE ( 'NONE', #5083, #5306 ) ;
#6735 = SURFACE_STYLE_USAGE ( .BOTH. , #2985 ) ;
#6737 = CARTESIAN_POINT ( 'NONE',  ( 12.50000000000007800, -4.499999999999992900, -3.499999999999997800 ) ) ;
#6738 = LINE ( 'NONE', #1669, #2446 ) ;
#6739 = DIRECTION ( 'NONE',  ( 0.0000000000000000000, 0.0000000000000000000, -1.000000000000000000 ) ) ;
#6740 = EDGE_LOOP ( 'NONE', ( #4820, #5927, #1919, #775 ) ) ;
#6741 = LINE ( 'NONE', #1574, #1026 ) ;
#6742 = ORIENTED_EDGE ( 'NONE', *, *, #6047, .F. ) ;
#6743 =( LENGTH_UNIT ( ) NAMED_UNIT ( * ) SI_UNIT ( .MILLI., .METRE. ) );
#6744 = STYLED_ITEM ( 'NONE', ( #3349 ), #567 ) ;
#6745 = DIRECTION ( 'NONE',  ( 0.0000000000000000000, 0.0000000000000000000, -1.000000000000000000 ) ) ;
#6746 = FACE_OUTER_BOUND ( 'NONE', #6971, .T. ) ;
#6747 = UNCERTAINTY_MEASURE_WITH_UNIT (LENGTH_MEASURE( 1.000000000000000100E-005 ), #5223, 'distance_accuracy_value', 'NONE');
#6748 = DIRECTION ( 'NONE',  ( 3.469446951953614200E-015, 0.0000000000000000000, -1.000000000000000000 ) ) ;
#6749 = PRESENTATION_STYLE_ASSIGNMENT (( #2639 ) ) ;
#6750 = ORIENTED_EDGE ( 'NONE', *, *, #312, .T. ) ;
#6751 = ORIENTED_EDGE ( 'NONE', *, *, #1442, .F. ) ;
#6752 = PRESENTATION_STYLE_ASSIGNMENT (( #5016 ) ) ;
#6753 = DIRECTION ( 'NONE',  ( -0.0000000000000000000, -1.000000000000000000, -0.0000000000000000000 ) ) ;
#6754 = EDGE_CURVE ( 'NONE', #3319, #5431, #971, .T. ) ;
#6755 = CARTESIAN_POINT ( 'NONE',  ( 12.00000000000002800, -4.499999999999992900, 1.000000000000000900 ) ) ;
#6756 = CYLINDRICAL_SURFACE ( 'NONE', #6888, 1.500000000000001300 ) ;
#6757 = LINE ( 'NONE', #478, #4091 ) ;
#6758 = PLANE ( 'NONE',  #691 ) ;
#6759 = EDGE_CURVE ( 'NONE', #5431, #2094, #39, .T. ) ;
#6760 = VERTEX_POINT ( 'NONE', #6045 ) ;
#6761 = ORIENTED_EDGE ( 'NONE', *, *, #2299, .F. ) ;
#6762 = CARTESIAN_POINT ( 'NONE',  ( 12.50000000000005300, -4.499999999999992900, -1.499999999999998200 ) ) ;
#6763 = VECTOR ( 'NONE', #2403, 1000.000000000000000 ) ;
#6764 = FACE_OUTER_BOUND ( 'NONE', #4128, .T. ) ;
#6765 = FILL_AREA_STYLE ('',( #5143 ) ) ;
#6766 = VERTEX_POINT ( 'NONE', #2873 ) ;
#6767 =( NAMED_UNIT ( * ) PLANE_ANGLE_UNIT ( ) SI_UNIT ( $, .RADIAN. ) );
#6768 = CARTESIAN_POINT ( 'NONE',  ( -0.3410933151353004500, 0.05000000000000000300, 4.519193818477629200 ) ) ;
#6769 = MECHANICAL_DESIGN_GEOMETRIC_PRESENTATION_REPRESENTATION (  '', ( #6036 ), #154 ) ;
#6770 = DIRECTION ( 'NONE',  ( 0.0000000000000000000, 1.000000000000000000, 0.0000000000000000000 ) ) ;
#6771 = PRESENTATION_LAYER_ASSIGNMENT (  '', '', ( #6037 ) ) ;
#6772 = CYLINDRICAL_SURFACE ( 'NONE', #2982, 9.800000000000000700 ) ;
#6773 = ORIENTED_EDGE ( 'NONE', *, *, #85, .F. ) ;
#6774 = DIRECTION ( 'NONE',  ( 0.8524342904835906500, 0.0000000000000000000, 0.5228343718690817700 ) ) ;
#6775 = VERTEX_POINT ( 'NONE', #3411 ) ;
#6776 = VECTOR ( 'NONE', #4950, 1000.000000000000000 ) ;
#6777 = EDGE_CURVE ( 'NONE', #1207, #5655, #2905, .T. ) ;
#6778 = DIRECTION ( 'NONE',  ( -0.0000000000000000000, 1.000000000000000000, -0.0000000000000000000 ) ) ;
#6779 = DIRECTION ( 'NONE',  ( 0.0000000000000000000, 0.0000000000000000000, 1.000000000000000000 ) ) ;
#6780 = LINE ( 'NONE', #3537, #2664 ) ;
#6781 = LINE ( 'NONE', #2331, #1749 ) ;
#6782 = EDGE_LOOP ( 'NONE', ( #6486, #1719, #910, #5230 ) ) ;
#6783 = DIRECTION ( 'NONE',  ( -1.000000000000000000, 0.0000000000000000000, -1.734723475976807100E-016 ) ) ;
#6784 =( GEOMETRIC_REPRESENTATION_CONTEXT ( 3 ) GLOBAL_UNCERTAINTY_ASSIGNED_CONTEXT ( ( #6426 ) ) GLOBAL_UNIT_ASSIGNED_CONTEXT ( ( #3982, #744, #1302 ) ) REPRESENTATION_CONTEXT ( 'NONE', 'WORKASPACE' ) );
#6785 = EDGE_CURVE ( 'NONE', #1305, #4735, #803, .T. ) ;
#6786 = VECTOR ( 'NONE', #4226, 1000.000000000000000 ) ;
#6787 = EDGE_CURVE ( 'NONE', #5253, #721, #4928, .T. ) ;
#6788 = DIRECTION ( 'NONE',  ( -0.0000000000000000000, 1.000000000000000000, -0.0000000000000000000 ) ) ;
#6789 = ORIENTED_EDGE ( 'NONE', *, *, #895, .T. ) ;
#6790 = DIRECTION ( 'NONE',  ( -0.0000000000000000000, -0.0000000000000000000, 1.000000000000000000 ) ) ;
#6791 = PRESENTATION_STYLE_ASSIGNMENT (( #3221 ) ) ;
#6792 = AXIS2_PLACEMENT_3D ( 'NONE', #1111, #4870, #1652 ) ;
#6793 = CARTESIAN_POINT ( 'NONE',  ( 12.00000000000008000, -4.499999999999992900, -3.999999999999998200 ) ) ;
#6794 = DIRECTION ( 'NONE',  ( 0.0000000000000000000, 0.0000000000000000000, 1.000000000000000000 ) ) ;
#6795 = ORIENTED_EDGE ( 'NONE', *, *, #3418, .F. ) ;
#6796 = PRESENTATION_STYLE_ASSIGNMENT (( #3066 ) ) ;
#6797 = ORIENTED_EDGE ( 'NONE', *, *, #6925, .F. ) ;
#6798 =( NAMED_UNIT ( * ) SI_UNIT ( $, .STERADIAN. ) SOLID_ANGLE_UNIT ( ) );
#6799 = ORIENTED_EDGE ( 'NONE', *, *, #4688, .T. ) ;
#6800 = EDGE_LOOP ( 'NONE', ( #6880, #6935, #3090, #3003, #3132 ) ) ;
#6801 = CARTESIAN_POINT ( 'NONE',  ( 13.25000000000001400, -5.750000000000001800, 4.000000000000000000 ) ) ;
#6802 = SURFACE_STYLE_USAGE ( .BOTH. , #3042 ) ;
#6803 = ORIENTED_EDGE ( 'NONE', *, *, #4938, .T. ) ;
#6804 = ADVANCED_FACE ( 'NONE', ( #635 ), #6094, .F. ) ;
#6805 = CIRCLE ( 'NONE', #5767, 9.300000000000000700 ) ;
#6806 = CARTESIAN_POINT ( 'NONE',  ( -3.800000000000002900, 1.500000000000000000, -9.800000000000000700 ) ) ;
#6807 =( LENGTH_UNIT ( ) NAMED_UNIT ( * ) SI_UNIT ( .MILLI., .METRE. ) );
#6808 =( GEOMETRIC_REPRESENTATION_CONTEXT ( 3 ) GLOBAL_UNCERTAINTY_ASSIGNED_CONTEXT ( ( #6288 ) ) GLOBAL_UNIT_ASSIGNED_CONTEXT ( ( #5256, #2029, #5788 ) ) REPRESENTATION_CONTEXT ( 'NONE', 'WORKASPACE' ) );
#6809 =( NAMED_UNIT ( * ) SI_UNIT ( $, .STERADIAN. ) SOLID_ANGLE_UNIT ( ) );
#6810 = STYLED_ITEM ( 'NONE', ( #6962 ), #6105 ) ;
#6811 = VECTOR ( 'NONE', #2821, 1000.000000000000000 ) ;
#6812 = CARTESIAN_POINT ( 'NONE',  ( -2.705661583331457500, 0.05000000000000000300, -2.833691923126678600 ) ) ;
#6813 = DIRECTION ( 'NONE',  ( -0.0000000000000000000, -0.0000000000000000000, 1.000000000000000000 ) ) ;
#6814 = CARTESIAN_POINT ( 'NONE',  ( 13.50000000000000000, -2.500000000000000000, 4.999999999999999100 ) ) ;
#6815 = PLANE ( 'NONE',  #2089 ) ;
#6816 = CARTESIAN_POINT ( 'NONE',  ( 12.00000000000002800, -4.499999999999992900, 1.000000000000000900 ) ) ;
#6817 = UNCERTAINTY_MEASURE_WITH_UNIT (LENGTH_MEASURE( 1.000000000000000100E-005 ), #1704, 'distance_accuracy_value', 'NONE');
#6818 = FILL_AREA_STYLE ('',( #387 ) ) ;
#6819 = AXIS2_PLACEMENT_3D ( 'NONE', #221, #3999, #758 ) ;
#6820 = COLOUR_RGB ( '',0.007843137254901960700, 0.2392156862745097900, 0.8235294117647058400 ) ;
#6821 = ORIENTED_EDGE ( 'NONE', *, *, #6134, .T. ) ;
#6822 = FILL_AREA_STYLE ('',( #5751 ) ) ;
#6823 = LINE ( 'NONE', #2060, #2535 ) ;
#6824 =( LENGTH_UNIT ( ) NAMED_UNIT ( * ) SI_UNIT ( .MILLI., .METRE. ) );
#6825 = SURFACE_STYLE_FILL_AREA ( #4160 ) ;
#6826 = ORIENTED_EDGE ( 'NONE', *, *, #6982, .F. ) ;
#6827 = VERTEX_POINT ( 'NONE', #2875 ) ;
#6828 =( LENGTH_UNIT ( ) NAMED_UNIT ( * ) SI_UNIT ( .MILLI., .METRE. ) );
#6829 = EDGE_CURVE ( 'NONE', #2426, #4865, #3489, .T. ) ;
#6830 =( LENGTH_UNIT ( ) NAMED_UNIT ( * ) SI_UNIT ( .MILLI., .METRE. ) );
#6831 = DIRECTION ( 'NONE',  ( -1.000000000000000000, 0.0000000000000000000, 0.0000000000000000000 ) ) ;
#6832 = DIRECTION ( 'NONE',  ( 1.000000000000000000, 0.0000000000000000000, 0.0000000000000000000 ) ) ;
#6833 = ORIENTED_EDGE ( 'NONE', *, *, #4984, .F. ) ;
#6834 = VECTOR ( 'NONE', #4444, 1000.000000000000000 ) ;
#6835 = PRESENTATION_STYLE_ASSIGNMENT (( #3260 ) ) ;
#6836 = SURFACE_STYLE_FILL_AREA ( #4623 ) ;
#6837 =( NAMED_UNIT ( * ) SI_UNIT ( $, .STERADIAN. ) SOLID_ANGLE_UNIT ( ) );
#6838 = ADVANCED_FACE ( 'NONE', ( #4759 ), #3975, .F. ) ;
#6839 = DIRECTION ( 'NONE',  ( 0.0000000000000000000, -0.0000000000000000000, -1.000000000000000000 ) ) ;
#6840 = SURFACE_SIDE_STYLE ('',( #6674 ) ) ;
#6841 = VECTOR ( 'NONE', #6119, 1000.000000000000000 ) ;
#6842 = VECTOR ( 'NONE', #4124, 1000.000000000000000 ) ;
#6843 = EDGE_CURVE ( 'NONE', #3140, #5725, #2823, .T. ) ;
#6844 = LINE ( 'NONE', #5778, #5411 ) ;
#6845 = LINE ( 'NONE', #4968, #4011 ) ;
#6846 =( NAMED_UNIT ( * ) SI_UNIT ( $, .STERADIAN. ) SOLID_ANGLE_UNIT ( ) );
#6847 = ORIENTED_EDGE ( 'NONE', *, *, #1807, .F. ) ;
#6848 = ORIENTED_EDGE ( 'NONE', *, *, #6112, .T. ) ;
#6849 = EDGE_LOOP ( 'NONE', ( #4831, #6773, #3641, #6272 ) ) ;
#6850 = PLANE ( 'NONE',  #5483 ) ;
#6851 = STYLED_ITEM ( 'NONE', ( #5209 ), #234 ) ;
#6852 = AXIS2_PLACEMENT_3D ( 'NONE', #5958, #1656, #4874 ) ;
#6853 = STYLED_ITEM ( 'NONE', ( #195 ), #3471 ) ;
#6854 = ADVANCED_FACE ( 'NONE', ( #1407 ), #215, .F. ) ;
#6855 = LINE ( 'NONE', #5215, #2739 ) ;
#6856 = LINE ( 'NONE', #2756, #1150 ) ;
#6857 =( LENGTH_UNIT ( ) NAMED_UNIT ( * ) SI_UNIT ( .MILLI., .METRE. ) );
#6858 = CARTESIAN_POINT ( 'NONE',  ( -3.800000000000001600, 6.000000000000000000, 9.300000000000000700 ) ) ;
#6859 = CARTESIAN_POINT ( 'NONE',  ( -2.995557381772651100, 0.05000000000000000300, -4.767752686762338300 ) ) ;
#6860 = ORIENTED_EDGE ( 'NONE', *, *, #6424, .F. ) ;
#6861 =( NAMED_UNIT ( * ) SI_UNIT ( $, .STERADIAN. ) SOLID_ANGLE_UNIT ( ) );
#6862 = SURFACE_STYLE_FILL_AREA ( #3758 ) ;
#6863 = STYLED_ITEM ( 'NONE', ( #6941 ), #6854 ) ;
#6864 = EDGE_CURVE ( 'NONE', #4339, #6459, #883, .T. ) ;
#6865 = ORIENTED_EDGE ( 'NONE', *, *, #3187, .F. ) ;
#6866 = PLANE ( 'NONE',  #6349 ) ;
#6867 = CARTESIAN_POINT ( 'NONE',  ( 12.00000000000000200, -4.499999999999992900, 3.500000000000000000 ) ) ;
#6868 = ADVANCED_FACE ( 'NONE', ( #2317 ), #2943, .F. ) ;
#6869 = DIRECTION ( 'NONE',  ( -3.469446951953611000E-015, -0.0000000000000000000, 1.000000000000000000 ) ) ;
#6870 = COLOUR_RGB ( '',0.8980392156862745400, 0.8980392156862745400, 0.8980392156862745400 ) ;
#6871 = LINE ( 'NONE', #762, #2580 ) ;
#6872 = DIRECTION ( 'NONE',  ( 0.0000000000000000000, 0.0000000000000000000, 1.000000000000000000 ) ) ;
#6873 = VECTOR ( 'NONE', #5247, 1000.000000000000100 ) ;
#6874 = CARTESIAN_POINT ( 'NONE',  ( -13.49999999999999800, 1.500000000000000000, 9.000000000000003600 ) ) ;
#6875 = LINE ( 'NONE', #4270, #1171 ) ;
#6876 = AXIS2_PLACEMENT_3D ( 'NONE', #1746, #2278, #6024 ) ;
#6877 = ADVANCED_FACE ( 'NONE', ( #476 ), #754, .F. ) ;
#6878 = DIRECTION ( 'NONE',  ( 0.8494962282757253500, -0.0000000000000000000, 0.5275946911648339300 ) ) ;
#6879 = MECHANICAL_DESIGN_GEOMETRIC_PRESENTATION_REPRESENTATION (  '', ( #5795 ), #266 ) ;
#6880 = ORIENTED_EDGE ( 'NONE', *, *, #6160, .T. ) ;
#6881 = CLOSED_SHELL ( 'NONE', ( #2605, #4248, #4419, #5910, #5191, #642 ) ) ;
#6882 = ORIENTED_EDGE ( 'NONE', *, *, #134, .T. ) ;
#6883 = VERTEX_POINT ( 'NONE', #824 ) ;
#6884 = LINE ( 'NONE', #4409, #2420 ) ;
#6885 = FILL_AREA_STYLE ('',( #5237 ) ) ;
#6886 = DIRECTION ( 'NONE',  ( 0.0000000000000000000, 0.0000000000000000000, -1.000000000000000000 ) ) ;
#6887 = ORIENTED_EDGE ( 'NONE', *, *, #4916, .F. ) ;
#6888 = AXIS2_PLACEMENT_3D ( 'NONE', #6188, #2956, #1925 ) ;
#6889 = ORIENTED_EDGE ( 'NONE', *, *, #3490, .F. ) ;
#6890 = ORIENTED_EDGE ( 'NONE', *, *, #3522, .F. ) ;
#6891 = LINE ( 'NONE', #947, #4050 ) ;
#6892 = ADVANCED_FACE ( 'NONE', ( #1740 ), #6772, .T. ) ;
#6893 = EDGE_CURVE ( 'NONE', #6097, #3757, #5512, .T. ) ;
#6894 = AXIS2_PLACEMENT_3D ( 'NONE', #3015, #6770, #3558 ) ;
#6895 = MECHANICAL_DESIGN_GEOMETRIC_PRESENTATION_REPRESENTATION (  '', ( #5809 ), #282 ) ;
#6896 = DIRECTION ( 'NONE',  ( 1.000000000000000000, -0.0000000000000000000, -0.0000000000000000000 ) ) ;
#6897 = SURFACE_STYLE_USAGE ( .BOTH. , #3139 ) ;
#6898 = ADVANCED_FACE ( 'NONE', ( #3936 ), #841, .F. ) ;
#6899 = VECTOR ( 'NONE', #5950, 1000.000000000000100 ) ;
#6900 = MECHANICAL_DESIGN_GEOMETRIC_PRESENTATION_REPRESENTATION (  '', ( #5820 ), #294 ) ;
#6901 = CARTESIAN_POINT ( 'NONE',  ( 12.00000000000002800, 3.500000000000000000, 1.000000000000000900 ) ) ;
#6902 = DIRECTION ( 'NONE',  ( 1.000000000000000000, 0.0000000000000000000, 0.0000000000000000000 ) ) ;
#6903 = STYLED_ITEM ( 'NONE', ( #2745 ), #6409 ) ;
#6904 = PRESENTATION_STYLE_ASSIGNMENT (( #2229 ) ) ;
#6905 = LINE ( 'NONE', #3480, #2616 ) ;
#6906 = DIRECTION ( 'NONE',  ( 0.0000000000000000000, -0.0000000000000000000, -1.000000000000000000 ) ) ;
#6907 = VECTOR ( 'NONE', #6467, 1000.000000000000000 ) ;
#6908 = UNCERTAINTY_MEASURE_WITH_UNIT (LENGTH_MEASURE( 1.000000000000000100E-005 ), #6634, 'distance_accuracy_value', 'NONE');
#6909 = CARTESIAN_POINT ( 'NONE',  ( -6.970229851527613500, 0.0000000000000000000, 4.825265866064569300 ) ) ;
#6910 = ADVANCED_FACE ( 'NONE', ( #5348 ), #551, .T. ) ;
#6911 = EDGE_CURVE ( 'NONE', #4155, #5703, #6249, .T. ) ;
#6912 = ORIENTED_EDGE ( 'NONE', *, *, #3976, .T. ) ;
#6913 = ORIENTED_EDGE ( 'NONE', *, *, #4153, .F. ) ;
#6914 = DIRECTION ( 'NONE',  ( 0.0000000000000000000, 1.000000000000000000, 0.0000000000000000000 ) ) ;
#6915 = CARTESIAN_POINT ( 'NONE',  ( 12.00000000000008000, -4.499999999999992900, -3.999999999999998200 ) ) ;
#6916 = FACE_OUTER_BOUND ( 'NONE', #3964, .T. ) ;
#6917 = CYLINDRICAL_SURFACE ( 'NONE', #2186, 0.7499999999999226200 ) ;
#6918 = DIRECTION ( 'NONE',  ( -1.000000000000000000, 0.0000000000000000000, 0.0000000000000000000 ) ) ;
#6919 = VECTOR ( 'NONE', #4135, 1000.000000000000000 ) ;
#6920 = STYLED_ITEM ( 'NONE', ( #3150 ), #5283 ) ;
#6921 = FACE_OUTER_BOUND ( 'NONE', #6596, .T. ) ;
#6922 = ORIENTED_EDGE ( 'NONE', *, *, #643, .F. ) ;
#6923 = LINE ( 'NONE', #6554, #5488 ) ;
#6924 = CARTESIAN_POINT ( 'NONE',  ( -3.380661583331455900, 0.05000000000000000300, 7.051637962466203100 ) ) ;
#6925 = EDGE_CURVE ( 'NONE', #4534, #539, #4843, .T. ) ;
#6926 = UNCERTAINTY_MEASURE_WITH_UNIT (LENGTH_MEASURE( 1.000000000000000100E-005 ), #541, 'distance_accuracy_value', 'NONE');
#6927 = EDGE_CURVE ( 'NONE', #143, #3351, #1985, .T. ) ;
#6928 = DIRECTION ( 'NONE',  ( -0.0000000000000000000, -1.000000000000000000, -0.0000000000000000000 ) ) ;
#6929 = VERTEX_POINT ( 'NONE', #3008 ) ;
#6930 = STYLED_ITEM ( 'NONE', ( #821 ), #2016 ) ;
#6931 = VECTOR ( 'NONE', #2587, 1000.000000000000000 ) ;
#6932 = CARTESIAN_POINT ( 'NONE',  ( -3.800000000000002900, 6.500000000000000900, 0.0000000000000000000 ) ) ;
#6933 = ORIENTED_EDGE ( 'NONE', *, *, #140, .T. ) ;
#6934 = CARTESIAN_POINT ( 'NONE',  ( 0.2089066848647014300, 0.05000000000000000300, 0.8403352088708592200 ) ) ;
#6935 = ORIENTED_EDGE ( 'NONE', *, *, #4809, .T. ) ;
#6936 = CARTESIAN_POINT ( 'NONE',  ( 12.00000000000007800, -4.499999999999992900, -3.499999999999997800 ) ) ;
#6937 = CARTESIAN_POINT ( 'NONE',  ( -6.420229851527615500, 0.05000000000000000300, -1.365134884645989000 ) ) ;
#6938 = VECTOR ( 'NONE', #4028, 1000.000000000000000 ) ;
#6939 = CARTESIAN_POINT ( 'NONE',  ( -0.7524089893314011000, 0.05000000000000000300, -6.159029468782984300 ) ) ;
#6940 = LINE ( 'NONE', #4139, #4836 ) ;
#6941 = PRESENTATION_STYLE_ASSIGNMENT (( #2919 ) ) ;
#6942 = CARTESIAN_POINT ( 'NONE',  ( 13.25000000000001400, -5.749999999999923600, -3.499999999999997800 ) ) ;
#6943 = CARTESIAN_POINT ( 'NONE',  ( 12.50000000000000000, -2.500000000000000000, 3.500000000000000000 ) ) ;
#6944 = DIRECTION ( 'NONE',  ( -3.154042683594203900E-015, 0.0000000000000000000, -1.000000000000000000 ) ) ;
#6945 = ORIENTED_EDGE ( 'NONE', *, *, #3051, .F. ) ;
#6946 =( NAMED_UNIT ( * ) SI_UNIT ( $, .STERADIAN. ) SOLID_ANGLE_UNIT ( ) );
#6947 = DIRECTION ( 'NONE',  ( 0.0000000000000000000, 0.0000000000000000000, 1.000000000000000000 ) ) ;
#6948 = SURFACE_SIDE_STYLE ('',( #3594 ) ) ;
#6949 = VERTEX_POINT ( 'NONE', #3577 ) ;
#6950 = ORIENTED_EDGE ( 'NONE', *, *, #1934, .T. ) ;
#6951 = LINE ( 'NONE', #501, #1419 ) ;
#6952 = LINE ( 'NONE', #100, #6613 ) ;
#6953 = ADVANCED_FACE ( 'NONE', ( #5916 ), #5196, .F. ) ;
#6954 = AXIS2_PLACEMENT_3D ( 'NONE', #1789, #5019, #4474 ) ;
#6955 =( GEOMETRIC_REPRESENTATION_CONTEXT ( 3 ) GLOBAL_UNCERTAINTY_ASSIGNED_CONTEXT ( ( #6957 ) ) GLOBAL_UNIT_ASSIGNED_CONTEXT ( ( #6743, #3531, #314 ) ) REPRESENTATION_CONTEXT ( 'NONE', 'WORKASPACE' ) );
#6956 = STYLED_ITEM ( 'NONE', ( #370 ), #5910 ) ;
#6957 = UNCERTAINTY_MEASURE_WITH_UNIT (LENGTH_MEASURE( 1.000000000000000100E-005 ), #6743, 'distance_accuracy_value', 'NONE');
#6958 = DIRECTION ( 'NONE',  ( 0.8498136422762456700, 0.0000000000000000000, 0.5270832698930796300 ) ) ;
#6959 = SURFACE_SIDE_STYLE ('',( #5067 ) ) ;
#6960 = ORIENTED_EDGE ( 'NONE', *, *, #2018, .F. ) ;
#6961 = CARTESIAN_POINT ( 'NONE',  ( -3.580661583331458300, 0.05000000000000000300, 2.929732241150968100 ) ) ;
#6962 = PRESENTATION_STYLE_ASSIGNMENT (( #6897 ) ) ;
#6963 = EDGE_CURVE ( 'NONE', #226, #585, #6855, .T. ) ;
#6964 = FILL_AREA_STYLE ('',( #5873 ) ) ;
#6965 = ORIENTED_EDGE ( 'NONE', *, *, #5479, .F. ) ;
#6966 = CARTESIAN_POINT ( 'NONE',  ( -3.800000000000002900, 6.896994759475080400, 0.0000000000000000000 ) ) ;
#6967 =( NAMED_UNIT ( * ) PLANE_ANGLE_UNIT ( ) SI_UNIT ( $, .RADIAN. ) );
#6968 = SURFACE_STYLE_FILL_AREA ( #3776 ) ;
#6969 = VERTEX_POINT ( 'NONE', #2530 ) ;
#6970 = DIRECTION ( 'NONE',  ( 1.392757777031960500E-014, -1.000000000000000000, -0.0000000000000000000 ) ) ;
#6971 = EDGE_LOOP ( 'NONE', ( #5445, #2262, #1812, #2265 ) ) ;
#6972 = UNCERTAINTY_MEASURE_WITH_UNIT (LENGTH_MEASURE( 1.000000000000000100E-005 ), #4110, 'distance_accuracy_value', 'NONE');
#6973 = VECTOR ( 'NONE', #4674, 1000.000000000000000 ) ;
#6974 = EDGE_LOOP ( 'NONE', ( #3733, #347, #6329, #1742 ) ) ;
#6975 = EDGE_CURVE ( 'NONE', #2049, #380, #2568, .T. ) ;
#6976 = ORIENTED_EDGE ( 'NONE', *, *, #5651, .T. ) ;
#6977 = ORIENTED_EDGE ( 'NONE', *, *, #6179, .T. ) ;
#6978 = VECTOR ( 'NONE', #2274, 1000.000000000000000 ) ;
#6979 = PLANE ( 'NONE',  #862 ) ;
#6980 = PRESENTATION_LAYER_ASSIGNMENT (  '', '', ( #6622 ) ) ;
#6981 = SURFACE_SIDE_STYLE ('',( #6509 ) ) ;
#6982 = EDGE_CURVE ( 'NONE', #6949, #334, #4016, .T. ) ;
#6983 = ADVANCED_FACE ( 'NONE', ( #3841 ), #931, .F. ) ;
#6984 = CARTESIAN_POINT ( 'NONE',  ( 13.50000000000000000, 0.0000000000000000000, 4.999999999999999100 ) ) ;
#6985 = SURFACE_SIDE_STYLE ('',( #6968 ) ) ;
#6986 = SURFACE_SIDE_STYLE ('',( #3587 ) ) ;
#6987 = LINE ( 'NONE', #4967, #1449 ) ;
#6988 = DIRECTION ( 'NONE',  ( 3.469446951953611000E-015, 0.0000000000000000000, -1.000000000000000000 ) ) ;
#6989 = ORIENTED_EDGE ( 'NONE', *, *, #3359, .F. ) ;
#6990 = STYLED_ITEM ( 'NONE', ( #5622 ), #32 ) ;
#6991 = AXIS2_PLACEMENT_3D ( 'NONE', #6038, #2838, #6597 ) ;
#6992 = MECHANICAL_DESIGN_GEOMETRIC_PRESENTATION_REPRESENTATION (  '', ( #6250 ), #374 ) ;
ENDSEC;
END-ISO-10303-21;
